# Blender 4.4.3
# www.blender.org
mtllib hold.mtl
o Cube
v 12.088550 22.309923 -26.322147
v 12.088550 0.003437 -26.322147
v 12.088550 22.309923 26.322147
v 12.088550 0.003437 26.322147
v -12.088550 22.309923 -26.322147
v -12.088550 0.003437 -26.322147
v -12.088550 22.309923 26.322147
v -12.088550 0.003437 26.322147
v 0.000000 0.003437 -26.322147
v 0.000000 22.309923 26.322147
v 0.000000 0.003437 26.322147
v 0.000000 22.309923 -26.322147
v -6.044275 0.003437 -26.322147
v -6.044275 22.309923 26.322147
v -6.044275 0.003437 26.322147
v -6.044275 22.309923 -26.322147
v 6.044275 0.003437 26.322147
v 6.044275 22.309923 -26.322147
v 6.044275 0.003437 -26.322147
v 6.044275 22.309923 26.322147
v 12.088550 11.156680 -26.322147
v -12.088550 11.156680 26.322147
v 12.088550 11.156680 26.322147
v -12.088550 11.156680 -26.322147
v 0.000000 11.156680 -26.322147
v 0.000000 11.156680 26.322147
v -6.044275 11.156680 -26.322147
v -6.044275 11.156680 26.322147
v 6.044275 11.156680 26.322147
v 6.044275 11.156680 -26.322147
v -12.088550 16.733301 26.322147
v 12.088550 16.733301 -26.322147
v 12.088550 16.733301 26.322147
v -12.088550 16.733301 -26.322147
v 0.000000 16.733301 -26.322147
v 0.000000 16.733301 26.322147
v -6.044275 16.733301 -26.322147
v -6.044275 16.733301 26.322147
v 6.044275 16.733301 26.322147
v 6.044275 16.733301 -26.322147
v 12.088550 5.580059 -26.322147
v 12.088550 5.580059 26.322147
v -12.088550 5.580059 -26.322147
v -6.044275 5.580059 -26.322147
v -6.044275 5.580059 26.322147
v 6.044275 5.580059 26.322147
v 6.044275 5.580059 -26.322147
v -12.088550 5.580059 26.322147
v 3.022137 0.003437 -26.322147
v 3.022137 22.309923 26.322147
v 3.022137 0.003437 26.322147
v 3.022137 22.309923 -26.322147
v 3.022137 11.156680 -26.322147
v 3.022137 11.156680 26.322147
v 3.022137 16.733301 -26.322147
v 3.022137 16.733301 26.322147
v 3.022137 5.580059 26.322147
v 3.022137 5.580059 -26.322147
v -3.022137 0.003437 26.322147
v -3.022137 22.309923 -26.322147
v -3.022137 0.003437 -26.322147
v -3.022137 22.309923 26.322147
v -3.022137 11.156680 26.322147
v -3.022137 11.156680 -26.322147
v -3.022137 16.733301 26.322147
v -3.022137 16.733301 -26.322147
v -3.022137 5.580059 -26.322147
v -3.022137 5.580059 26.322147
v 0.000000 17.400223 -70.446693
v 0.000000 28.553467 -70.446693
v 3.022137 17.400223 -70.446693
v 3.022137 28.553467 -70.446693
v 3.022137 22.976845 -70.446693
v -3.022137 17.400223 -70.446693
v -3.022137 28.553467 -70.446693
v -3.022137 22.976845 -70.446693
v 0.000000 17.400223 -82.955009
v 0.000000 28.553467 -82.955009
v 3.022137 17.400223 -82.955009
v 3.022137 28.553467 -82.955009
v 3.022137 22.976845 -82.955009
v -3.022137 17.400223 -82.955009
v -3.022137 28.553467 -82.955009
v -3.022137 22.976845 -82.955009
v 0.000000 17.400223 -89.763618
v 0.000000 28.553467 -89.763618
v 3.022137 17.400223 -89.763618
v 3.022137 28.553467 -89.763618
v 3.022137 22.976845 -89.763618
v -3.022137 17.400223 -89.763618
v -3.022137 28.553467 -89.763618
v -11.711127 17.400223 -89.763618
v -11.711127 28.553467 -89.763618
v -11.711127 22.976845 -89.763618
v -12.121515 17.400223 -82.955009
v -12.121515 28.553467 -82.955009
v -12.121515 22.976845 -82.955009
v -12.121515 17.400223 -89.763618
v -12.121515 28.553467 -89.763618
v -18.657820 17.400223 -89.763618
v -18.657820 28.553467 -89.763618
v -18.657820 22.976845 -89.763618
v -19.068207 17.400223 -82.955009
v -19.068207 28.553467 -82.955009
v -19.068207 17.400223 -89.763618
v -19.068207 28.553467 -89.763618
v -18.657820 17.400223 -83.213181
v -18.657820 28.553467 -83.213181
v -18.657820 22.976845 -83.213181
v -12.121515 45.311493 -30.918119
v -12.121515 56.464737 -30.918119
v -12.121515 50.888115 -30.918119
v -19.068207 45.311493 -30.918119
v -19.068207 56.464737 -30.918119
v -18.657820 45.311493 -31.176296
v -18.657820 56.464737 -31.176296
v -18.657820 50.888115 -31.176296
v 0.000000 0.003437 62.201691
v 0.000000 11.156680 62.201691
v 3.022137 0.003437 62.201691
v 3.022137 11.156680 62.201691
v 3.022137 5.580059 62.201691
v -3.022137 0.003437 62.201691
v -3.022137 11.156680 62.201691
v -3.022137 5.580059 62.201691
v 0.000000 -13.277379 84.542862
v 0.000000 -2.124137 84.542862
v 3.022137 -13.277379 84.542862
v 3.022137 -2.124137 84.542862
v 3.022137 -7.700759 84.542862
v -3.022137 -13.277379 84.542862
v -3.022137 -2.124137 84.542862
v -3.022137 -7.700759 84.542862
v -12.088550 0.003437 0.000000
v 12.088550 22.309923 0.000000
v -12.088550 22.309923 0.000000
v 12.088550 0.003437 0.000000
v 0.000000 0.003437 0.000000
v 0.000000 22.309923 0.000000
v -6.044275 0.003437 0.000000
v -6.044275 22.309923 0.000000
v 6.044275 22.309923 0.000000
v 6.044275 0.003437 0.000000
v -12.088550 11.156680 0.000000
v 12.088550 16.733301 0.000000
v -12.088550 16.733301 0.000000
v -12.088550 5.580059 0.000000
v 3.022137 0.003437 0.000000
v 3.022137 22.309923 0.000000
v -3.022137 22.309923 0.000000
v -3.022137 0.003437 0.000000
v -12.088550 22.309923 -13.161074
v 12.088550 0.003437 -13.161074
v 21.193323 0.003437 26.322147
v -12.088550 16.733301 -13.161074
v 21.193323 5.580059 26.322147
v -12.088550 0.003437 -13.161074
v 12.088550 22.309923 -13.161074
v 0.000000 0.003437 -13.161074
v 0.000000 22.309923 -13.161074
v -6.044275 0.003437 -13.161074
v -6.044275 22.309923 -13.161074
v 6.044275 22.309923 -13.161074
v 6.044275 0.003437 -13.161074
v 12.088550 11.156680 -13.161074
v 12.088550 16.733301 -13.161074
v 12.088550 5.580059 -13.161074
v 3.022137 0.003437 -13.161074
v 3.022137 22.309923 -13.161074
v -3.022137 22.309923 -13.161074
v -3.022137 0.003437 -13.161074
v -12.088550 0.003437 -6.580537
v 12.088550 22.309923 -6.580537
v 0.000000 0.003437 -6.580537
v 0.000000 22.309923 -6.580537
v -6.044275 0.003437 -6.580537
v -6.044275 22.309923 -6.580537
v 6.044275 22.309923 -6.580537
v 6.044275 0.003437 -6.580537
v 12.088550 11.156680 -6.580537
v 12.088550 16.733301 -6.580537
v 12.088550 5.580059 -6.580537
v 3.022137 0.003437 -6.580537
v 3.022137 22.309923 -6.580537
v -3.022137 22.309923 -6.580537
v -3.022137 0.003437 -6.580537
v -12.088550 22.309923 -6.580537
v 12.088550 0.003437 -6.580537
v -12.088550 11.156680 -6.580537
v -12.088550 16.733301 -6.580537
v -12.088550 5.580059 -6.580537
v -12.088550 22.309923 -19.741611
v 12.088550 0.003437 -19.741611
v -12.088550 11.156680 -19.741611
v -12.088550 16.733301 -19.741611
v -12.088550 5.580059 -19.741611
v -12.088550 0.003437 -19.741611
v 12.088550 22.309923 -19.741611
v 0.000000 0.003437 -19.741611
v 0.000000 22.309923 -19.741611
v -6.044275 0.003437 -19.741611
v -6.044275 22.309923 -19.741611
v 6.044275 22.309923 -19.741611
v 6.044275 0.003437 -19.741611
v 12.088550 16.733301 -19.741611
v 3.022137 0.003437 -19.741611
v 3.022137 22.309923 -19.741611
v -3.022137 22.309923 -19.741611
v -3.022137 0.003437 -19.741611
v -12.088550 0.003437 13.161074
v 12.088550 22.309923 13.161074
v 0.000000 0.003437 13.161074
v 0.000000 22.309923 13.161074
v -6.044275 0.003437 13.161074
v -6.044275 22.309923 13.161074
v 6.044275 22.309923 13.161074
v 6.044275 0.003437 13.161074
v 12.088550 11.156680 13.161074
v 12.088550 16.733301 13.161074
v 12.088550 5.580059 13.161074
v 3.022137 0.003437 13.161074
v 3.022137 22.309923 13.161074
v -3.022137 22.309923 13.161074
v -3.022137 0.003437 13.161074
v -12.088550 22.309923 13.161074
v 12.088550 0.003437 13.161074
v -12.088550 11.156680 13.161074
v -12.088550 16.733301 13.161074
v -12.088550 5.580059 13.161074
v -12.088550 0.003437 19.741611
v 12.088550 22.309923 19.741611
v 0.000000 0.003437 19.741611
v 0.000000 22.309923 19.741611
v -6.044275 0.003437 19.741611
v -6.044275 22.309923 19.741611
v 6.044275 22.309923 19.741611
v 6.044275 0.003437 19.741611
v 12.088550 16.733301 19.741611
v 3.022137 0.003437 19.741611
v 3.022137 22.309923 19.741611
v -3.022137 22.309923 19.741611
v -3.022137 0.003437 19.741611
v -12.088550 22.309923 19.741611
v 12.088550 0.003437 19.741611
v -12.088550 11.156680 19.741611
v -12.088550 16.733301 19.741611
v -12.088550 5.580059 19.741611
v -12.088550 22.309923 6.580537
v 12.088550 0.003437 6.580537
v 21.193323 0.003437 -26.322147
v -12.088550 16.733301 6.580537
v 21.193323 5.580059 -26.322147
v -12.088550 0.003437 6.580537
v 12.088550 22.309923 6.580537
v 0.000000 0.003437 6.580537
v 0.000000 22.309923 6.580537
v -6.044275 0.003437 6.580537
v -6.044275 22.309923 6.580537
v 6.044275 22.309923 6.580537
v 6.044275 0.003437 6.580537
v 12.088550 11.156680 6.580537
v 12.088550 16.733301 6.580537
v 12.088550 5.580059 6.580537
v 3.022137 0.003437 6.580537
v 3.022137 22.309923 6.580537
v -3.022137 22.309923 6.580537
v -3.022137 0.003437 6.580537
v -22.663273 11.156680 6.580537
v -22.663273 11.156680 0.000000
v -22.663273 16.733301 6.580537
v -22.663273 16.733301 0.000000
v -22.663273 5.580059 6.580537
v -22.663273 5.580059 0.000000
v -22.663273 0.003437 0.000000
v -22.663273 11.156680 -6.580537
v -22.663273 11.156680 -13.161074
v -22.663273 16.733301 -6.580537
v -22.663273 16.733301 -13.161074
v -22.663273 5.580059 -6.580537
v -22.663273 5.580059 -13.161074
v -22.663273 0.003437 -19.741611
v -22.663273 0.003437 -13.161074
v -22.663273 0.003437 -6.580537
v -22.663273 11.156680 -19.741611
v -22.663273 16.733301 -19.741611
v -22.663273 5.580059 -19.741611
v -22.663273 0.003437 6.580537
v -22.663273 0.003437 13.161074
v -22.663273 11.156680 13.161074
v -22.663273 5.580059 13.161074
v -22.663273 16.733301 13.161074
v 21.193323 0.003437 -19.741611
v 21.193323 16.733301 -26.322147
v 21.193323 11.156680 -26.322147
v 21.193323 16.733301 26.322147
v 21.193323 11.156680 26.322147
v 21.193323 11.156680 19.741611
v 21.193323 16.733301 19.741611
v 21.193323 5.580059 19.741611
v 21.193323 0.003437 6.580537
v 21.193323 0.003437 0.000000
v 21.193323 11.156680 -6.580537
v 21.193323 11.156680 0.000000
v 21.193323 16.733301 -6.580537
v 21.193323 16.733301 0.000000
v 21.193323 5.580059 -6.580537
v 21.193323 5.580059 0.000000
v 21.193323 11.156680 -19.741611
v 21.193323 11.156680 -13.161074
v 21.193323 16.733301 -19.741611
v 21.193323 16.733301 -13.161074
v 21.193323 5.580059 -19.741611
v 21.193323 5.580059 -13.161074
v 21.193323 0.003437 -13.161074
v 21.193323 0.003437 -6.580537
v 21.193323 0.003437 19.741611
v 21.193323 0.003437 13.161074
v 21.193323 5.580059 13.161074
v 21.193323 16.733301 13.161074
v 21.193323 11.156680 13.161074
v 21.193323 11.156680 6.580537
v 21.193323 16.733301 6.580537
v 21.193323 5.580059 6.580537
v 9.066412 0.003437 26.322147
v 9.066412 22.309923 -26.322147
v 9.066412 0.003437 -26.322147
v 9.066412 22.309923 26.322147
v 9.066412 11.156680 26.322147
v 9.066412 11.156680 -26.322147
v 9.066412 16.733301 26.322147
v 9.066412 16.733301 -26.322147
v 9.066412 5.580059 -26.322147
v 9.066412 5.580059 26.322147
v 9.066412 22.309923 0.000000
v 9.066412 0.003437 0.000000
v 9.066412 0.003437 -13.161074
v 9.066412 22.309923 -13.161074
v 9.066412 0.003437 -6.580537
v 9.066412 22.309923 -6.580537
v 9.066412 22.309923 -19.741611
v 9.066412 0.003437 -19.741611
v 9.066412 22.309923 13.161074
v 9.066412 0.003437 13.161074
v 9.066412 22.309923 19.741611
v 9.066412 0.003437 19.741611
v 9.066412 0.003437 6.580537
v 9.066412 22.309923 6.580537
v 7.555344 0.003437 -26.322147
v 7.555344 22.309923 26.322147
v 7.555344 11.156680 26.322147
v 7.555344 16.733301 26.322147
v 7.555344 5.580059 26.322147
v 7.555344 0.003437 0.000000
v 7.555344 0.003437 -13.161074
v 7.555344 0.003437 -6.580537
v 7.555344 0.003437 -19.741611
v 7.555344 0.003437 13.161074
v 7.555344 0.003437 19.741611
v 7.555344 0.003437 6.580537
v 7.555344 0.003437 26.322147
v 7.555344 22.309923 -26.322147
v 7.555344 11.156680 -26.322147
v 7.555344 16.733301 -26.322147
v 7.555344 5.580059 -26.322147
v 7.555344 22.309923 0.000000
v 7.555344 22.309923 -13.161074
v 7.555344 22.309923 -6.580537
v 7.555344 22.309923 -19.741611
v 7.555344 22.309923 13.161074
v 7.555344 22.309923 19.741611
v 7.555344 22.309923 6.580537
v 10.577481 0.003437 26.322147
v 10.577481 22.309923 -26.322147
v 10.577481 11.156680 -26.322147
v 10.577481 16.733301 -26.322147
v 10.577481 5.580059 -26.322147
v 10.577481 22.309923 0.000000
v 10.577481 22.309923 -13.161074
v 10.577481 22.309923 -6.580537
v 10.577481 22.309923 -19.741611
v 10.577481 22.309923 13.161074
v 10.577481 22.309923 19.741611
v 10.577481 22.309923 6.580537
v 10.577481 0.003437 -26.322147
v 10.577481 22.309923 26.322147
v 10.577481 11.156680 26.322147
v 10.577481 16.733301 26.322147
v 10.577481 5.580059 26.322147
v 10.577481 0.003437 0.000000
v 10.577481 0.003437 -13.161074
v 10.577481 0.003437 -6.580537
v 10.577481 0.003437 -19.741611
v 10.577481 0.003437 13.161074
v 10.577481 0.003437 19.741611
v 10.577481 0.003437 6.580537
v -4.533206 0.003437 -26.322147
v -4.533206 22.309923 26.322147
v -4.533206 11.156680 26.322147
v -4.533206 16.733301 26.322147
v -4.533206 5.580059 26.322147
v -4.533206 0.003437 26.322147
v -4.533206 22.309923 -26.322147
v -4.533206 11.156680 -26.322147
v -4.533206 16.733301 -26.322147
v -4.533206 5.580059 -26.322147
v -4.533206 0.003437 0.000000
v -4.533206 22.309923 0.000000
v -4.533206 22.309923 -13.161074
v -4.533206 0.003437 -13.161074
v -4.533206 22.309923 -6.580537
v -4.533206 0.003437 -6.580537
v -4.533206 0.003437 -19.741611
v -4.533206 22.309923 -19.741611
v -4.533206 0.003437 13.161074
v -4.533206 22.309923 13.161074
v -4.533206 0.003437 19.741611
v -4.533206 22.309923 19.741611
v -4.533206 22.309923 6.580537
v -4.533206 0.003437 6.580537
v -9.066412 0.003437 -26.322147
v -9.066412 22.309923 26.322147
v -9.066412 0.003437 26.322147
v -9.066412 22.309923 -26.322147
v -9.066412 11.156680 -26.322147
v -9.066412 11.156680 26.322147
v -9.066412 16.733301 -26.322147
v -9.066412 16.733301 26.322147
v -9.066412 5.580059 26.322147
v -9.066412 5.580059 -26.322147
v -9.066412 0.003437 0.000000
v -9.066412 22.309923 0.000000
v -9.066412 22.309923 -13.161074
v -9.066412 0.003437 -13.161074
v -9.066412 22.309923 -6.580537
v -9.066412 0.003437 -6.580537
v -9.066412 0.003437 -19.741611
v -9.066412 22.309923 -19.741611
v -9.066412 0.003437 13.161074
v -9.066412 22.309923 13.161074
v -9.066412 0.003437 19.741611
v -9.066412 22.309923 19.741611
v -9.066412 22.309923 6.580537
v -9.066412 0.003437 6.580537
v -7.555344 0.003437 26.322147
v -7.555344 22.309923 -26.322147
v -7.555344 11.156680 -26.322147
v -7.555344 16.733301 -26.322147
v -7.555344 5.580059 -26.322147
v -7.555344 22.309923 0.000000
v -7.555344 22.309923 -13.161074
v -7.555344 22.309923 -6.580537
v -7.555344 22.309923 -19.741611
v -7.555344 22.309923 13.161074
v -7.555344 22.309923 19.741611
v -7.555344 22.309923 6.580537
v -7.555344 0.003437 -26.322147
v -7.555344 22.309923 26.322147
v -7.555344 11.156680 26.322147
v -7.555344 16.733301 26.322147
v -7.555344 5.580059 26.322147
v -7.555344 0.003437 0.000000
v -7.555344 0.003437 -13.161074
v -7.555344 0.003437 -6.580537
v -7.555344 0.003437 -19.741611
v -7.555344 0.003437 13.161074
v -7.555344 0.003437 19.741611
v -7.555344 0.003437 6.580537
v -10.577481 0.003437 -26.322147
v -10.577481 22.309923 26.322147
v -10.577481 11.156680 26.322147
v -10.577481 16.733301 26.322147
v -10.577481 5.580059 26.322147
v -10.577481 0.003437 0.000000
v -10.577481 0.003437 -13.161074
v -10.577481 0.003437 -6.580537
v -10.577481 0.003437 -19.741611
v -10.577481 0.003437 13.161074
v -10.577481 0.003437 19.741611
v -10.577481 0.003437 6.580537
v -10.577481 0.003437 26.322147
v -10.577481 22.309923 -26.322147
v -10.577481 11.156680 -26.322147
v -10.577481 16.733301 -26.322147
v -10.577481 5.580059 -26.322147
v -10.577481 22.309923 0.000000
v -10.577481 22.309923 -13.161074
v -10.577481 22.309923 -6.580537
v -10.577481 22.309923 -19.741611
v -10.577481 22.309923 13.161074
v -10.577481 22.309923 19.741611
v -10.577481 22.309923 6.580537
v -1.511069 0.003437 26.322147
v -1.511069 0.003437 -26.322147
v -1.511069 17.400223 -70.446693
v -1.511069 17.400223 -82.955009
v -1.511069 17.400223 -89.763618
v -1.511069 0.003437 62.201691
v -1.511069 -13.277379 84.542862
v -1.511069 0.003437 0.000000
v -1.511069 0.003437 -13.161074
v -1.511069 0.003437 -6.580537
v -1.511069 0.003437 -19.741611
v -1.511069 0.003437 13.161074
v -1.511069 0.003437 19.741611
v -1.511069 0.003437 6.580537
v 1.511069 0.003437 -26.322147
v 1.511069 0.003437 26.322147
v 1.511069 17.400223 -70.446693
v 1.511069 17.400223 -82.955009
v 1.511069 17.400223 -89.763618
v 1.511069 0.003437 62.201691
v 1.511069 -13.277379 84.542862
v 1.511069 0.003437 0.000000
v 1.511069 0.003437 -13.161074
v 1.511069 0.003437 -6.580537
v 1.511069 0.003437 -19.741611
v 1.511069 0.003437 13.161074
v 1.511069 0.003437 19.741611
v 1.511069 0.003437 6.580537
v 4.533206 0.003437 26.322147
v 4.533206 22.309923 -26.322147
v 4.533206 11.156680 -26.322147
v 4.533206 16.733301 -26.322147
v 4.533206 5.580059 -26.322147
v 4.533206 0.003437 -26.322147
v 4.533206 22.309923 26.322147
v 4.533206 11.156680 26.322147
v 4.533206 16.733301 26.322147
v 4.533206 5.580059 26.322147
v 4.533206 22.309923 0.000000
v 4.533206 0.003437 0.000000
v 4.533206 0.003437 -13.161074
v 4.533206 22.309923 -13.161074
v 4.533206 0.003437 -6.580537
v 4.533206 22.309923 -6.580537
v 4.533206 22.309923 -19.741611
v 4.533206 0.003437 -19.741611
v 4.533206 22.309923 13.161074
v 4.533206 0.003437 13.161074
v 4.533206 22.309923 19.741611
v 4.533206 0.003437 19.741611
v 4.533206 0.003437 6.580537
v 4.533206 22.309923 6.580537
v -12.088550 22.309923 -23.031879
v 12.088550 0.003437 -23.031879
v -12.088550 11.156680 -23.031879
v -12.088550 16.733301 -23.031879
v -12.088550 5.580059 -23.031879
v -12.088550 0.003437 -23.031879
v 12.088550 22.309923 -23.031879
v 0.000000 0.003437 -23.031879
v 0.000000 22.309923 -23.031879
v -6.044275 0.003437 -23.031879
v -6.044275 22.309923 -23.031879
v 6.044275 22.309923 -23.031879
v 6.044275 0.003437 -23.031879
v 12.088550 16.733301 -23.031879
v 3.022137 0.003437 -23.031879
v 3.022137 22.309923 -23.031879
v -3.022137 22.309923 -23.031879
v -3.022137 0.003437 -23.031879
v 21.193323 0.003437 -23.031879
v 21.193323 11.156680 -23.031879
v 21.193323 16.733301 -23.031879
v 21.193323 5.580059 -23.031879
v 9.066412 0.003437 -23.031879
v 9.066412 22.309923 -23.031879
v 7.555344 0.003437 -23.031879
v 7.555344 22.309923 -23.031879
v 10.577481 22.309923 -23.031879
v 10.577481 0.003437 -23.031879
v -4.533206 22.309923 -23.031879
v -4.533206 0.003437 -23.031879
v -9.066412 22.309923 -23.031879
v -9.066412 0.003437 -23.031879
v -7.555344 22.309923 -23.031879
v -7.555344 0.003437 -23.031879
v -10.577481 0.003437 -23.031879
v -10.577481 22.309923 -23.031879
v -1.511069 0.003437 -23.031879
v 1.511069 0.003437 -23.031879
v 4.533206 0.003437 -23.031879
v 4.533206 22.309923 -23.031879
v -12.088550 0.003437 -16.451342
v 12.088550 22.309923 -16.451342
v 0.000000 0.003437 -16.451342
v 0.000000 22.309923 -16.451342
v -6.044275 0.003437 -16.451342
v -6.044275 22.309923 -16.451342
v 6.044275 22.309923 -16.451342
v 6.044275 0.003437 -16.451342
v 12.088550 16.733301 -16.451342
v 3.022137 0.003437 -16.451342
v 3.022137 22.309923 -16.451342
v -3.022137 22.309923 -16.451342
v -3.022137 0.003437 -16.451342
v -12.088550 22.309923 -16.451342
v 12.088550 0.003437 -16.451342
v -12.088550 16.733301 -16.451342
v -22.663273 0.003437 -16.451342
v -22.663273 11.156680 -16.451342
v -22.663273 16.733301 -16.451342
v -22.663273 5.580059 -16.451342
v 21.193323 11.156680 -16.451342
v 21.193323 16.733301 -16.451342
v 21.193323 5.580059 -16.451342
v 21.193323 0.003437 -16.451342
v 9.066412 22.309923 -16.451342
v 9.066412 0.003437 -16.451342
v 7.555344 0.003437 -16.451342
v 7.555344 22.309923 -16.451342
v 10.577481 22.309923 -16.451342
v 10.577481 0.003437 -16.451342
v -4.533206 0.003437 -16.451342
v -4.533206 22.309923 -16.451342
v -9.066412 0.003437 -16.451342
v -9.066412 22.309923 -16.451342
v -7.555344 22.309923 -16.451342
v -7.555344 0.003437 -16.451342
v -10.577481 0.003437 -16.451342
v -10.577481 22.309923 -16.451342
v -1.511069 0.003437 -16.451342
v 1.511069 0.003437 -16.451342
v 4.533206 22.309923 -16.451342
v 4.533206 0.003437 -16.451342
v -12.088550 22.309923 -9.870806
v 12.088550 0.003437 -9.870806
v -12.088550 16.733301 -9.870806
v -12.088550 0.003437 -9.870806
v 12.088550 22.309923 -9.870806
v 0.000000 0.003437 -9.870806
v 0.000000 22.309923 -9.870806
v -6.044275 0.003437 -9.870806
v -6.044275 22.309923 -9.870806
v 6.044275 22.309923 -9.870806
v 6.044275 0.003437 -9.870806
v 12.088550 11.156680 -9.870806
v 12.088550 16.733301 -9.870806
v 12.088550 5.580059 -9.870806
v 3.022137 0.003437 -9.870806
v 3.022137 22.309923 -9.870806
v -3.022137 22.309923 -9.870806
v -3.022137 0.003437 -9.870806
v -22.663273 11.156680 -9.870806
v -22.663273 16.733301 -9.870806
v -22.663273 5.580059 -9.870806
v -22.663273 0.003437 -9.870806
v 9.066412 22.309923 -9.870806
v 9.066412 0.003437 -9.870806
v 7.555344 0.003437 -9.870806
v 7.555344 22.309923 -9.870806
v 10.577481 22.309923 -9.870806
v 10.577481 0.003437 -9.870806
v -4.533206 0.003437 -9.870806
v -4.533206 22.309923 -9.870806
v -9.066412 0.003437 -9.870806
v -9.066412 22.309923 -9.870806
v -7.555344 22.309923 -9.870806
v -7.555344 0.003437 -9.870806
v -10.577481 0.003437 -9.870806
v -10.577481 22.309923 -9.870806
v -1.511069 0.003437 -9.870806
v 1.511069 0.003437 -9.870806
v 4.533206 22.309923 -9.870806
v 4.533206 0.003437 -9.870806
v -12.088550 0.003437 -8.225671
v 12.088550 22.309923 -8.225671
v 0.000000 0.003437 -8.225671
v 0.000000 22.309923 -8.225671
v -6.044275 0.003437 -8.225671
v -6.044275 22.309923 -8.225671
v 6.044275 22.309923 -8.225671
v 6.044275 0.003437 -8.225671
v 12.088550 11.156680 -8.225671
v 12.088550 16.733301 -8.225671
v 12.088550 5.580059 -8.225671
v 3.022137 0.003437 -8.225671
v 3.022137 22.309923 -8.225671
v -3.022137 22.309923 -8.225671
v -3.022137 0.003437 -8.225671
v -22.663273 0.003437 -8.225671
v 9.066412 22.309923 -8.225671
v 9.066412 0.003437 -8.225671
v 7.555344 0.003437 -8.225671
v 7.555344 22.309923 -8.225671
v 10.577481 22.309923 -8.225671
v 10.577481 0.003437 -8.225671
v -4.533206 0.003437 -8.225671
v -4.533206 22.309923 -8.225671
v -9.066412 0.003437 -8.225671
v -9.066412 22.309923 -8.225671
v -7.555344 22.309923 -8.225671
v -7.555344 0.003437 -8.225671
v -10.577481 0.003437 -8.225671
v -10.577481 22.309923 -8.225671
v -1.511069 0.003437 -8.225671
v 1.511069 0.003437 -8.225671
v 4.533206 22.309923 -8.225671
v 4.533206 0.003437 -8.225671
v -12.088550 22.309923 -8.225671
v 12.088550 0.003437 -8.225671
v -12.088550 16.733301 -8.225671
v -22.663273 11.156680 -8.225671
v -22.663273 16.733301 -8.225671
v -22.663273 5.580059 -8.225671
v -12.088550 22.309923 -11.515940
v 12.088550 0.003437 -11.515940
v -12.088550 16.733301 -11.515940
v -22.663273 11.156680 -11.515940
v -22.663273 16.733301 -11.515940
v -22.663273 5.580059 -11.515940
v -12.088550 0.003437 -11.515940
v 12.088550 22.309923 -11.515940
v 0.000000 0.003437 -11.515940
v 0.000000 22.309923 -11.515940
v -6.044275 0.003437 -11.515940
v -6.044275 22.309923 -11.515940
v 6.044275 22.309923 -11.515940
v 6.044275 0.003437 -11.515940
v 12.088550 11.156680 -11.515940
v 12.088550 16.733301 -11.515940
v 12.088550 5.580059 -11.515940
v 3.022137 0.003437 -11.515940
v 3.022137 22.309923 -11.515940
v -3.022137 22.309923 -11.515940
v -3.022137 0.003437 -11.515940
v -22.663273 0.003437 -11.515940
v 9.066412 22.309923 -11.515940
v 9.066412 0.003437 -11.515940
v 7.555344 0.003437 -11.515940
v 7.555344 22.309923 -11.515940
v 10.577481 22.309923 -11.515940
v 10.577481 0.003437 -11.515940
v -4.533206 0.003437 -11.515940
v -4.533206 22.309923 -11.515940
v -9.066412 0.003437 -11.515940
v -9.066412 22.309923 -11.515940
v -7.555344 22.309923 -11.515940
v -7.555344 0.003437 -11.515940
v -10.577481 0.003437 -11.515940
v -10.577481 22.309923 -11.515940
v -1.511069 0.003437 -11.515940
v 1.511069 0.003437 -11.515940
v 4.533206 22.309923 -11.515940
v 4.533206 0.003437 -11.515940
v -12.088550 0.003437 -14.806208
v 12.088550 22.309923 -14.806208
v 0.000000 0.003437 -14.806208
v 0.000000 22.309923 -14.806208
v -6.044275 0.003437 -14.806208
v -6.044275 22.309923 -14.806208
v 6.044275 22.309923 -14.806208
v 6.044275 0.003437 -14.806208
v 12.088550 16.733301 -14.806208
v 3.022137 0.003437 -14.806208
v 3.022137 22.309923 -14.806208
v -3.022137 22.309923 -14.806208
v -3.022137 0.003437 -14.806208
v -22.663273 0.003437 -14.806208
v 21.193323 11.156680 -14.806208
v 21.193323 16.733301 -14.806208
v 21.193323 5.580059 -14.806208
v 9.066412 22.309923 -14.806208
v 9.066412 0.003437 -14.806208
v 7.555344 0.003437 -14.806208
v 7.555344 22.309923 -14.806208
v 10.577481 22.309923 -14.806208
v 10.577481 0.003437 -14.806208
v -4.533206 0.003437 -14.806208
v -4.533206 22.309923 -14.806208
v -9.066412 0.003437 -14.806208
v -9.066412 22.309923 -14.806208
v -7.555344 22.309923 -14.806208
v -7.555344 0.003437 -14.806208
v -10.577481 0.003437 -14.806208
v -10.577481 22.309923 -14.806208
v -1.511069 0.003437 -14.806208
v 1.511069 0.003437 -14.806208
v 4.533206 22.309923 -14.806208
v 4.533206 0.003437 -14.806208
v -12.088550 22.309923 -14.806208
v 12.088550 0.003437 -14.806208
v -12.088550 16.733301 -14.806208
v -22.663273 11.156680 -14.806208
v -22.663273 16.733301 -14.806208
v -22.663273 5.580059 -14.806208
v 21.193323 0.003437 -14.806208
v -12.088550 22.309923 -18.096476
v 12.088550 0.003437 -18.096476
v -12.088550 16.733301 -18.096476
v -22.663273 11.156680 -18.096476
v -22.663273 16.733301 -18.096476
v -22.663273 5.580059 -18.096476
v 21.193323 0.003437 -18.096476
v -12.088550 0.003437 -18.096476
v 12.088550 22.309923 -18.096476
v 0.000000 0.003437 -18.096476
v 0.000000 22.309923 -18.096476
v -6.044275 0.003437 -18.096476
v -6.044275 22.309923 -18.096476
v 6.044275 22.309923 -18.096476
v 6.044275 0.003437 -18.096476
v 12.088550 16.733301 -18.096476
v 3.022137 0.003437 -18.096476
v 3.022137 22.309923 -18.096476
v -3.022137 22.309923 -18.096476
v -3.022137 0.003437 -18.096476
v -22.663273 0.003437 -18.096476
v 21.193323 11.156680 -18.096476
v 21.193323 16.733301 -18.096476
v 21.193323 5.580059 -18.096476
v 9.066412 22.309923 -18.096476
v 9.066412 0.003437 -18.096476
v 7.555344 0.003437 -18.096476
v 7.555344 22.309923 -18.096476
v 10.577481 22.309923 -18.096476
v 10.577481 0.003437 -18.096476
v -4.533206 0.003437 -18.096476
v -4.533206 22.309923 -18.096476
v -9.066412 0.003437 -18.096476
v -9.066412 22.309923 -18.096476
v -7.555344 22.309923 -18.096476
v -7.555344 0.003437 -18.096476
v -10.577481 0.003437 -18.096476
v -10.577481 22.309923 -18.096476
v -1.511069 0.003437 -18.096476
v 1.511069 0.003437 -18.096476
v 4.533206 22.309923 -18.096476
v 4.533206 0.003437 -18.096476
v -12.088550 0.003437 -21.386745
v 12.088550 22.309923 -21.386745
v 0.000000 0.003437 -21.386745
v 0.000000 22.309923 -21.386745
v -6.044275 0.003437 -21.386745
v -6.044275 22.309923 -21.386745
v 6.044275 22.309923 -21.386745
v 6.044275 0.003437 -21.386745
v 12.088550 16.733301 -21.386745
v 3.022137 0.003437 -21.386745
v 3.022137 22.309923 -21.386745
v -3.022137 22.309923 -21.386745
v -3.022137 0.003437 -21.386745
v 21.193323 11.156680 -21.386745
v 21.193323 16.733301 -21.386745
v 21.193323 5.580059 -21.386745
v 9.066412 0.003437 -21.386745
v 9.066412 22.309923 -21.386745
v 7.555344 0.003437 -21.386745
v 7.555344 22.309923 -21.386745
v 10.577481 22.309923 -21.386745
v 10.577481 0.003437 -21.386745
v -4.533206 22.309923 -21.386745
v -4.533206 0.003437 -21.386745
v -9.066412 22.309923 -21.386745
v -9.066412 0.003437 -21.386745
v -7.555344 22.309923 -21.386745
v -7.555344 0.003437 -21.386745
v -10.577481 0.003437 -21.386745
v -10.577481 22.309923 -21.386745
v -1.511069 0.003437 -21.386745
v 1.511069 0.003437 -21.386745
v 4.533206 0.003437 -21.386745
v 4.533206 22.309923 -21.386745
v -12.088550 22.309923 -21.386745
v 12.088550 0.003437 -21.386745
v -12.088550 11.156680 -21.386745
v -12.088550 16.733301 -21.386745
v -12.088550 5.580059 -21.386745
v 21.193323 0.003437 -21.386745
v -12.088550 22.309923 -24.677013
v 12.088550 0.003437 -24.677013
v -12.088550 11.156680 -24.677013
v -12.088550 16.733301 -24.677013
v -12.088550 5.580059 -24.677013
v 21.193323 0.003437 -24.677013
v -12.088550 0.003437 -24.677013
v 12.088550 22.309923 -24.677013
v 0.000000 0.003437 -24.677013
v 0.000000 22.309923 -24.677013
v -6.044275 0.003437 -24.677013
v -6.044275 22.309923 -24.677013
v 6.044275 22.309923 -24.677013
v 6.044275 0.003437 -24.677013
v 12.088550 16.733301 -24.677013
v 3.022137 0.003437 -24.677013
v 3.022137 22.309923 -24.677013
v -3.022137 22.309923 -24.677013
v -3.022137 0.003437 -24.677013
v 21.193323 11.156680 -24.677013
v 21.193323 16.733301 -24.677013
v 21.193323 5.580059 -24.677013
v 9.066412 0.003437 -24.677013
v 9.066412 22.309923 -24.677013
v 7.555344 0.003437 -24.677013
v 7.555344 22.309923 -24.677013
v 10.577481 22.309923 -24.677013
v 10.577481 0.003437 -24.677013
v -4.533206 22.309923 -24.677013
v -4.533206 0.003437 -24.677013
v -9.066412 22.309923 -24.677013
v -9.066412 0.003437 -24.677013
v -7.555344 22.309923 -24.677013
v -7.555344 0.003437 -24.677013
v -10.577481 0.003437 -24.677013
v -10.577481 22.309923 -24.677013
v -1.511069 0.003437 -24.677013
v 1.511069 0.003437 -24.677013
v 4.533206 0.003437 -24.677013
v 4.533206 22.309923 -24.677013
v -12.088550 0.003437 -3.290268
v 12.088550 22.309923 -3.290268
v 0.000000 0.003437 -3.290268
v 0.000000 22.309923 -3.290268
v -6.044275 0.003437 -3.290268
v -6.044275 22.309923 -3.290268
v 6.044275 22.309923 -3.290268
v 6.044275 0.003437 -3.290268
v 12.088550 16.733301 -3.290268
v 3.022137 0.003437 -3.290268
v 3.022137 22.309923 -3.290268
v -3.022137 22.309923 -3.290268
v -3.022137 0.003437 -3.290268
v -12.088550 22.309923 -3.290268
v 12.088550 0.003437 -3.290268
v -12.088550 11.156680 -3.290268
v -12.088550 16.733301 -3.290268
v -12.088550 5.580059 -3.290268
v 21.193323 11.156680 -3.290268
v 21.193323 16.733301 -3.290268
v 21.193323 5.580059 -3.290268
v 21.193323 0.003437 -3.290268
v 9.066412 0.003437 -3.290268
v 9.066412 22.309923 -3.290268
v 7.555344 0.003437 -3.290268
v 7.555344 22.309923 -3.290268
v 10.577481 22.309923 -3.290268
v 10.577481 0.003437 -3.290268
v -4.533206 22.309923 -3.290268
v -4.533206 0.003437 -3.290268
v -9.066412 22.309923 -3.290268
v -9.066412 0.003437 -3.290268
v -7.555344 22.309923 -3.290268
v -7.555344 0.003437 -3.290268
v -10.577481 0.003437 -3.290268
v -10.577481 22.309923 -3.290268
v -1.511069 0.003437 -3.290268
v 1.511069 0.003437 -3.290268
v 4.533206 0.003437 -3.290268
v 4.533206 22.309923 -3.290268
v -12.088550 22.309923 -4.935403
v 12.088550 0.003437 -4.935403
v -12.088550 11.156680 -4.935403
v -12.088550 16.733301 -4.935403
v -12.088550 5.580059 -4.935403
v 21.193323 0.003437 -4.935403
v -12.088550 0.003437 -4.935403
v 12.088550 22.309923 -4.935403
v 0.000000 0.003437 -4.935403
v 0.000000 22.309923 -4.935403
v -6.044275 0.003437 -4.935403
v -6.044275 22.309923 -4.935403
v 6.044275 22.309923 -4.935403
v 6.044275 0.003437 -4.935403
v 12.088550 16.733301 -4.935403
v 3.022137 0.003437 -4.935403
v 3.022137 22.309923 -4.935403
v -3.022137 22.309923 -4.935403
v -3.022137 0.003437 -4.935403
v 21.193323 11.156680 -4.935403
v 21.193323 16.733301 -4.935403
v 21.193323 5.580059 -4.935403
v 9.066412 0.003437 -4.935403
v 9.066412 22.309923 -4.935403
v 7.555344 0.003437 -4.935403
v 7.555344 22.309923 -4.935403
v 10.577481 22.309923 -4.935403
v 10.577481 0.003437 -4.935403
v -4.533206 22.309923 -4.935403
v -4.533206 0.003437 -4.935403
v -9.066412 22.309923 -4.935403
v -9.066412 0.003437 -4.935403
v -7.555344 22.309923 -4.935403
v -7.555344 0.003437 -4.935403
v -10.577481 0.003437 -4.935403
v -10.577481 22.309923 -4.935403
v -1.511069 0.003437 -4.935403
v 1.511069 0.003437 -4.935403
v 4.533206 0.003437 -4.935403
v 4.533206 22.309923 -4.935403
v -12.088550 0.003437 -1.645134
v 12.088550 22.309923 -1.645134
v 0.000000 0.003437 -1.645134
v 0.000000 22.309923 -1.645134
v -6.044275 0.003437 -1.645134
v -6.044275 22.309923 -1.645134
v 6.044275 22.309923 -1.645134
v 6.044275 0.003437 -1.645134
v 12.088550 16.733301 -1.645134
v 3.022137 0.003437 -1.645134
v 3.022137 22.309923 -1.645134
v -3.022137 22.309923 -1.645134
v -3.022137 0.003437 -1.645134
v 21.193323 11.156680 -1.645134
v 21.193323 16.733301 -1.645134
v 21.193323 5.580059 -1.645134
v 9.066412 0.003437 -1.645134
v 9.066412 22.309923 -1.645134
v 7.555344 0.003437 -1.645134
v 7.555344 22.309923 -1.645134
v 10.577481 22.309923 -1.645134
v 10.577481 0.003437 -1.645134
v -4.533206 22.309923 -1.645134
v -4.533206 0.003437 -1.645134
v -9.066412 22.309923 -1.645134
v -9.066412 0.003437 -1.645134
v -7.555344 22.309923 -1.645134
v -7.555344 0.003437 -1.645134
v -10.577481 0.003437 -1.645134
v -10.577481 22.309923 -1.645134
v -1.511069 0.003437 -1.645134
v 1.511069 0.003437 -1.645134
v 4.533206 0.003437 -1.645134
v 4.533206 22.309923 -1.645134
v -12.088550 22.309923 -1.645134
v 12.088550 0.003437 -1.645134
v -12.088550 11.156680 -1.645134
v -12.088550 16.733301 -1.645134
v -12.088550 5.580059 -1.645134
v 21.193323 0.003437 -1.645134
v -12.088550 22.309923 3.290268
v 12.088550 0.003437 3.290268
v -12.088550 16.733301 3.290268
v -12.088550 0.003437 3.290268
v 12.088550 22.309923 3.290268
v 0.000000 0.003437 3.290268
v 0.000000 22.309923 3.290268
v -6.044275 0.003437 3.290268
v -6.044275 22.309923 3.290268
v 6.044275 22.309923 3.290268
v 6.044275 0.003437 3.290268
v 12.088550 16.733301 3.290268
v 3.022137 0.003437 3.290268
v 3.022137 22.309923 3.290268
v -3.022137 22.309923 3.290268
v -3.022137 0.003437 3.290268
v -22.663273 11.156680 3.290268
v -22.663273 16.733301 3.290268
v -22.663273 5.580059 3.290268
v -22.663273 0.003437 3.290268
v 21.193323 0.003437 3.290268
v 21.193323 11.156680 3.290268
v 21.193323 16.733301 3.290268
v 21.193323 5.580059 3.290268
v 9.066412 22.309923 3.290268
v 9.066412 0.003437 3.290268
v 7.555344 0.003437 3.290268
v 7.555344 22.309923 3.290268
v 10.577481 22.309923 3.290268
v 10.577481 0.003437 3.290268
v -4.533206 0.003437 3.290268
v -4.533206 22.309923 3.290268
v -9.066412 0.003437 3.290268
v -9.066412 22.309923 3.290268
v -7.555344 22.309923 3.290268
v -7.555344 0.003437 3.290268
v -10.577481 0.003437 3.290268
v -10.577481 22.309923 3.290268
v -1.511069 0.003437 3.290268
v 1.511069 0.003437 3.290268
v 4.533206 22.309923 3.290268
v 4.533206 0.003437 3.290268
v -12.088550 22.309923 1.579329
v 12.088550 0.003437 1.579329
v -12.088550 16.733301 1.579329
v -22.663273 11.156680 1.579329
v -22.663273 16.733301 1.579329
v -22.663273 5.580059 1.579329
v 21.193323 0.003437 1.579329
v -12.088550 0.003437 1.579329
v 12.088550 22.309923 1.579329
v 0.000000 0.003437 1.579329
v 0.000000 22.309923 1.579329
v -6.044275 0.003437 1.579329
v -6.044275 22.309923 1.579329
v 6.044275 22.309923 1.579329
v 6.044275 0.003437 1.579329
v 12.088550 16.733301 1.579329
v 3.022137 0.003437 1.579329
v 3.022137 22.309923 1.579329
v -3.022137 22.309923 1.579329
v -3.022137 0.003437 1.579329
v -22.663273 0.003437 1.579329
v 21.193323 11.156680 1.579329
v 21.193323 16.733301 1.579329
v 21.193323 5.580059 1.579329
v 9.066412 22.309923 1.579329
v 9.066412 0.003437 1.579329
v 7.555344 0.003437 1.579329
v 7.555344 22.309923 1.579329
v 10.577481 22.309923 1.579329
v 10.577481 0.003437 1.579329
v -4.533206 0.003437 1.579329
v -4.533206 22.309923 1.579329
v -9.066412 0.003437 1.579329
v -9.066412 22.309923 1.579329
v -7.555344 22.309923 1.579329
v -7.555344 0.003437 1.579329
v -10.577481 0.003437 1.579329
v -10.577481 22.309923 1.579329
v -1.511069 0.003437 1.579329
v 1.511069 0.003437 1.579329
v 4.533206 22.309923 1.579329
v 4.533206 0.003437 1.579329
v -12.088550 0.003437 4.935403
v 12.088550 22.309923 4.935403
v 0.000000 0.003437 4.935403
v 0.000000 22.309923 4.935403
v -6.044275 0.003437 4.935403
v -6.044275 22.309923 4.935403
v 6.044275 22.309923 4.935403
v 6.044275 0.003437 4.935403
v 12.088550 16.733301 4.935403
v 3.022137 0.003437 4.935403
v 3.022137 22.309923 4.935403
v -3.022137 22.309923 4.935403
v -3.022137 0.003437 4.935403
v -22.663273 0.003437 4.935403
v 21.193323 11.156680 4.935403
v 21.193323 16.733301 4.935403
v 21.193323 5.580059 4.935403
v 9.066412 22.309923 4.935403
v 9.066412 0.003437 4.935403
v 7.555344 0.003437 4.935403
v 7.555344 22.309923 4.935403
v 10.577481 22.309923 4.935403
v 10.577481 0.003437 4.935403
v -4.533206 0.003437 4.935403
v -4.533206 22.309923 4.935403
v -9.066412 0.003437 4.935403
v -9.066412 22.309923 4.935403
v -7.555344 22.309923 4.935403
v -7.555344 0.003437 4.935403
v -10.577481 0.003437 4.935403
v -10.577481 22.309923 4.935403
v -1.511069 0.003437 4.935403
v 1.511069 0.003437 4.935403
v 4.533206 22.309923 4.935403
v 4.533206 0.003437 4.935403
v -12.088550 22.309923 4.935403
v 12.088550 0.003437 4.935403
v -12.088550 16.733301 4.935403
v -22.663273 11.156680 4.935403
v -22.663273 16.733301 4.935403
v -22.663273 5.580059 4.935403
v 21.193323 0.003437 4.935403
v -12.088550 0.003437 9.870806
v 12.088550 22.309923 9.870806
v 0.000000 0.003437 9.870806
v 0.000000 22.309923 9.870806
v -6.044275 0.003437 9.870806
v -6.044275 22.309923 9.870806
v 6.044275 22.309923 9.870806
v 6.044275 0.003437 9.870806
v 12.088550 11.156680 9.870806
v 12.088550 16.733301 9.870806
v 12.088550 5.580059 9.870806
v 3.022137 0.003437 9.870806
v 3.022137 22.309923 9.870806
v -3.022137 22.309923 9.870806
v -3.022137 0.003437 9.870806
v -12.088550 22.309923 9.870806
v 12.088550 0.003437 9.870806
v -12.088550 16.733301 9.870806
v -22.663273 0.003437 9.870806
v -22.663273 11.156680 9.870806
v -22.663273 16.733301 9.870806
v -22.663273 5.580059 9.870806
v 9.066412 0.003437 9.870806
v 9.066412 22.309923 9.870806
v 7.555344 0.003437 9.870806
v 7.555344 22.309923 9.870806
v 10.577481 22.309923 9.870806
v 10.577481 0.003437 9.870806
v -4.533206 22.309923 9.870806
v -4.533206 0.003437 9.870806
v -9.066412 22.309923 9.870806
v -9.066412 0.003437 9.870806
v -7.555344 22.309923 9.870806
v -7.555344 0.003437 9.870806
v -10.577481 0.003437 9.870806
v -10.577481 22.309923 9.870806
v -1.511069 0.003437 9.870806
v 1.511069 0.003437 9.870806
v 4.533206 0.003437 9.870806
v 4.533206 22.309923 9.870806
v -12.088550 22.309923 8.225671
v 12.088550 0.003437 8.225671
v -12.088550 16.733301 8.225671
v -22.663273 11.156680 8.225671
v -22.663273 16.733301 8.225671
v -22.663273 5.580059 8.225671
v -12.088550 0.003437 8.225671
v 12.088550 22.309923 8.225671
v 0.000000 0.003437 8.225671
v 0.000000 22.309923 8.225671
v -6.044275 0.003437 8.225671
v -6.044275 22.309923 8.225671
v 6.044275 22.309923 8.225671
v 6.044275 0.003437 8.225671
v 12.088550 11.156680 8.225671
v 12.088550 16.733301 8.225671
v 12.088550 5.580059 8.225671
v 3.022137 0.003437 8.225671
v 3.022137 22.309923 8.225671
v -3.022137 22.309923 8.225671
v -3.022137 0.003437 8.225671
v -22.663273 0.003437 8.225671
v 9.066412 0.003437 8.225671
v 9.066412 22.309923 8.225671
v 7.555344 0.003437 8.225671
v 7.555344 22.309923 8.225671
v 10.577481 22.309923 8.225671
v 10.577481 0.003437 8.225671
v -4.533206 22.309923 8.225671
v -4.533206 0.003437 8.225671
v -9.066412 22.309923 8.225671
v -9.066412 0.003437 8.225671
v -7.555344 22.309923 8.225671
v -7.555344 0.003437 8.225671
v -10.577481 0.003437 8.225671
v -10.577481 22.309923 8.225671
v -1.511069 0.003437 8.225671
v 1.511069 0.003437 8.225671
v 4.533206 0.003437 8.225671
v 4.533206 22.309923 8.225671
v -12.088550 0.003437 11.515940
v 12.088550 22.309923 11.515940
v 0.000000 0.003437 11.515940
v 0.000000 22.309923 11.515940
v -6.044275 0.003437 11.515940
v -6.044275 22.309923 11.515940
v 6.044275 22.309923 11.515940
v 6.044275 0.003437 11.515940
v 12.088550 11.156680 11.515940
v 12.088550 16.733301 11.515940
v 12.088550 5.580059 11.515940
v 3.022137 0.003437 11.515940
v 3.022137 22.309923 11.515940
v -3.022137 22.309923 11.515940
v -3.022137 0.003437 11.515940
v -22.663273 0.003437 11.515940
v 9.066412 0.003437 11.515940
v 9.066412 22.309923 11.515940
v 7.555344 0.003437 11.515940
v 7.555344 22.309923 11.515940
v 10.577481 22.309923 11.515940
v 10.577481 0.003437 11.515940
v -4.533206 22.309923 11.515940
v -4.533206 0.003437 11.515940
v -9.066412 22.309923 11.515940
v -9.066412 0.003437 11.515940
v -7.555344 22.309923 11.515940
v -7.555344 0.003437 11.515940
v -10.577481 0.003437 11.515940
v -10.577481 22.309923 11.515940
v -1.511069 0.003437 11.515940
v 1.511069 0.003437 11.515940
v 4.533206 0.003437 11.515940
v 4.533206 22.309923 11.515940
v -12.088550 22.309923 11.515940
v 12.088550 0.003437 11.515940
v -12.088550 16.733301 11.515940
v -22.663273 11.156680 11.515940
v -22.663273 16.733301 11.515940
v -22.663273 5.580059 11.515940
v -12.088550 22.309923 16.451342
v 12.088550 0.003437 16.451342
v -12.088550 11.156680 16.451342
v -12.088550 16.733301 16.451342
v -12.088550 5.580059 16.451342
v -12.088550 0.003437 16.451342
v 12.088550 22.309923 16.451342
v 0.000000 0.003437 16.451342
v 0.000000 22.309923 16.451342
v -6.044275 0.003437 16.451342
v -6.044275 22.309923 16.451342
v 6.044275 22.309923 16.451342
v 6.044275 0.003437 16.451342
v 12.088550 16.733301 16.451342
v 3.022137 0.003437 16.451342
v 3.022137 22.309923 16.451342
v -3.022137 22.309923 16.451342
v -3.022137 0.003437 16.451342
v 21.193323 0.003437 16.451342
v 21.193323 11.156680 16.451342
v 21.193323 16.733301 16.451342
v 21.193323 5.580059 16.451342
v 9.066412 0.003437 16.451342
v 9.066412 22.309923 16.451342
v 7.555344 0.003437 16.451342
v 7.555344 22.309923 16.451342
v 10.577481 22.309923 16.451342
v 10.577481 0.003437 16.451342
v -4.533206 22.309923 16.451342
v -4.533206 0.003437 16.451342
v -9.066412 22.309923 16.451342
v -9.066412 0.003437 16.451342
v -7.555344 22.309923 16.451342
v -7.555344 0.003437 16.451342
v -10.577481 0.003437 16.451342
v -10.577481 22.309923 16.451342
v -1.511069 0.003437 16.451342
v 1.511069 0.003437 16.451342
v 4.533206 0.003437 16.451342
v 4.533206 22.309923 16.451342
v -12.088550 0.003437 18.096476
v 12.088550 22.309923 18.096476
v 0.000000 0.003437 18.096476
v 0.000000 22.309923 18.096476
v -6.044275 0.003437 18.096476
v -6.044275 22.309923 18.096476
v 6.044275 22.309923 18.096476
v 6.044275 0.003437 18.096476
v 12.088550 16.733301 18.096476
v 3.022137 0.003437 18.096476
v 3.022137 22.309923 18.096476
v -3.022137 22.309923 18.096476
v -3.022137 0.003437 18.096476
v 21.193323 11.156680 18.096476
v 21.193323 16.733301 18.096476
v 21.193323 5.580059 18.096476
v 9.066412 0.003437 18.096476
v 9.066412 22.309923 18.096476
v 7.555344 0.003437 18.096476
v 7.555344 22.309923 18.096476
v 10.577481 22.309923 18.096476
v 10.577481 0.003437 18.096476
v -4.533206 22.309923 18.096476
v -4.533206 0.003437 18.096476
v -9.066412 22.309923 18.096476
v -9.066412 0.003437 18.096476
v -7.555344 22.309923 18.096476
v -7.555344 0.003437 18.096476
v -10.577481 0.003437 18.096476
v -10.577481 22.309923 18.096476
v -1.511069 0.003437 18.096476
v 1.511069 0.003437 18.096476
v 4.533206 0.003437 18.096476
v 4.533206 22.309923 18.096476
v -12.088550 22.309923 18.096476
v 12.088550 0.003437 18.096476
v -12.088550 11.156680 18.096476
v -12.088550 16.733301 18.096476
v -12.088550 5.580059 18.096476
v 21.193323 0.003437 18.096476
v -12.088550 22.309923 14.806208
v 12.088550 0.003437 14.806208
v -12.088550 11.156680 14.806208
v -12.088550 16.733301 14.806208
v -12.088550 5.580059 14.806208
v 21.193323 0.003437 14.806208
v -12.088550 0.003437 14.806208
v 12.088550 22.309923 14.806208
v 0.000000 0.003437 14.806208
v 0.000000 22.309923 14.806208
v -6.044275 0.003437 14.806208
v -6.044275 22.309923 14.806208
v 6.044275 22.309923 14.806208
v 6.044275 0.003437 14.806208
v 12.088550 16.733301 14.806208
v 3.022137 0.003437 14.806208
v 3.022137 22.309923 14.806208
v -3.022137 22.309923 14.806208
v -3.022137 0.003437 14.806208
v 21.193323 11.156680 14.806208
v 21.193323 16.733301 14.806208
v 21.193323 5.580059 14.806208
v 9.066412 0.003437 14.806208
v 9.066412 22.309923 14.806208
v 7.555344 0.003437 14.806208
v 7.555344 22.309923 14.806208
v 10.577481 22.309923 14.806208
v 10.577481 0.003437 14.806208
v -4.533206 22.309923 14.806208
v -4.533206 0.003437 14.806208
v -9.066412 22.309923 14.806208
v -9.066412 0.003437 14.806208
v -7.555344 22.309923 14.806208
v -7.555344 0.003437 14.806208
v -10.577481 0.003437 14.806208
v -10.577481 22.309923 14.806208
v -1.511069 0.003437 14.806208
v 1.511069 0.003437 14.806208
v 4.533206 0.003437 14.806208
v 4.533206 22.309923 14.806208
v -12.088550 0.003437 23.031879
v 12.088550 22.309923 23.031879
v 0.000000 0.003437 23.031879
v 0.000000 22.309923 23.031879
v -6.044275 0.003437 23.031879
v -6.044275 22.309923 23.031879
v 6.044275 22.309923 23.031879
v 6.044275 0.003437 23.031879
v 12.088550 16.733301 23.031879
v 3.022137 0.003437 23.031879
v 3.022137 22.309923 23.031879
v -3.022137 22.309923 23.031879
v -3.022137 0.003437 23.031879
v -12.088550 22.309923 23.031879
v 12.088550 0.003437 23.031879
v -12.088550 11.156680 23.031879
v -12.088550 16.733301 23.031879
v -12.088550 5.580059 23.031879
v 21.193323 11.156680 23.031879
v 21.193323 16.733301 23.031879
v 21.193323 5.580059 23.031879
v 21.193323 0.003437 23.031879
v 9.066412 22.309923 23.031879
v 9.066412 0.003437 23.031879
v 7.555344 0.003437 23.031879
v 7.555344 22.309923 23.031879
v 10.577481 22.309923 23.031879
v 10.577481 0.003437 23.031879
v -4.533206 0.003437 23.031879
v -4.533206 22.309923 23.031879
v -9.066412 0.003437 23.031879
v -9.066412 22.309923 23.031879
v -7.555344 22.309923 23.031879
v -7.555344 0.003437 23.031879
v -10.577481 0.003437 23.031879
v -10.577481 22.309923 23.031879
v -1.511069 0.003437 23.031879
v 1.511069 0.003437 23.031879
v 4.533206 22.309923 23.031879
v 4.533206 0.003437 23.031879
v -12.088550 22.309923 21.386745
v 12.088550 0.003437 21.386745
v -12.088550 11.156680 21.386745
v -12.088550 16.733301 21.386745
v -12.088550 5.580059 21.386745
v 21.193323 0.003437 21.386745
v -12.088550 0.003437 21.386745
v 12.088550 22.309923 21.386745
v 0.000000 0.003437 21.386745
v 0.000000 22.309923 21.386745
v -6.044275 0.003437 21.386745
v -6.044275 22.309923 21.386745
v 6.044275 22.309923 21.386745
v 6.044275 0.003437 21.386745
v 12.088550 16.733301 21.386745
v 3.022137 0.003437 21.386745
v 3.022137 22.309923 21.386745
v -3.022137 22.309923 21.386745
v -3.022137 0.003437 21.386745
v 21.193323 11.156680 21.386745
v 21.193323 16.733301 21.386745
v 21.193323 5.580059 21.386745
v 9.066412 22.309923 21.386745
v 9.066412 0.003437 21.386745
v 7.555344 0.003437 21.386745
v 7.555344 22.309923 21.386745
v 10.577481 22.309923 21.386745
v 10.577481 0.003437 21.386745
v -4.533206 0.003437 21.386745
v -4.533206 22.309923 21.386745
v -9.066412 0.003437 21.386745
v -9.066412 22.309923 21.386745
v -7.555344 22.309923 21.386745
v -7.555344 0.003437 21.386745
v -10.577481 0.003437 21.386745
v -10.577481 22.309923 21.386745
v -1.511069 0.003437 21.386745
v 1.511069 0.003437 21.386745
v 4.533206 22.309923 21.386745
v 4.533206 0.003437 21.386745
v -12.088550 0.003437 24.677013
v 12.088550 22.309923 24.677013
v 0.000000 0.003437 24.677013
v 0.000000 22.309923 24.677013
v -6.044275 0.003437 24.677013
v -6.044275 22.309923 24.677013
v 6.044275 22.309923 24.677013
v 6.044275 0.003437 24.677013
v 12.088550 16.733301 24.677013
v 3.022137 0.003437 24.677013
v 3.022137 22.309923 24.677013
v -3.022137 22.309923 24.677013
v -3.022137 0.003437 24.677013
v 21.193323 11.156680 24.677013
v 21.193323 16.733301 24.677013
v 21.193323 5.580059 24.677013
v 9.066412 22.309923 24.677013
v 9.066412 0.003437 24.677013
v 7.555344 0.003437 24.677013
v 7.555344 22.309923 24.677013
v 10.577481 22.309923 24.677013
v 10.577481 0.003437 24.677013
v -4.533206 0.003437 24.677013
v -4.533206 22.309923 24.677013
v -9.066412 0.003437 24.677013
v -9.066412 22.309923 24.677013
v -7.555344 22.309923 24.677013
v -7.555344 0.003437 24.677013
v -10.577481 0.003437 24.677013
v -10.577481 22.309923 24.677013
v -1.511069 0.003437 24.677013
v 1.511069 0.003437 24.677013
v 4.533206 22.309923 24.677013
v 4.533206 0.003437 24.677013
v -12.088550 22.309923 24.677013
v 12.088550 0.003437 24.677013
v -12.088550 11.156680 24.677013
v -12.088550 16.733301 24.677013
v -12.088550 5.580059 24.677013
v 21.193323 0.003437 24.677013
v -10.594495 0.114060 -26.295696
v -12.105563 0.114060 -26.295696
v -1.528082 0.114060 -26.295696
v -3.039151 0.114060 -26.295696
v -3.039151 0.114060 -1.618683
v -3.039151 0.114060 0.026451
v 4.516192 0.114060 0.026451
v 3.005124 0.114060 0.026451
v -1.528082 0.114060 0.026451
v 1.494055 0.114060 -19.715160
v -0.017014 0.114060 -19.715160
v 7.538330 0.114060 -19.715160
v 6.027261 0.114060 -19.715160
v -0.017014 0.114060 11.542391
v -0.017014 0.114060 13.187524
v 1.494055 0.114060 13.187524
v 6.027261 0.114060 18.122927
v 6.027261 0.114060 19.768061
v 3.005124 0.114060 18.122927
v 3.005124 0.114060 19.768061
v 4.516192 0.114060 19.768061
v -1.528082 0.114060 19.768061
v -3.039151 0.114060 19.768061
v 7.538330 0.114060 19.768061
v 3.005124 0.114060 4.961854
v 3.005124 0.114060 6.606988
v 10.560467 0.114060 0.026451
v 9.049398 0.114060 0.026451
v 10.560467 0.114060 13.187524
v 9.049398 0.114060 13.187524
v 9.049398 0.114060 4.961854
v 9.049398 0.114060 6.606988
v 9.049398 0.114060 11.542391
v 9.049398 0.114060 -1.618683
v 9.049398 0.114060 -13.134623
v 7.538330 0.114060 -13.134623
v 7.538330 0.114060 6.606988
v 7.538330 0.114060 18.122927
v 7.538330 0.114060 4.961854
v 10.560467 0.114060 11.542391
v 10.560467 0.114060 -1.618683
v -3.039151 0.114060 13.187524
v -4.550220 0.114060 13.187524
v -9.083426 0.114060 4.961854
v -9.083426 0.114060 6.606988
v -9.083426 0.114060 -1.618683
v -9.083426 0.114060 0.026451
v -6.061289 0.114060 0.026451
v -7.572358 0.114060 0.026451
v -6.061289 0.114060 13.187524
v -7.572358 0.114060 13.187524
v -10.594495 0.114060 0.026451
v -10.594495 0.114060 6.606988
v -10.594495 0.114060 -1.618683
v -10.594495 0.114060 4.961854
v -0.017014 0.114060 6.606988
v -1.528082 0.114060 6.606988
v -1.528082 0.114060 -1.618683
v 1.494055 0.114060 6.606988
v 1.494055 0.114060 4.961854
v 1.494055 0.114060 11.542391
v 4.516192 0.114060 18.122927
v 12.071536 0.114060 -21.360294
v 12.071536 0.114060 -23.005428
v -6.061289 0.114060 -24.650562
v -6.061289 0.114060 -23.005428
v 3.005124 0.114060 -24.650562
v 3.005124 0.114060 -23.005428
v -4.550220 0.114060 -24.650562
v -4.550220 0.114060 -23.005428
v 4.516192 0.114060 -24.650562
v 4.516192 0.114060 -23.005428
v 9.049398 0.114060 -23.005428
v 7.538330 0.114060 -23.005428
v 10.560467 0.114060 -23.005428
v -0.017014 0.114060 -23.005428
v -1.528082 0.114060 -23.005428
v -3.039151 0.114060 -18.070026
v -3.039151 0.114060 -16.424892
v 9.049398 0.114060 -18.070026
v 9.049398 0.114060 -16.424892
v 10.560467 0.114060 -18.070026
v 10.560467 0.114060 -16.424892
v -4.550220 0.114060 -18.070026
v -4.550220 0.114060 -16.424892
v -9.083426 0.114060 -18.070026
v -9.083426 0.114060 -16.424892
v -10.594495 0.114060 -18.070026
v -10.594495 0.114060 -16.424892
v 4.516192 0.114060 -16.424892
v 3.005124 0.114060 -16.424892
v -6.061289 0.114060 -16.424892
v -7.572358 0.114060 -16.424892
v -6.061289 0.114060 -11.489489
v -6.061289 0.114060 -9.844354
v -4.550220 0.114060 -11.489489
v -4.550220 0.114060 -9.844354
v -9.083426 0.114060 -9.844354
v -10.594495 0.114060 -9.844354
v 6.027261 0.114060 -9.844354
v 4.516192 0.114060 -9.844354
v -0.017014 0.114060 -9.844354
v -1.528082 0.114060 -9.844354
v -0.017014 0.114060 -8.199220
v 6.027261 0.114060 -8.199220
v -9.083426 0.114060 -8.199220
v -10.594495 0.114060 -8.199220
v -1.528082 0.114060 -8.199220
v 4.516192 0.114060 -8.199220
v 9.049398 0.114060 -11.489489
v 7.538330 0.114060 -11.489489
v -6.061289 0.114060 -14.779757
v 3.005124 0.114060 -14.779757
v -7.572358 0.114060 -14.779757
v 4.516192 0.114060 -14.779757
v -0.017014 0.114060 -18.070026
v 6.027261 0.114060 -18.070026
v 7.538330 0.114060 -18.070026
v 1.494055 0.114060 -18.070026
v -0.017014 0.114060 -21.360294
v 9.049398 0.114060 -21.360294
v 7.538330 0.114060 -21.360294
v 10.560467 0.114060 -21.360294
v -1.528082 0.114060 -21.360294
v -12.105563 0.114060 -24.650562
v -3.039151 0.114060 -24.650562
v -10.594495 0.114060 -24.650562
v -1.528082 0.114060 -24.650562
v -6.061289 0.114060 -4.908952
v -6.061289 0.114060 -3.263817
v 3.005124 0.114060 -4.908952
v 3.005124 0.114060 -3.263817
v -3.039151 0.114060 -4.908952
v -3.039151 0.114060 -3.263817
v 9.049398 0.114060 -4.908952
v 9.049398 0.114060 -3.263817
v 7.538330 0.114060 -4.908952
v 7.538330 0.114060 -3.263817
v -4.550220 0.114060 -4.908952
v -4.550220 0.114060 -3.263817
v -1.528082 0.114060 -4.908952
v -1.528082 0.114060 -3.263817
v 1.494055 0.114060 -4.908952
v 1.494055 0.114060 -3.263817
v 3.005124 0.114060 1.605780
v 3.005124 0.114060 3.316719
v 4.516192 0.114060 1.605780
v 4.516192 0.114060 3.316719
v 9.049398 0.114060 3.316719
v 7.538330 0.114060 3.316719
v -3.039151 0.114060 3.316719
v -4.550220 0.114060 3.316719
v -6.061289 0.114060 1.605780
v 9.049398 0.114060 1.605780
v 10.560467 0.114060 1.605780
v -7.572358 0.114060 1.605780
v -3.039151 0.114060 4.961854
v -4.550220 0.114060 4.961854
v 12.071536 0.114060 11.542391
v 12.071536 0.114060 9.897257
v -9.083426 0.114060 8.252122
v -9.083426 0.114060 9.897257
v -7.572358 0.114060 8.252122
v -7.572358 0.114060 9.897257
v 10.560467 0.114060 9.897257
v 6.027261 0.114060 9.897257
v 4.516192 0.114060 9.897257
v -0.017014 0.114060 8.252122
v -1.528082 0.114060 8.252122
v 6.027261 0.114060 11.542391
v 4.516192 0.114060 11.542391
v 10.560467 0.114060 16.477793
v 9.049398 0.114060 16.477793
v 9.049398 0.114060 18.122927
v 10.560467 0.114060 18.122927
v -6.061289 0.114060 14.832659
v -3.039151 0.114060 14.832659
v -4.550220 0.114060 14.832659
v -7.572358 0.114060 14.832659
v -0.017014 0.114060 21.413195
v -0.017014 0.114060 23.058329
v 3.005124 0.114060 21.413195
v 3.005124 0.114060 23.058329
v 1.494055 0.114060 21.413195
v 1.494055 0.114060 23.058329
v 4.516192 0.114060 21.413195
v 4.516192 0.114060 23.058329
v -7.572358 0.114060 23.058329
v -9.083426 0.114060 23.058329
v -3.039151 0.114060 23.058329
v -4.550220 0.114060 23.058329
v -3.039151 0.114060 21.413195
v -1.528082 0.114060 21.413195
v -3.039151 0.114060 24.703465
v -4.550220 0.114060 24.703465
v -9.083426 0.114060 24.703465
v -7.572358 0.114060 24.703465
v -1.451440 -0.096028 26.374571
v 0.059629 -0.096028 26.374571
v 0.059629 -0.096028 24.729437
v 6.103903 -0.096028 -14.753784
v 6.103903 -0.096028 -13.108649
v 7.614972 -0.096028 -13.108649
v 1.570697 -0.096028 -13.108649
v 0.059629 -0.096028 -13.108649
v 3.081766 -0.096028 -8.173247
v 3.081766 -0.096028 -6.528113
v -2.962509 -0.096028 -8.173247
v -2.962509 -0.096028 -6.528113
v -2.962509 -0.096028 -21.334320
v -2.962509 -0.096028 -19.689186
v -1.451440 -0.096028 -19.689186
v 6.103903 -0.096028 11.568363
v 6.103903 -0.096028 13.213498
v 7.614972 -0.096028 13.213498
v -5.984646 -0.096028 18.148901
v -5.984646 -0.096028 19.794035
v 12.148178 -0.096028 21.439169
v 12.148178 -0.096028 19.794035
v -4.473577 -0.096028 19.794035
v 10.637110 -0.096028 -13.108649
v 9.126040 -0.096028 -13.108649
v 10.637110 -0.096028 -6.528113
v 9.126040 -0.096028 -6.528113
v 9.126040 -0.096028 -8.173247
v 9.126040 -0.096028 -14.753784
v 9.126040 -0.096028 -1.592710
v 9.126040 -0.096028 0.052424
v 7.614972 -0.096028 0.052424
v 9.126040 -0.096028 6.632961
v 7.614972 -0.096028 6.632961
v 7.614972 -0.096028 -1.592710
v 7.614972 -0.096028 -14.753784
v 7.614972 -0.096028 11.568363
v 12.148178 -0.096028 0.052424
v 10.637110 -0.096028 0.052424
v 10.637110 -0.096028 19.794035
v 12.148178 -0.096028 6.632961
v 10.637110 -0.096028 6.632961
v 10.637110 -0.096028 4.987827
v 10.637110 -0.096028 -8.173247
v 10.637110 -0.096028 -14.753784
v 10.637110 -0.096028 -1.592710
v -4.473577 -0.096028 -6.528113
v -4.473577 -0.096028 18.148901
v -4.473577 -0.096028 -8.173247
v -7.495715 -0.096028 19.794035
v -9.006783 -0.096028 19.794035
v -9.006783 -0.096028 -14.753784
v -9.006783 -0.096028 -13.108649
v -10.517853 -0.096028 -13.108649
v -10.517853 -0.096028 -14.753784
v -1.451440 -0.096028 -21.334320
v -1.451440 -0.096028 24.729437
v 1.570697 -0.096028 -6.528113
v 1.570697 -0.096028 -8.173247
v 9.126040 -0.096028 -24.624590
v 9.126040 -0.096028 -22.979454
v 7.614972 -0.096028 -24.624590
v 7.614972 -0.096028 -22.979454
v -9.006783 -0.096028 -24.624590
v -9.006783 -0.096028 -22.979454
v -7.495715 -0.096028 -24.624590
v -7.495715 -0.096028 -22.979454
v 4.592835 -0.096028 -22.979454
v 3.081766 -0.096028 -22.979454
v -5.984646 -0.096028 -18.044052
v -5.984646 -0.096028 -16.398918
v -4.473577 -0.096028 -18.044052
v -4.473577 -0.096028 -16.398918
v 0.059629 -0.096028 -11.463515
v 1.570697 -0.096028 -11.463515
v 3.081766 -0.096028 -21.334320
v 4.592835 -0.096028 -21.334320
v 6.103903 -0.096028 -4.882978
v 6.103903 -0.096028 -3.237844
v -9.006783 -0.096028 -4.882978
v -9.006783 -0.096028 -3.237844
v -7.495715 -0.096028 -4.882978
v -7.495715 -0.096028 -3.237844
v 4.592835 -0.096028 -4.882978
v 4.592835 -0.096028 -3.237844
v 12.148178 -0.096028 -1.592710
v 0.059629 -0.096028 1.631753
v 0.059629 -0.096028 3.342692
v -9.006783 -0.096028 1.631753
v -9.006783 -0.096028 3.342692
v -10.517853 -0.096028 1.631753
v -10.517853 -0.096028 3.342692
v 1.570697 -0.096028 1.631753
v 1.570697 -0.096028 3.342692
v 4.592835 -0.096028 3.342692
v 3.081766 -0.096028 3.342692
v -1.451440 -0.096028 3.342692
v 0.059629 -0.096028 4.987827
v 3.081766 -0.096028 4.987827
v -1.451440 -0.096028 4.987827
v 4.592835 -0.096028 4.987827
v 12.148178 -0.096028 4.987827
v -5.984646 -0.096028 8.278095
v -5.984646 -0.096028 9.923229
v -4.473577 -0.096028 8.278095
v -4.473577 -0.096028 9.923229
v 9.126040 -0.096028 8.278095
v 7.614972 -0.096028 8.278095
v 6.103903 -0.096028 14.858632
v 6.103903 -0.096028 16.503767
v -9.006783 -0.096028 14.858632
v -9.006783 -0.096028 16.503767
v -10.517853 -0.096028 14.858632
v -10.517853 -0.096028 16.503767
v 4.592835 -0.096028 14.858632
v 4.592835 -0.096028 16.503767
v 1.570697 -0.096028 16.503767
v 0.059629 -0.096028 16.503767
v 0.059629 -0.096028 18.148901
v 1.570697 -0.096028 18.148901
v 6.103903 -0.096028 21.439169
v 6.103903 -0.096028 23.084303
v 7.614972 -0.096028 21.439169
v 7.614972 -0.096028 23.084303
v 10.637110 -0.096028 23.084303
v 9.126040 -0.096028 23.084303
v 10.637110 -0.096028 21.439169
v -9.006783 -0.096028 21.439169
v -7.495715 -0.096028 21.439169
v 9.126040 -0.096028 24.729437
v 10.637110 -0.096028 24.729437
v -6.076899 0.045628 -1.687193
v -6.076899 0.045628 -0.042059
v 2.989513 0.045628 -1.687193
v 2.989513 0.045628 -0.042059
v -4.565830 0.045628 -0.042059
v -1.543693 0.045628 -0.042059
v -3.054761 0.045628 -0.042059
v -3.054761 0.045628 -14.848266
v -3.054761 0.045628 -13.203132
v 9.033788 0.045628 -8.267730
v 9.033788 0.045628 -6.622596
v 7.522719 0.045628 -6.622596
v 7.522719 0.045628 -8.267730
v -4.565830 0.045628 -13.203132
v -4.565830 0.045628 -14.848266
v -4.565830 0.045628 -1.687193
v 1.478445 0.045628 -0.042059
v 1.478445 0.045628 -1.687193
v 2.989513 0.045628 -23.073936
v 1.478445 0.045628 -23.073936
v 6.011651 0.045628 -18.138535
v 6.011651 0.045628 -16.493401
v 4.500582 0.045628 -18.138535
v 4.500582 0.045628 -16.493401
v 2.989513 0.045628 -21.428802
v 1.478445 0.045628 -21.428802
v 6.011651 0.045628 3.248210
v 4.500582 0.045628 3.248210
v -6.076899 0.045628 3.248210
v -7.587968 0.045628 3.248210
v -3.054761 0.045628 1.537270
v -1.543693 0.045628 1.537270
v -6.076899 0.045628 4.893344
v 6.011651 0.045628 4.893344
v -7.587968 0.045628 4.893344
v 4.500582 0.045628 4.893344
v -0.032624 0.045628 8.183612
v -0.032624 0.045628 9.828747
v 2.989513 0.045628 8.183612
v 2.989513 0.045628 9.828747
v -1.543693 0.045628 8.183612
v -1.543693 0.045628 9.828747
v 4.500582 0.045628 8.183612
v 4.500582 0.045628 9.828747
v -3.054761 0.045628 9.828747
v -4.565830 0.045628 9.828747
v -3.054761 0.045628 11.473881
v -4.565830 0.045628 11.473881
v -0.032624 0.045628 14.764150
v -0.032624 0.045628 16.409285
v -1.543693 0.045628 14.764150
v -1.543693 0.045628 16.409285
v -4.673458 5.580059 -26.322147
v -4.673458 0.003437 -26.322147
v -4.673458 5.580059 -24.677013
v -4.673458 0.003437 -21.386745
v -4.673458 0.003437 -19.741611
v -4.673458 5.580059 -19.741611
v -4.673458 5.580059 -21.386745
v -4.673458 5.580059 -23.031879
v -4.673458 0.003437 -24.677013
v -4.673458 0.003437 -23.031879
vn -0.0000 1.0000 -0.0000
vn -0.0000 -0.0000 1.0000
vn -1.0000 -0.0000 -0.0000
vn -0.0000 -1.0000 -0.0000
vn 1.0000 -0.0000 -0.0000
vn -0.0000 -0.0000 -1.0000
vn 0.8577 0.5142 -0.0000
vn -0.0000 0.9303 0.3668
vn -0.0000 -0.9303 -0.3668
vn -0.0000 0.8812 -0.4727
vn -0.0000 -0.8812 0.4727
vn -0.0000 -0.8596 -0.5110
vn -0.0000 0.8596 0.5110
vn -0.0000 -0.7060 -0.7082
vn -0.0000 0.4663 0.8846
vn -0.8577 -0.5142 -0.0000
vn 0.9884 0.1520 -0.0000
vn -0.9884 -0.1520 -0.0000
vn -0.0000 0.2325 -0.9726
vn -0.0000 -0.4663 -0.8846
vn -0.0000 -0.2326 0.9726
vn -0.7911 -0.6117 -0.0000
vn -0.0000 0.2326 -0.9726
vn -0.0000 -0.2325 0.9726
vn 0.7911 0.6117 -0.0000
vn -0.0000 0.4663 0.8847
vn -0.0000 -0.4663 -0.8847
vn -0.0000 0.7060 0.7082
vt 0.859375 0.742188
vt 0.875000 0.742188
vt 0.875000 0.750000
vt 0.859375 0.750000
vt 0.562500 0.984375
vt 0.625000 0.984375
vt 0.625000 1.000000
vt 0.562500 1.000000
vt 0.562500 0.242188
vt 0.625000 0.242188
vt 0.625000 0.250000
vt 0.562500 0.250000
vt 0.359375 0.742188
vt 0.375000 0.742188
vt 0.375000 0.750000
vt 0.359375 0.750000
vt 0.562500 0.742188
vt 0.625000 0.742188
vt 0.625000 0.750000
vt 0.562500 0.750000
vt 0.562500 0.484375
vt 0.625000 0.484375
vt 0.625000 0.500000
vt 0.562500 0.500000
vt 0.562500 0.343750
vt 0.625000 0.343750
vt 0.625000 0.375000
vt 0.562500 0.375000
vt 0.218750 0.585938
vt 0.218750 0.593750
vt 0.562500 0.843750
vt 0.625000 0.843750
vt 0.625000 0.875000
vt 0.562500 0.875000
vt 0.718750 0.742188
vt 0.750000 0.742188
vt 0.750000 0.750000
vt 0.718750 0.750000
vt 0.171875 0.742188
vt 0.187500 0.742188
vt 0.187500 0.750000
vt 0.171875 0.750000
vt 0.562500 0.296875
vt 0.625000 0.296875
vt 0.625000 0.312500
vt 0.562500 0.312500
vt 0.562500 0.921875
vt 0.625000 0.921875
vt 0.625000 0.937500
vt 0.562500 0.937500
vt 0.796875 0.742188
vt 0.812500 0.742188
vt 0.812500 0.750000
vt 0.796875 0.750000
vt 0.671875 0.742188
vt 0.687500 0.742188
vt 0.687500 0.750000
vt 0.671875 0.750000
vt 0.562500 0.796875
vt 0.625000 0.796875
vt 0.625000 0.812500
vt 0.562500 0.812500
vt 0.562500 0.421875
vt 0.625000 0.421875
vt 0.625000 0.437500
vt 0.562500 0.437500
vt 0.296875 0.742188
vt 0.312500 0.742188
vt 0.312500 0.750000
vt 0.296875 0.750000
vt 0.437500 0.421875
vt 0.500000 0.421875
vt 0.500000 0.437500
vt 0.437500 0.437500
vt 0.437500 0.796875
vt 0.500000 0.796875
vt 0.500000 0.812500
vt 0.437500 0.812500
vt 0.437500 0.921875
vt 0.500000 0.921875
vt 0.500000 0.937500
vt 0.437500 0.937500
vt 0.437500 0.296875
vt 0.500000 0.296875
vt 0.500000 0.312500
vt 0.437500 0.312500
vt 0.437500 0.484375
vt 0.500000 0.484375
vt 0.500000 0.500000
vt 0.437500 0.500000
vt 0.375000 0.726562
vt 0.375000 0.718750
vt 0.437500 0.242188
vt 0.500000 0.242188
vt 0.500000 0.250000
vt 0.437500 0.250000
vt 0.437500 0.984375
vt 0.500000 0.984375
vt 0.500000 1.000000
vt 0.437500 1.000000
vt 0.500000 0.843750
vt 0.500000 0.875000
vt 0.500000 0.343750
vt 0.500000 0.375000
vt 0.500000 0.750000
vt 0.375000 0.984375
vt 0.375000 1.000000
vt 0.375000 0.218750
vt 0.437500 0.218750
vt 0.500000 0.687500
vt 0.562500 0.687500
vt 0.375000 0.484375
vt 0.375000 0.500000
vt 0.375000 0.296875
vt 0.375000 0.312500
vt 0.375000 0.921875
vt 0.375000 0.937500
vt 0.375000 0.796875
vt 0.375000 0.812500
vt 0.375000 0.421875
vt 0.375000 0.437500
vt 0.375000 0.828125
vt 0.437500 0.828125
vt 0.437500 0.843750
vt 0.375000 0.843750
vt 0.500000 0.828125
vt 0.562500 0.828125
vt 0.562500 0.406250
vt 0.500000 0.406250
vt 0.265625 0.742188
vt 0.281250 0.742188
vt 0.281250 0.750000
vt 0.265625 0.750000
vt 0.625000 0.406250
vt 0.703125 0.742188
vt 0.703125 0.750000
vt 0.625000 0.828125
vt 0.375000 0.328125
vt 0.437500 0.328125
vt 0.437500 0.343750
vt 0.375000 0.343750
vt 0.500000 0.328125
vt 0.562500 0.328125
vt 0.562500 0.906250
vt 0.500000 0.906250
vt 0.781250 0.742188
vt 0.781250 0.750000
vt 0.625000 0.906250
vt 0.203125 0.742188
vt 0.218750 0.742188
vt 0.218750 0.750000
vt 0.203125 0.750000
vt 0.625000 0.328125
vt 0.437500 0.406250
vt 0.375000 0.406250
vt 0.234375 0.500000
vt 0.218750 0.500000
vt 0.265625 0.500000
vt 0.250000 0.500000
vt 0.437500 0.906250
vt 0.375000 0.906250
vt 0.234375 0.750000
vt 0.250000 0.750000
vt 0.203125 0.617188
vt 0.218750 0.617188
vt 0.218750 0.625000
vt 0.203125 0.625000
vt 0.750000 0.617188
vt 0.781250 0.617188
vt 0.781250 0.625000
vt 0.750000 0.625000
vt 0.703125 0.617188
vt 0.718750 0.617188
vt 0.718750 0.625000
vt 0.703125 0.625000
vt 0.187500 0.648438
vt 0.171875 0.648438
vt 0.500000 0.656250
vt 0.437500 0.656250
vt 0.500000 0.125000
vt 0.437500 0.125000
vt 0.562500 0.117500
vt 0.562500 0.125000
vt 0.562500 0.554688
vt 0.562500 0.562500
vt 0.375000 0.062500
vt 0.437500 0.062500
vt 0.375000 0.539062
vt 0.375000 0.531250
vt 0.296875 0.617188
vt 0.312500 0.617188
vt 0.312500 0.625000
vt 0.296875 0.625000
vt 0.671875 0.617188
vt 0.687500 0.617188
vt 0.687500 0.625000
vt 0.671875 0.625000
vt 0.796875 0.617188
vt 0.812500 0.617188
vt 0.812500 0.625000
vt 0.796875 0.625000
vt 0.171875 0.617188
vt 0.187500 0.617188
vt 0.187500 0.625000
vt 0.171875 0.625000
vt 0.234375 0.617188
vt 0.250000 0.617188
vt 0.250000 0.625000
vt 0.234375 0.625000
vt 0.562500 0.617188
vt 0.625000 0.617188
vt 0.625000 0.625000
vt 0.562500 0.625000
vt 0.156250 0.640625
vt 0.140625 0.640625
vt 0.625000 0.117500
vt 0.625000 0.125000
vt 0.859375 0.617188
vt 0.875000 0.617188
vt 0.875000 0.625000
vt 0.859375 0.625000
vt 0.859375 0.554688
vt 0.875000 0.554688
vt 0.875000 0.562500
vt 0.859375 0.562500
vt 0.359375 0.554688
vt 0.375000 0.554688
vt 0.375000 0.562500
vt 0.359375 0.562500
vt 0.625000 0.554688
vt 0.625000 0.562500
vt 0.234375 0.554688
vt 0.250000 0.554688
vt 0.250000 0.562500
vt 0.234375 0.562500
vt 0.718750 0.554688
vt 0.750000 0.554688
vt 0.750000 0.562500
vt 0.718750 0.562500
vt 0.171875 0.554688
vt 0.187500 0.554688
vt 0.187500 0.562500
vt 0.171875 0.562500
vt 0.796875 0.554688
vt 0.812500 0.554688
vt 0.812500 0.562500
vt 0.796875 0.562500
vt 0.671875 0.554688
vt 0.687500 0.554688
vt 0.687500 0.562500
vt 0.671875 0.562500
vt 0.296875 0.554688
vt 0.312500 0.554688
vt 0.312500 0.562500
vt 0.296875 0.562500
vt 0.375000 0.687500
vt 0.437500 0.687500
vt 0.437500 0.750000
vt 0.562500 0.523438
vt 0.562500 0.531250
vt 0.265625 0.554688
vt 0.281250 0.554688
vt 0.281250 0.562500
vt 0.265625 0.562500
vt 0.703125 0.554688
vt 0.703125 0.562500
vt 0.781250 0.554688
vt 0.781250 0.562500
vt 0.250000 0.703125
vt 0.234375 0.703125
vt 0.437500 0.156250
vt 0.500000 0.156250
vt 0.562500 0.210938
vt 0.562500 0.218750
vt 0.125000 0.679688
vt 0.125000 0.687500
vt 0.562500 0.179688
vt 0.625000 0.179688
vt 0.625000 0.187500
vt 0.562500 0.187500
vt 0.562500 0.148438
vt 0.625000 0.148438
vt 0.625000 0.156250
vt 0.562500 0.156250
vt 0.437500 0.148438
vt 0.500000 0.148438
vt 0.375000 0.148438
vt 0.375000 0.156250
vt 0.859375 0.585938
vt 0.875000 0.585938
vt 0.875000 0.593750
vt 0.859375 0.593750
vt 0.359375 0.585938
vt 0.375000 0.585938
vt 0.375000 0.593750
vt 0.359375 0.593750
vt 0.562500 0.585938
vt 0.625000 0.585938
vt 0.625000 0.593750
vt 0.562500 0.593750
vt 0.234375 0.585938
vt 0.250000 0.585938
vt 0.250000 0.593750
vt 0.234375 0.593750
vt 0.718750 0.585938
vt 0.750000 0.585938
vt 0.750000 0.593750
vt 0.718750 0.593750
vt 0.171875 0.585938
vt 0.187500 0.585938
vt 0.187500 0.593750
vt 0.171875 0.593750
vt 0.796875 0.585938
vt 0.812500 0.585938
vt 0.812500 0.593750
vt 0.796875 0.593750
vt 0.671875 0.585938
vt 0.687500 0.585938
vt 0.687500 0.593750
vt 0.671875 0.593750
vt 0.296875 0.585938
vt 0.312500 0.585938
vt 0.312500 0.593750
vt 0.296875 0.593750
vt 0.437500 0.585938
vt 0.500000 0.585938
vt 0.500000 0.593750
vt 0.437500 0.593750
vt 0.203125 0.593750
vt 0.203125 0.585938
vt 0.703125 0.585938
vt 0.703125 0.593750
vt 0.781250 0.585938
vt 0.781250 0.593750
vt 0.187500 0.671875
vt 0.187500 0.664062
vt 0.203125 0.523438
vt 0.218750 0.523438
vt 0.218750 0.531250
vt 0.203125 0.531250
vt 0.750000 0.523438
vt 0.781250 0.523438
vt 0.781250 0.531250
vt 0.750000 0.531250
vt 0.703125 0.523438
vt 0.718750 0.523438
vt 0.718750 0.531250
vt 0.703125 0.531250
vt 0.265625 0.523438
vt 0.281250 0.523438
vt 0.281250 0.531250
vt 0.265625 0.531250
vt 0.562500 0.648438
vt 0.562500 0.656250
vt 0.296875 0.523438
vt 0.312500 0.523438
vt 0.312500 0.531250
vt 0.296875 0.531250
vt 0.671875 0.523438
vt 0.687500 0.523438
vt 0.687500 0.531250
vt 0.671875 0.531250
vt 0.796875 0.523438
vt 0.812500 0.523438
vt 0.812500 0.531250
vt 0.796875 0.531250
vt 0.171875 0.523438
vt 0.187500 0.523438
vt 0.187500 0.531250
vt 0.171875 0.531250
vt 0.234375 0.523438
vt 0.250000 0.523438
vt 0.250000 0.531250
vt 0.234375 0.531250
vt 0.625000 0.523438
vt 0.625000 0.531250
vt 0.359375 0.523438
vt 0.375000 0.523438
vt 0.359375 0.531250
vt 0.859375 0.523438
vt 0.875000 0.523438
vt 0.875000 0.531250
vt 0.859375 0.531250
vt 0.500000 0.062500
vt 0.562500 0.062500
vt 0.625000 0.210938
vt 0.625000 0.218750
vt 0.562500 0.054688
vt 0.625000 0.054688
vt 0.625000 0.062500
vt 0.437500 0.054688
vt 0.500000 0.054688
vt 0.375000 0.054688
vt 0.203125 0.679688
vt 0.218750 0.679688
vt 0.218750 0.687500
vt 0.203125 0.687500
vt 0.750000 0.679688
vt 0.781250 0.679688
vt 0.781250 0.687500
vt 0.750000 0.687500
vt 0.703125 0.679688
vt 0.718750 0.679688
vt 0.718750 0.687500
vt 0.703125 0.687500
vt 0.265625 0.679688
vt 0.281250 0.679688
vt 0.281250 0.687500
vt 0.265625 0.687500
vt 0.375000 0.679688
vt 0.437500 0.679688
vt 0.500000 0.679688
vt 0.562500 0.679688
vt 0.296875 0.679688
vt 0.312500 0.679688
vt 0.312500 0.687500
vt 0.296875 0.687500
vt 0.671875 0.679688
vt 0.687500 0.679688
vt 0.687500 0.687500
vt 0.671875 0.687500
vt 0.796875 0.679688
vt 0.812500 0.679688
vt 0.812500 0.687500
vt 0.796875 0.687500
vt 0.171875 0.679688
vt 0.187500 0.679688
vt 0.187500 0.687500
vt 0.171875 0.687500
vt 0.234375 0.679688
vt 0.250000 0.679688
vt 0.250000 0.687500
vt 0.234375 0.687500
vt 0.625000 0.679688
vt 0.625000 0.687500
vt 0.359375 0.679688
vt 0.359375 0.687500
vt 0.859375 0.679688
vt 0.875000 0.679688
vt 0.875000 0.687500
vt 0.859375 0.687500
vt 0.375000 0.023438
vt 0.437500 0.023438
vt 0.437500 0.031250
vt 0.375000 0.031250
vt 0.500000 0.023438
vt 0.562500 0.023438
vt 0.562500 0.031250
vt 0.500000 0.031250
vt 0.625000 0.023438
vt 0.625000 0.031250
vt 0.203125 0.710938
vt 0.218750 0.710938
vt 0.218750 0.718750
vt 0.203125 0.718750
vt 0.750000 0.710938
vt 0.781250 0.710938
vt 0.781250 0.718750
vt 0.750000 0.718750
vt 0.703125 0.710938
vt 0.718750 0.710938
vt 0.718750 0.718750
vt 0.703125 0.718750
vt 0.265625 0.710938
vt 0.281250 0.710938
vt 0.281250 0.718750
vt 0.265625 0.718750
vt 0.296875 0.710938
vt 0.312500 0.710938
vt 0.312500 0.718750
vt 0.296875 0.718750
vt 0.671875 0.710938
vt 0.687500 0.710938
vt 0.687500 0.718750
vt 0.671875 0.718750
vt 0.796875 0.710938
vt 0.812500 0.710938
vt 0.812500 0.718750
vt 0.796875 0.718750
vt 0.171875 0.710938
vt 0.187500 0.710938
vt 0.187500 0.718750
vt 0.171875 0.718750
vt 0.234375 0.710938
vt 0.250000 0.710938
vt 0.250000 0.718750
vt 0.234375 0.718750
vt 0.562500 0.710938
vt 0.625000 0.710938
vt 0.625000 0.718750
vt 0.562500 0.718750
vt 0.359375 0.710938
vt 0.375000 0.710938
vt 0.359375 0.718750
vt 0.859375 0.710938
vt 0.875000 0.710938
vt 0.875000 0.718750
vt 0.859375 0.718750
vt 0.859375 0.648438
vt 0.875000 0.648438
vt 0.875000 0.656250
vt 0.859375 0.656250
vt 0.171875 0.515625
vt 0.156250 0.515625
vt 0.625000 0.648438
vt 0.625000 0.656250
vt 0.234375 0.648438
vt 0.250000 0.648438
vt 0.250000 0.656250
vt 0.234375 0.656250
vt 0.718750 0.648438
vt 0.750000 0.648438
vt 0.750000 0.656250
vt 0.718750 0.656250
vt 0.187500 0.656250
vt 0.171875 0.656250
vt 0.796875 0.648438
vt 0.812500 0.648438
vt 0.812500 0.656250
vt 0.796875 0.656250
vt 0.671875 0.648438
vt 0.687500 0.648438
vt 0.687500 0.656250
vt 0.671875 0.656250
vt 0.296875 0.648438
vt 0.312500 0.648438
vt 0.312500 0.656250
vt 0.296875 0.656250
vt 0.250000 0.734375
vt 0.250000 0.726562
vt 0.703125 0.648438
vt 0.703125 0.656250
vt 0.781250 0.648438
vt 0.781250 0.656250
vt 0.203125 0.648438
vt 0.218750 0.648438
vt 0.218750 0.656250
vt 0.203125 0.656250
vt 0.562500 0.085938
vt 0.625000 0.085938
vt 0.625000 0.093750
vt 0.562500 0.093750
vt 0.375000 0.125000
vt 0.500000 0.218750
vt 0.375000 0.117500
vt 0.437500 0.117500
vt 0.500000 0.117500
vt 0.375000 0.179688
vt 0.437500 0.179688
vt 0.437500 0.187500
vt 0.375000 0.187500
vt 0.500000 0.179688
vt 0.500000 0.187500
vt 0.375000 0.210938
vt 0.437500 0.210938
vt 0.500000 0.210938
vt 0.437500 0.085938
vt 0.500000 0.085938
vt 0.500000 0.093750
vt 0.437500 0.093750
vt 0.375000 0.085938
vt 0.375000 0.093750
vt 0.125000 0.585938
vt 0.125000 0.593750
vt 0.125000 0.554688
vt 0.125000 0.562500
vt 0.125000 0.648438
vt 0.125000 0.656250
vt 0.437500 0.742188
vt 0.500000 0.742188
vt 0.375000 0.617188
vt 0.437500 0.617188
vt 0.437500 0.625000
vt 0.375000 0.625000
vt 0.500000 0.617188
vt 0.500000 0.625000
vt 0.437500 0.554688
vt 0.500000 0.554688
vt 0.500000 0.562500
vt 0.437500 0.562500
vt 0.437500 0.523438
vt 0.437500 0.531250
vt 0.500000 0.523438
vt 0.500000 0.531250
vt 0.437500 0.710938
vt 0.437500 0.718750
vt 0.500000 0.710938
vt 0.500000 0.718750
vt 0.437500 0.648438
vt 0.500000 0.648438
vt 0.375000 0.648438
vt 0.375000 0.656250
vt 0.375000 0.695312
vt 0.375000 0.601562
vt 0.375000 0.632500
vt 0.375000 0.507812
vt 0.640625 0.648438
vt 0.656250 0.648438
vt 0.656250 0.656250
vt 0.640625 0.656250
vt 0.234375 0.601562
vt 0.234375 0.609375
vt 0.328125 0.710938
vt 0.343750 0.710938
vt 0.343750 0.718750
vt 0.328125 0.718750
vt 0.640625 0.710938
vt 0.656250 0.710938
vt 0.656250 0.718750
vt 0.640625 0.718750
vt 0.328125 0.679688
vt 0.343750 0.679688
vt 0.343750 0.687500
vt 0.328125 0.687500
vt 0.640625 0.679688
vt 0.656250 0.679688
vt 0.656250 0.687500
vt 0.640625 0.687500
vt 0.328125 0.523438
vt 0.343750 0.523438
vt 0.343750 0.531250
vt 0.328125 0.531250
vt 0.640625 0.523438
vt 0.656250 0.523438
vt 0.656250 0.531250
vt 0.640625 0.531250
vt 0.640625 0.585938
vt 0.656250 0.585938
vt 0.656250 0.593750
vt 0.640625 0.593750
vt 0.281250 0.625000
vt 0.265625 0.625000
vt 0.640625 0.554688
vt 0.656250 0.554688
vt 0.656250 0.562500
vt 0.640625 0.562500
vt 0.328125 0.554688
vt 0.343750 0.554688
vt 0.343750 0.562500
vt 0.328125 0.562500
vt 0.265625 0.593750
vt 0.265625 0.585938
vt 0.640625 0.617188
vt 0.656250 0.617188
vt 0.656250 0.625000
vt 0.640625 0.625000
vt 0.375000 0.765625
vt 0.437500 0.765625
vt 0.437500 0.781250
vt 0.375000 0.781250
vt 0.375000 0.453125
vt 0.437500 0.453125
vt 0.437500 0.468750
vt 0.375000 0.468750
vt 0.500000 0.453125
vt 0.562500 0.453125
vt 0.562500 0.468750
vt 0.500000 0.468750
vt 0.500000 0.765625
vt 0.562500 0.765625
vt 0.562500 0.781250
vt 0.500000 0.781250
vt 0.625000 0.765625
vt 0.625000 0.781250
vt 0.640625 0.742188
vt 0.656250 0.742188
vt 0.656250 0.750000
vt 0.640625 0.750000
vt 0.625000 0.453125
vt 0.625000 0.468750
vt 0.328125 0.742188
vt 0.343750 0.742188
vt 0.343750 0.750000
vt 0.328125 0.750000
vt 0.328125 0.617188
vt 0.328125 0.625000
vt 0.171875 0.601562
vt 0.171875 0.609375
vt 0.328125 0.585938
vt 0.328125 0.593750
vt 0.328125 0.648438
vt 0.328125 0.656250
vt 0.343750 0.648438
vt 0.359375 0.648438
vt 0.359375 0.656250
vt 0.343750 0.656250
vt 0.140625 0.695312
vt 0.156250 0.695312
vt 0.156250 0.554688
vt 0.156250 0.562500
vt 0.359375 0.671875
vt 0.375000 0.671875
vt 0.140625 0.632500
vt 0.156250 0.632500
vt 0.203125 0.554688
vt 0.203125 0.562500
vt 0.281250 0.617188
vt 0.296875 0.507812
vt 0.296875 0.515625
vt 0.828125 0.648438
vt 0.843750 0.648438
vt 0.843750 0.656250
vt 0.828125 0.656250
vt 0.828125 0.710938
vt 0.843750 0.710938
vt 0.843750 0.718750
vt 0.828125 0.718750
vt 0.140625 0.710938
vt 0.156250 0.710938
vt 0.156250 0.718750
vt 0.140625 0.718750
vt 0.828125 0.679688
vt 0.843750 0.679688
vt 0.843750 0.687500
vt 0.828125 0.687500
vt 0.140625 0.679688
vt 0.156250 0.679688
vt 0.156250 0.687500
vt 0.140625 0.687500
vt 0.828125 0.523438
vt 0.843750 0.523438
vt 0.843750 0.531250
vt 0.828125 0.531250
vt 0.140625 0.523438
vt 0.156250 0.523438
vt 0.156250 0.531250
vt 0.140625 0.531250
vt 0.140625 0.585938
vt 0.156250 0.585938
vt 0.156250 0.593750
vt 0.140625 0.593750
vt 0.828125 0.585938
vt 0.843750 0.585938
vt 0.843750 0.593750
vt 0.828125 0.593750
vt 0.312500 0.703125
vt 0.296875 0.703125
vt 0.828125 0.554688
vt 0.843750 0.554688
vt 0.843750 0.562500
vt 0.828125 0.562500
vt 0.828125 0.617188
vt 0.843750 0.617188
vt 0.843750 0.625000
vt 0.828125 0.625000
vt 0.375000 0.265625
vt 0.437500 0.265625
vt 0.437500 0.281250
vt 0.375000 0.281250
vt 0.375000 0.953125
vt 0.437500 0.953125
vt 0.437500 0.968750
vt 0.375000 0.968750
vt 0.500000 0.953125
vt 0.562500 0.953125
vt 0.562500 0.968750
vt 0.500000 0.968750
vt 0.500000 0.265625
vt 0.562500 0.265625
vt 0.562500 0.281250
vt 0.500000 0.281250
vt 0.625000 0.265625
vt 0.625000 0.281250
vt 0.140625 0.742188
vt 0.156250 0.742188
vt 0.156250 0.750000
vt 0.140625 0.750000
vt 0.625000 0.953125
vt 0.625000 0.968750
vt 0.828125 0.742188
vt 0.843750 0.742188
vt 0.843750 0.750000
vt 0.828125 0.750000
vt 0.156250 0.648438
vt 0.156250 0.656250
vt 0.156250 0.617188
vt 0.156250 0.625000
vt 0.125000 0.742188
vt 0.125000 0.750000
vt 0.375000 0.250000
vt 0.125000 0.617188
vt 0.140625 0.617188
vt 0.140625 0.625000
vt 0.125000 0.625000
vt 0.140625 0.554688
vt 0.140625 0.562500
vt 0.125000 0.523438
vt 0.125000 0.531250
vt 0.125000 0.710938
vt 0.125000 0.718750
vt 0.140625 0.648438
vt 0.140625 0.656250
vt 0.312500 0.726562
vt 0.328125 0.726562
vt 0.218750 0.554688
vt 0.218750 0.562500
vt 0.250000 0.578125
vt 0.234375 0.742188
vt 0.265625 0.648438
vt 0.265625 0.656250
vt 0.312500 0.671875
vt 0.265625 0.617188
vt 0.281250 0.500000
vt 0.250000 0.742188
vt 0.281250 0.648438
vt 0.281250 0.656250
vt 0.281250 0.585938
vt 0.281250 0.593750
vt 0.687500 0.507812
vt 0.703125 0.507812
vt 0.703125 0.515625
vt 0.687500 0.515625
vt 0.328125 0.601562
vt 0.343750 0.601562
vt 0.250000 0.507812
vt 0.265625 0.507812
vt 0.265625 0.515625
vt 0.250000 0.515625
vt 0.218750 0.507812
vt 0.234375 0.507812
vt 0.234375 0.515625
vt 0.218750 0.515625
vt 0.843750 0.507812
vt 0.859375 0.507812
vt 0.859375 0.515625
vt 0.843750 0.515625
vt 0.125000 0.507812
vt 0.140625 0.507812
vt 0.140625 0.515625
vt 0.125000 0.515625
vt 0.812500 0.507812
vt 0.828125 0.507812
vt 0.828125 0.515625
vt 0.812500 0.515625
vt 0.156250 0.507812
vt 0.328125 0.570312
vt 0.781250 0.507812
vt 0.796875 0.507812
vt 0.796875 0.515625
vt 0.781250 0.515625
vt 0.343750 0.507812
vt 0.359375 0.507812
vt 0.359375 0.515625
vt 0.343750 0.515625
vt 0.625000 0.507812
vt 0.640625 0.507812
vt 0.640625 0.515625
vt 0.625000 0.515625
vt 0.656250 0.507812
vt 0.671875 0.507812
vt 0.671875 0.515625
vt 0.656250 0.515625
vt 0.312500 0.507812
vt 0.328125 0.507812
vt 0.328125 0.515625
vt 0.312500 0.515625
vt 0.343750 0.585938
vt 0.375000 0.515625
vt 0.437500 0.507812
vt 0.500000 0.507812
vt 0.500000 0.515625
vt 0.437500 0.515625
vt 0.562500 0.507812
vt 0.562500 0.515625
vt 0.875000 0.507812
vt 0.875000 0.515625
vt 0.718750 0.507812
vt 0.750000 0.507812
vt 0.750000 0.515625
vt 0.718750 0.515625
vt 0.171875 0.507812
vt 0.187500 0.507812
vt 0.187500 0.515625
vt 0.281250 0.507812
vt 0.281250 0.515625
vt 0.203125 0.507812
vt 0.203125 0.515625
vt 0.437500 0.226562
vt 0.437500 0.234375
vt 0.500000 0.226562
vt 0.562500 0.226562
vt 0.562500 0.234375
vt 0.500000 0.234375
vt 0.625000 0.226562
vt 0.625000 0.234375
vt 0.281250 0.539062
vt 0.296875 0.539062
vt 0.296875 0.546875
vt 0.281250 0.546875
vt 0.687500 0.539062
vt 0.703125 0.539062
vt 0.703125 0.546875
vt 0.687500 0.546875
vt 0.250000 0.539062
vt 0.265625 0.539062
vt 0.265625 0.546875
vt 0.250000 0.546875
vt 0.218750 0.539062
vt 0.234375 0.539062
vt 0.234375 0.546875
vt 0.218750 0.546875
vt 0.843750 0.539062
vt 0.859375 0.539062
vt 0.859375 0.546875
vt 0.843750 0.546875
vt 0.125000 0.539062
vt 0.140625 0.539062
vt 0.140625 0.546875
vt 0.125000 0.546875
vt 0.156250 0.539062
vt 0.171875 0.539062
vt 0.171875 0.546875
vt 0.156250 0.546875
vt 0.812500 0.539062
vt 0.828125 0.539062
vt 0.828125 0.546875
vt 0.812500 0.546875
vt 0.781250 0.539062
vt 0.796875 0.539062
vt 0.796875 0.546875
vt 0.781250 0.546875
vt 0.156250 0.609375
vt 0.156250 0.601562
vt 0.625000 0.539062
vt 0.640625 0.539062
vt 0.640625 0.546875
vt 0.625000 0.546875
vt 0.656250 0.539062
vt 0.671875 0.539062
vt 0.671875 0.546875
vt 0.656250 0.546875
vt 0.312500 0.539062
vt 0.328125 0.539062
vt 0.328125 0.546875
vt 0.312500 0.546875
vt 0.343750 0.539062
vt 0.343750 0.546875
vt 0.437500 0.539062
vt 0.437500 0.546875
vt 0.375000 0.546875
vt 0.500000 0.539062
vt 0.562500 0.539062
vt 0.562500 0.546875
vt 0.500000 0.546875
vt 0.437500 0.195312
vt 0.500000 0.195312
vt 0.500000 0.203125
vt 0.437500 0.203125
vt 0.562500 0.195312
vt 0.562500 0.203125
vt 0.375000 0.195312
vt 0.375000 0.203125
vt 0.625000 0.195312
vt 0.625000 0.203125
vt 0.750000 0.539062
vt 0.750000 0.546875
vt 0.718750 0.539062
vt 0.718750 0.546875
vt 0.343750 0.593750
vt 0.187500 0.539062
vt 0.187500 0.546875
vt 0.359375 0.539062
vt 0.359375 0.546875
vt 0.875000 0.539062
vt 0.875000 0.546875
vt 0.281250 0.570312
vt 0.296875 0.570312
vt 0.296875 0.578125
vt 0.281250 0.578125
vt 0.687500 0.570312
vt 0.703125 0.570312
vt 0.703125 0.578125
vt 0.687500 0.578125
vt 0.250000 0.570312
vt 0.265625 0.570312
vt 0.265625 0.578125
vt 0.218750 0.570312
vt 0.234375 0.570312
vt 0.234375 0.578125
vt 0.218750 0.578125
vt 0.843750 0.570312
vt 0.859375 0.570312
vt 0.859375 0.578125
vt 0.843750 0.578125
vt 0.125000 0.570312
vt 0.140625 0.570312
vt 0.140625 0.578125
vt 0.125000 0.578125
vt 0.156250 0.570312
vt 0.171875 0.570312
vt 0.171875 0.578125
vt 0.156250 0.578125
vt 0.812500 0.570312
vt 0.828125 0.570312
vt 0.828125 0.578125
vt 0.812500 0.578125
vt 0.781250 0.570312
vt 0.796875 0.570312
vt 0.796875 0.578125
vt 0.781250 0.578125
vt 0.343750 0.570312
vt 0.359375 0.570312
vt 0.359375 0.578125
vt 0.343750 0.578125
vt 0.625000 0.570312
vt 0.640625 0.570312
vt 0.640625 0.578125
vt 0.625000 0.578125
vt 0.656250 0.570312
vt 0.671875 0.570312
vt 0.671875 0.578125
vt 0.656250 0.578125
vt 0.312500 0.570312
vt 0.328125 0.578125
vt 0.312500 0.578125
vt 0.562500 0.164062
vt 0.562500 0.171875
vt 0.437500 0.164062
vt 0.500000 0.164062
vt 0.500000 0.171875
vt 0.437500 0.171875
vt 0.375000 0.164062
vt 0.375000 0.171875
vt 0.203125 0.570312
vt 0.203125 0.578125
vt 0.750000 0.570312
vt 0.750000 0.578125
vt 0.718750 0.570312
vt 0.718750 0.578125
vt 0.375000 0.570312
vt 0.437500 0.570312
vt 0.437500 0.578125
vt 0.375000 0.578125
vt 0.500000 0.570312
vt 0.562500 0.570312
vt 0.562500 0.578125
vt 0.500000 0.578125
vt 0.187500 0.570312
vt 0.187500 0.578125
vt 0.875000 0.570312
vt 0.875000 0.578125
vt 0.625000 0.164062
vt 0.625000 0.171875
vt 0.375000 0.242188
vt 0.203125 0.601562
vt 0.203125 0.609375
vt 0.296875 0.640625
vt 0.203125 0.546875
vt 0.218750 0.726562
vt 0.203125 0.539062
vt 0.281250 0.632500
vt 0.328125 0.664062
vt 0.218750 0.671875
vt 0.203125 0.500000
vt 0.750000 0.500000
vt 0.781250 0.500000
vt 0.703125 0.500000
vt 0.718750 0.500000
vt 0.296875 0.500000
vt 0.312500 0.500000
vt 0.671875 0.500000
vt 0.687500 0.500000
vt 0.796875 0.500000
vt 0.812500 0.500000
vt 0.171875 0.500000
vt 0.187500 0.500000
vt 0.359375 0.500000
vt 0.859375 0.500000
vt 0.875000 0.500000
vt 0.328125 0.500000
vt 0.343750 0.500000
vt 0.640625 0.500000
vt 0.656250 0.500000
vt 0.828125 0.500000
vt 0.843750 0.500000
vt 0.140625 0.500000
vt 0.156250 0.500000
vt 0.687500 0.601562
vt 0.703125 0.601562
vt 0.703125 0.609375
vt 0.687500 0.609375
vt 0.281250 0.601562
vt 0.296875 0.601562
vt 0.296875 0.609375
vt 0.281250 0.609375
vt 0.250000 0.601562
vt 0.265625 0.601562
vt 0.265625 0.609375
vt 0.250000 0.609375
vt 0.328125 0.609375
vt 0.843750 0.601562
vt 0.859375 0.601562
vt 0.859375 0.609375
vt 0.843750 0.609375
vt 0.125000 0.601562
vt 0.140625 0.601562
vt 0.140625 0.609375
vt 0.125000 0.609375
vt 0.812500 0.601562
vt 0.828125 0.601562
vt 0.828125 0.609375
vt 0.812500 0.609375
vt 0.781250 0.601562
vt 0.796875 0.601562
vt 0.796875 0.609375
vt 0.781250 0.609375
vt 0.359375 0.601562
vt 0.359375 0.609375
vt 0.343750 0.609375
vt 0.625000 0.601562
vt 0.640625 0.601562
vt 0.640625 0.609375
vt 0.625000 0.609375
vt 0.656250 0.601562
vt 0.671875 0.601562
vt 0.671875 0.609375
vt 0.656250 0.609375
vt 0.312500 0.601562
vt 0.312500 0.609375
vt 0.375000 0.609375
vt 0.437500 0.601562
vt 0.500000 0.601562
vt 0.500000 0.609375
vt 0.437500 0.609375
vt 0.562500 0.601562
vt 0.562500 0.609375
vt 0.375000 0.132812
vt 0.437500 0.132812
vt 0.437500 0.140625
vt 0.375000 0.140625
vt 0.500000 0.132812
vt 0.562500 0.132812
vt 0.562500 0.140625
vt 0.500000 0.140625
vt 0.625000 0.132812
vt 0.625000 0.140625
vt 0.875000 0.601562
vt 0.875000 0.609375
vt 0.718750 0.601562
vt 0.750000 0.601562
vt 0.750000 0.609375
vt 0.718750 0.609375
vt 0.187500 0.601562
vt 0.187500 0.609375
vt 0.343750 0.664062
vt 0.187500 0.632500
vt 0.218750 0.601562
vt 0.218750 0.609375
vt 0.359375 0.617188
vt 0.343750 0.617188
vt 0.687500 0.632500
vt 0.703125 0.632500
vt 0.703125 0.640625
vt 0.687500 0.640625
vt 0.218750 0.632500
vt 0.234375 0.632500
vt 0.234375 0.640625
vt 0.218750 0.640625
vt 0.843750 0.632500
vt 0.859375 0.632500
vt 0.859375 0.640625
vt 0.843750 0.640625
vt 0.125000 0.632500
vt 0.125000 0.640625
vt 0.171875 0.632500
vt 0.171875 0.640625
vt 0.812500 0.632500
vt 0.828125 0.632500
vt 0.828125 0.640625
vt 0.812500 0.640625
vt 0.781250 0.632500
vt 0.796875 0.632500
vt 0.796875 0.640625
vt 0.781250 0.640625
vt 0.203125 0.632500
vt 0.203125 0.640625
vt 0.187500 0.640625
vt 0.343750 0.632500
vt 0.359375 0.632500
vt 0.359375 0.640625
vt 0.343750 0.640625
vt 0.625000 0.632500
vt 0.640625 0.632500
vt 0.640625 0.640625
vt 0.625000 0.640625
vt 0.656250 0.632500
vt 0.671875 0.632500
vt 0.671875 0.640625
vt 0.656250 0.640625
vt 0.312500 0.632500
vt 0.328125 0.632500
vt 0.328125 0.640625
vt 0.312500 0.640625
vt 0.375000 0.640625
vt 0.437500 0.632500
vt 0.437500 0.640625
vt 0.500000 0.632500
vt 0.562500 0.632500
vt 0.562500 0.640625
vt 0.500000 0.640625
vt 0.437500 0.101562
vt 0.500000 0.101562
vt 0.500000 0.109375
vt 0.437500 0.109375
vt 0.562500 0.101562
vt 0.562500 0.109375
vt 0.375000 0.101562
vt 0.375000 0.109375
vt 0.750000 0.632500
vt 0.750000 0.640625
vt 0.718750 0.632500
vt 0.718750 0.640625
vt 0.265625 0.632500
vt 0.281250 0.640625
vt 0.265625 0.640625
vt 0.296875 0.632500
vt 0.250000 0.632500
vt 0.250000 0.640625
vt 0.875000 0.632500
vt 0.875000 0.640625
vt 0.625000 0.101562
vt 0.625000 0.109375
vt 0.359375 0.625000
vt 0.343750 0.625000
vt 0.171875 0.671875
vt 0.156250 0.671875
vt 0.296875 0.671875
vt 0.281250 0.671875
vt 0.203125 0.671875
vt 0.687500 0.664062
vt 0.703125 0.664062
vt 0.703125 0.671875
vt 0.687500 0.671875
vt 0.250000 0.664062
vt 0.265625 0.664062
vt 0.265625 0.671875
vt 0.250000 0.671875
vt 0.218750 0.664062
vt 0.234375 0.664062
vt 0.234375 0.671875
vt 0.843750 0.664062
vt 0.859375 0.664062
vt 0.859375 0.671875
vt 0.843750 0.671875
vt 0.125000 0.664062
vt 0.140625 0.664062
vt 0.140625 0.671875
vt 0.125000 0.671875
vt 0.812500 0.664062
vt 0.828125 0.664062
vt 0.828125 0.671875
vt 0.812500 0.671875
vt 0.156250 0.664062
vt 0.781250 0.664062
vt 0.796875 0.664062
vt 0.796875 0.671875
vt 0.781250 0.671875
vt 0.359375 0.664062
vt 0.343750 0.671875
vt 0.625000 0.664062
vt 0.640625 0.664062
vt 0.640625 0.671875
vt 0.625000 0.671875
vt 0.656250 0.664062
vt 0.671875 0.664062
vt 0.671875 0.671875
vt 0.656250 0.671875
vt 0.312500 0.664062
vt 0.328125 0.671875
vt 0.562500 0.070312
vt 0.562500 0.078125
vt 0.375000 0.070312
vt 0.437500 0.070312
vt 0.437500 0.078125
vt 0.375000 0.078125
vt 0.500000 0.070312
vt 0.500000 0.078125
vt 0.625000 0.070312
vt 0.625000 0.078125
vt 0.875000 0.664062
vt 0.875000 0.671875
vt 0.375000 0.664062
vt 0.562500 0.664062
vt 0.562500 0.671875
vt 0.718750 0.664062
vt 0.750000 0.664062
vt 0.750000 0.671875
vt 0.718750 0.671875
vt 0.171875 0.664062
vt 0.296875 0.664062
vt 0.437500 0.664062
vt 0.500000 0.664062
vt 0.500000 0.671875
vt 0.437500 0.671875
vt 0.281250 0.664062
vt 0.203125 0.664062
vt 0.234375 0.695312
vt 0.687500 0.695312
vt 0.703125 0.695312
vt 0.703125 0.703125
vt 0.687500 0.703125
vt 0.281250 0.695312
vt 0.296875 0.695312
vt 0.281250 0.703125
vt 0.250000 0.695312
vt 0.265625 0.695312
vt 0.265625 0.703125
vt 0.218750 0.695312
vt 0.218750 0.703125
vt 0.843750 0.695312
vt 0.859375 0.695312
vt 0.859375 0.703125
vt 0.843750 0.703125
vt 0.125000 0.695312
vt 0.140625 0.703125
vt 0.125000 0.703125
vt 0.171875 0.695312
vt 0.171875 0.703125
vt 0.156250 0.703125
vt 0.812500 0.695312
vt 0.828125 0.695312
vt 0.828125 0.703125
vt 0.812500 0.703125
vt 0.187500 0.695312
vt 0.203125 0.695312
vt 0.203125 0.703125
vt 0.187500 0.703125
vt 0.781250 0.695312
vt 0.796875 0.695312
vt 0.796875 0.703125
vt 0.781250 0.703125
vt 0.343750 0.695312
vt 0.359375 0.695312
vt 0.359375 0.703125
vt 0.343750 0.703125
vt 0.625000 0.695312
vt 0.640625 0.695312
vt 0.640625 0.703125
vt 0.625000 0.703125
vt 0.656250 0.695312
vt 0.671875 0.695312
vt 0.671875 0.703125
vt 0.656250 0.703125
vt 0.312500 0.695312
vt 0.328125 0.695312
vt 0.328125 0.703125
vt 0.375000 0.703125
vt 0.437500 0.695312
vt 0.500000 0.695312
vt 0.500000 0.703125
vt 0.437500 0.703125
vt 0.562500 0.695312
vt 0.562500 0.703125
vt 0.875000 0.695312
vt 0.875000 0.703125
vt 0.718750 0.695312
vt 0.750000 0.695312
vt 0.750000 0.703125
vt 0.718750 0.703125
vt 0.375000 0.039062
vt 0.437500 0.039062
vt 0.437500 0.046875
vt 0.375000 0.046875
vt 0.500000 0.039062
vt 0.562500 0.039062
vt 0.562500 0.046875
vt 0.500000 0.046875
vt 0.625000 0.039062
vt 0.625000 0.046875
vt 0.171875 0.734375
vt 0.687500 0.726562
vt 0.703125 0.726562
vt 0.703125 0.734375
vt 0.687500 0.734375
vt 0.234375 0.726562
vt 0.234375 0.734375
vt 0.218750 0.734375
vt 0.843750 0.726562
vt 0.859375 0.726562
vt 0.859375 0.734375
vt 0.843750 0.734375
vt 0.125000 0.726562
vt 0.140625 0.726562
vt 0.140625 0.734375
vt 0.125000 0.734375
vt 0.156250 0.726562
vt 0.171875 0.726562
vt 0.156250 0.734375
vt 0.812500 0.726562
vt 0.828125 0.726562
vt 0.828125 0.734375
vt 0.812500 0.734375
vt 0.781250 0.726562
vt 0.796875 0.726562
vt 0.796875 0.734375
vt 0.781250 0.734375
vt 0.187500 0.726562
vt 0.203125 0.726562
vt 0.203125 0.734375
vt 0.187500 0.734375
vt 0.343750 0.726562
vt 0.359375 0.726562
vt 0.359375 0.734375
vt 0.343750 0.734375
vt 0.625000 0.726562
vt 0.640625 0.726562
vt 0.640625 0.734375
vt 0.625000 0.734375
vt 0.656250 0.726562
vt 0.671875 0.726562
vt 0.671875 0.734375
vt 0.656250 0.734375
vt 0.328125 0.734375
vt 0.437500 0.726562
vt 0.437500 0.734375
vt 0.375000 0.734375
vt 0.500000 0.726562
vt 0.562500 0.726562
vt 0.562500 0.734375
vt 0.500000 0.734375
vt 0.562500 0.007812
vt 0.625000 0.007812
vt 0.625000 0.015625
vt 0.562500 0.015625
vt 0.437500 0.007812
vt 0.500000 0.007812
vt 0.500000 0.015625
vt 0.437500 0.015625
vt 0.375000 0.007812
vt 0.375000 0.015625
vt 0.750000 0.726562
vt 0.750000 0.734375
vt 0.718750 0.726562
vt 0.718750 0.734375
vt 0.265625 0.726562
vt 0.281250 0.726562
vt 0.281250 0.734375
vt 0.265625 0.734375
vt 0.296875 0.726562
vt 0.312500 0.734375
vt 0.296875 0.734375
vt 0.875000 0.726562
vt 0.875000 0.734375
vt 0.375000 0.000000
vt 0.437500 0.000000
vt 0.500000 0.000000
vt 0.562500 0.000000
vt 0.625000 0.000000
vt 0.125000 0.500000
vt 0.375000 0.226562
vt 0.375000 0.234375
s 0
usemtl Material
f 1505/1/1 1510/2/1 7/3/1 469/4/1
f 471/5/2 469/6/2 7/7/2 31/8/2
f 873/9/3 870/10/3 5/11/3 34/12/3
f 1497/13/4 1511/14/4 4/15/4 372/16/4
f 1484/17/5 1477/18/5 3/19/5 33/20/5
f 375/21/6 373/22/6 1/23/6 32/24/6
f 66/25/6 60/26/6 12/27/6 35/28/6
f 680/29/7 186/30/7 1724/30/7 1723/29/7
f 56/31/2 50/32/2 10/33/2 36/34/2
f 1486/35/1 1479/36/1 10/37/1 50/38/1
f 1503/39/4 1480/40/4 15/41/4 444/42/4
f 447/43/6 445/44/6 16/45/6 37/46/6
f 399/47/2 397/48/2 14/49/2 38/50/2
f 1499/51/1 1481/52/1 14/53/1 397/54/1
f 1495/55/1 1482/56/1 20/57/1 349/58/1
f 351/59/2 349/60/2 20/61/2 39/62/2
f 523/63/6 521/64/6 18/65/6 40/66/6
f 1509/67/4 1483/68/4 17/69/4 520/70/4
f 524/71/6 522/72/6 30/73/6 47/74/6
f 352/75/2 350/76/2 29/77/2 46/78/2
f 400/79/2 398/80/2 28/81/2 45/82/2
f 448/83/6 446/84/6 27/85/6 44/86/6
f 376/87/6 374/88/6 21/89/6 41/90/6
f 1437/91/4 244/92/4 316/92/4 1441/91/4
f 874/93/3 872/94/3 24/95/3 43/96/3
f 472/97/2 470/98/2 22/99/2 48/100/2
f 522/72/6 523/63/6 40/66/6 30/73/6
f 350/76/2 351/59/2 39/62/2 29/77/2
f 398/80/2 399/47/2 38/50/2 28/81/2
f 446/84/6 447/43/6 37/46/6 27/85/6
f 54/101/2 56/31/2 36/34/2 26/102/2
f 64/103/6 66/25/6 35/28/6 25/104/6
f 374/88/6 375/21/6 32/24/6 21/89/6
f 33/20/2 23/105/2 296/105/2 295/20/2
f 872/94/3 873/9/3 34/12/3 24/95/3
f 470/98/2 471/5/2 31/8/2 22/99/2
f 480/106/2 472/97/2 48/100/2 8/107/2
f 197/108/6 196/109/6 1901/109/6 1900/108/6
f 218/110/6 219/111/6 319/111/6 320/110/6
f 384/112/6 376/87/6 41/90/6 2/113/6
f 456/114/6 448/83/6 44/86/6 13/115/6
f 401/116/2 400/79/2 45/82/2 15/117/2
f 360/118/2 352/75/2 46/78/2 17/119/2
f 525/120/6 524/71/6 47/74/6 19/121/6
f 520/122/2 529/123/2 57/124/2 51/125/2
f 527/126/2 528/127/2 56/31/2 54/101/2
f 25/104/6 35/28/6 55/128/6 53/129/6
f 529/123/2 527/126/2 54/101/2 57/124/2
f 1507/130/4 1485/131/4 51/132/4 507/133/4
f 35/28/6 12/27/6 52/134/6 55/128/6
f 1508/135/1 1486/35/1 50/38/1 526/136/1
f 528/127/2 526/137/2 50/32/2 56/31/2
f 396/138/6 405/139/6 67/140/6 61/141/6
f 403/142/6 404/143/6 66/25/6 64/103/6
f 26/102/2 36/34/2 65/144/2 63/145/2
f 405/139/6 403/142/6 64/103/6 67/140/6
f 1479/36/1 1487/146/1 62/147/1 10/37/1
f 36/34/2 10/33/2 62/148/2 65/144/2
f 1498/149/4 1488/150/4 59/151/4 401/152/4
f 404/143/6 402/153/6 60/26/6 66/25/6
f 25/104/8 53/129/8 72/129/8 70/104/8
f 58/154/5 49/155/5 71/155/5 73/154/5
f 61/141/3 67/140/3 76/140/3 74/141/3
f 53/129/5 58/154/5 73/154/5 72/129/5
f 64/103/8 25/104/8 70/104/8 75/103/8
f 67/140/3 64/103/3 75/103/3 76/140/3
f 493/156/9 61/157/9 74/157/9 494/156/9
f 506/158/9 9/159/9 69/159/9 508/158/9
f 75/103/1 70/104/1 78/104/1 83/103/1
f 74/141/3 76/140/3 84/140/3 82/141/3
f 72/129/5 73/154/5 81/154/5 80/129/5
f 70/104/1 72/129/1 80/129/1 78/104/1
f 508/158/4 69/159/4 77/159/4 509/158/4
f 76/140/3 75/103/3 83/103/3 84/140/3
f 494/156/4 74/157/4 82/157/4 495/156/4
f 73/154/5 71/155/5 79/155/5 81/154/5
f 495/156/4 82/157/4 90/157/4 496/156/4
f 81/154/5 79/155/5 87/155/5 89/154/5
f 83/103/1 78/104/1 86/104/1 91/103/1
f 80/129/5 81/154/5 89/154/5 88/129/5
f 78/104/1 80/129/1 88/129/1 86/104/1
f 509/158/4 77/159/4 85/159/4 510/158/4
f 88/129/6 89/154/6 94/154/6 93/129/6
f 89/154/6 87/155/6 92/155/6 94/154/6
f 84/140/2 83/103/2 96/103/2 97/140/2
f 90/157/4 82/157/4 95/157/4 98/157/4
f 82/141/2 84/140/2 97/140/2 95/141/2
f 83/103/1 91/103/1 99/103/1 96/103/1
f 94/154/6 92/155/6 100/155/6 102/154/6
f 98/157/4 95/157/4 103/157/4 105/157/4
f 93/129/6 94/154/6 102/154/6 101/129/6
f 96/103/1 99/103/1 106/103/1 104/103/1
f 101/129/3 102/154/3 109/154/3 108/129/3
f 102/154/3 100/155/3 107/155/3 109/154/3
f 95/141/5 97/140/5 112/140/5 110/141/5
f 109/154/3 107/155/3 115/155/3 117/154/3
f 96/103/10 104/103/10 114/103/10 111/103/10
f 103/157/11 95/157/11 110/157/11 113/157/11
f 97/140/5 96/103/5 111/103/5 112/140/5
f 108/129/3 109/154/3 117/154/3 116/129/3
f 68/160/3 59/161/3 123/161/3 125/160/3
f 57/124/5 54/101/5 121/101/5 122/124/5
f 54/101/1 26/102/1 119/102/1 121/101/1
f 507/133/4 51/132/4 120/132/4 511/133/4
f 63/145/3 68/160/3 125/160/3 124/145/3
f 26/102/1 63/145/1 124/145/1 119/102/1
f 492/162/4 11/163/4 118/163/4 497/162/4
f 51/125/5 57/124/5 122/124/5 120/125/5
f 497/162/12 118/163/12 126/163/12 498/162/12
f 124/145/3 125/160/3 133/160/3 132/145/3
f 119/102/13 124/145/13 132/145/13 127/102/13
f 120/125/5 122/124/5 130/124/5 128/125/5
f 121/101/13 119/102/13 127/102/13 129/101/13
f 125/160/3 123/161/3 131/161/3 133/160/3
f 122/124/5 121/101/5 129/101/5 130/124/5
f 511/133/12 120/132/12 128/132/12 512/133/12
f 1013/164/4 1002/165/4 151/166/4 406/167/4
f 993/168/1 1001/169/1 150/170/1 139/171/1
f 1023/172/1 1000/173/1 149/174/1 530/175/1
f 1118/176/14 1142/177/14 1878/177/14 1876/176/14
f 261/178/2 263/179/2 323/179/2 321/178/2
f 144/180/6 147/181/6 273/181/6 269/180/6
f 1074/182/1 146/183/1 271/183/1 1076/182/1
f 754/184/1 166/185/1 311/185/1 761/184/1
f 210/186/2 229/187/2 290/187/2 288/186/2
f 789/188/4 193/189/4 292/189/4 794/188/4
f 1022/190/4 997/191/4 143/192/4 531/193/4
f 1009/194/1 996/195/1 142/196/1 365/197/1
f 1012/198/1 995/199/1 141/200/1 407/201/1
f 1017/202/4 994/203/4 140/204/4 461/205/4
f 1000/173/1 993/168/1 139/171/1 149/174/1
f 1020/206/4 992/207/4 138/208/4 499/209/4
f 998/210/5 991/211/5 135/212/5 145/213/5
f 1062/214/15 1066/215/15 1804/215/15 1802/214/15
f 1074/182/3 1072/216/3 136/217/3 146/183/3
f 1019/218/1 1024/219/1 136/220/1 485/221/1
f 776/222/1 781/223/1 152/224/1 486/225/1
f 768/226/4 782/227/4 153/228/4 390/229/4
f 754/184/5 747/230/5 158/231/5 166/185/5
f 777/232/4 748/233/4 159/234/4 500/235/4
f 756/236/1 749/237/1 160/238/1 169/239/1
f 774/240/4 750/241/4 161/242/4 462/243/4
f 770/244/1 751/245/1 162/246/1 408/247/1
f 766/248/1 752/249/1 163/250/1 366/251/1
f 780/252/4 753/253/4 164/254/4 532/255/4
f 226/256/6 220/257/6 318/257/6 317/256/6
f 23/105/2 42/258/2 156/258/2 296/105/2
f 838/259/1 205/260/1 310/260/1 844/259/1
f 778/261/4 755/262/4 168/263/4 514/264/4
f 779/265/1 756/236/1 169/239/1 533/266/1
f 749/237/1 757/267/1 170/268/1 160/238/1
f 1283/269/14 1312/270/14 1895/270/14 1893/269/14
f 191/271/2 189/272/2 275/272/2 279/271/2
f 790/273/1 195/274/1 285/274/1 792/273/1
f 1236/275/4 210/276/4 288/276/4 1251/275/4
f 708/277/3 706/278/3 152/279/3 155/280/3
f 953/281/3 950/282/3 187/283/3 190/284/3
f 954/285/3 952/286/3 189/272/3 191/271/3
f 952/286/3 953/281/3 190/284/3 189/272/3
f 956/287/3 954/285/3 191/271/3 172/288/3
f 695/289/1 700/290/1 187/291/1 487/292/1
f 687/293/4 701/294/4 188/295/4 391/296/4
f 675/297/5 667/298/5 173/299/5 181/300/5
f 696/301/4 668/302/4 174/303/4 501/304/4
f 678/305/1 669/306/1 175/307/1 184/308/1
f 693/309/4 670/310/4 176/311/4 463/312/4
f 689/313/1 671/314/1 177/315/1 410/316/1
f 685/317/1 672/318/1 178/319/1 367/320/1
f 699/321/4 673/322/4 179/323/4 534/324/4
f 676/325/5 674/326/5 180/327/5 182/328/5
f 674/326/5 675/297/5 181/300/5 180/327/5
f 701/294/5 676/325/5 182/328/5 188/295/5
f 411/329/16 688/330/16 1761/330/16 1759/329/16
f 698/331/1 678/305/1 184/308/1 535/332/1
f 669/306/1 679/333/1 185/334/1 175/307/1
f 1160/335/16 1206/336/16 1815/336/16 1816/335/16
f 853/337/4 842/338/4 209/339/4 412/340/4
f 833/341/1 841/342/1 208/343/1 200/344/1
f 863/345/1 840/346/1 207/347/1 536/348/1
f 861/349/4 839/350/4 206/351/4 516/352/4
f 1122/353/1 262/354/1 322/354/1 1129/353/1
f 21/89/6 32/24/6 293/24/6 294/89/6
f 41/90/6 21/89/6 294/89/6 252/90/6
f 862/355/4 837/356/4 204/357/4 537/358/4
f 849/359/1 836/360/1 203/361/1 368/362/1
f 852/363/1 835/364/1 202/365/1 413/366/1
f 857/367/4 834/368/4 201/369/4 464/370/4
f 840/346/1 833/341/1 200/344/1 207/347/1
f 860/371/4 832/372/4 199/373/4 502/374/4
f 838/259/5 831/375/5 198/376/5 205/260/5
f 851/377/4 865/378/4 193/189/4 392/379/4
f 859/380/1 864/381/1 192/382/1 488/383/1
f 227/384/2 228/385/2 291/385/2 289/384/2
f 146/183/6 144/180/6 269/180/6 271/183/6
f 229/187/2 227/384/2 289/384/2 290/187/2
f 790/273/3 788/386/3 192/387/3 195/274/3
f 1359/388/3 1356/389/3 225/390/3 228/385/3
f 1360/391/3 1358/392/3 227/384/3 229/187/3
f 1358/392/3 1359/388/3 228/385/3 227/384/3
f 1362/393/3 1360/391/3 229/187/3 210/186/3
f 1259/394/4 1250/395/4 224/396/4 414/397/4
f 1239/398/1 1249/399/1 223/400/1 213/401/1
f 1269/402/1 1248/403/1 222/404/1 538/405/1
f 1267/406/4 1247/407/4 221/408/4 517/409/4
f 1271/410/5 1246/411/5 220/257/5 226/256/5
f 1244/412/5 1245/413/5 219/111/5 218/110/5
f 1246/411/5 1244/412/5 218/110/5 220/257/5
f 1268/414/4 1243/415/4 217/416/4 539/417/4
f 1255/418/1 1242/419/1 216/420/1 369/421/1
f 1258/422/1 1241/423/1 215/424/1 415/425/1
f 1263/426/4 1240/427/4 214/428/4 465/429/4
f 1248/403/1 1239/398/1 213/401/1 222/404/1
f 1266/430/4 1238/431/4 212/432/4 503/433/4
f 1245/413/5 1237/434/5 211/435/5 219/111/5
f 1257/436/4 1271/410/4 226/256/4 393/437/4
f 1265/438/1 1270/439/1 225/440/1 489/441/1
f 1442/442/3 1440/443/3 247/444/3 230/445/3
f 1438/446/3 1439/447/3 246/448/3 245/449/3
f 1440/443/3 1438/446/3 245/449/3 247/444/3
f 1439/447/3 1436/450/3 243/451/3 246/448/3
f 1339/452/4 1328/453/4 242/454/4 416/455/4
f 1319/456/1 1327/457/1 241/458/1 233/459/1
f 1349/460/1 1326/461/1 240/462/1 540/463/1
f 1347/464/4 1325/465/4 239/466/4 518/467/4
f 998/210/1 145/213/1 305/213/1 1004/210/1
f 42/258/2 4/15/2 154/15/2 156/258/2
f 1484/17/1 33/20/1 295/20/1 1490/17/1
f 1348/468/4 1323/469/4 237/470/4 541/471/4
f 1335/472/1 1322/473/1 236/474/1 370/475/1
f 1338/476/1 1321/477/1 235/478/1 417/479/1
f 1343/480/4 1320/481/4 234/482/4 466/483/4
f 1326/461/1 1319/456/1 233/459/1 240/462/1
f 1346/484/4 1318/485/4 232/486/4 504/487/4
f 1324/488/5 1317/489/5 231/490/5 238/491/5
f 1337/492/4 1351/493/4 244/92/4 394/494/4
f 1345/495/1 1350/496/1 243/497/1 490/498/1
f 1144/499/1 1149/500/1 248/501/1 491/502/1
f 577/503/15 575/504/15 1777/504/15 1779/503/15
f 1122/353/5 1115/505/5 254/506/5 262/354/5
f 1145/507/4 1116/508/4 255/509/4 505/510/4
f 1124/511/1 1117/512/1 256/513/1 265/514/1
f 1142/177/4 1118/176/4 257/515/4 467/516/4
f 1138/517/1 1119/518/1 258/519/1 418/520/1
f 1134/521/1 1120/522/1 259/523/1 371/524/1
f 1148/525/4 1121/526/4 260/527/4 542/528/4
f 1324/488/1 238/491/1 298/491/1 1330/488/1
f 188/295/6 182/328/6 306/328/6 315/295/6
f 2/113/6 41/90/6 252/90/6 250/113/6
f 1398/529/17 1444/530/17 1695/530/17 1696/529/17
f 1147/531/1 1124/511/1 265/514/1 543/532/1
f 1117/512/1 1125/533/1 266/534/1 256/513/1
f 1137/535/4 1126/536/4 267/537/4 419/538/4
f 1198/539/3 1196/540/3 248/541/3 251/542/3
f 147/181/6 134/543/6 274/543/6 273/181/6
f 194/544/6 196/109/6 286/109/6 284/544/6
f 195/274/6 194/544/6 284/544/6 285/274/6
f 1092/545/3 1077/546/3 273/181/3 274/543/3
f 1075/547/3 1076/182/3 271/183/3 269/180/3
f 1077/546/3 1075/547/3 269/180/3 273/181/3
f 727/548/3 711/549/3 280/550/3 282/551/3
f 709/552/3 710/277/3 278/280/3 276/553/3
f 711/549/3 709/552/3 276/553/3 280/550/3
f 808/554/3 793/555/3 286/109/3 281/108/3
f 791/556/3 792/273/3 285/274/3 284/544/3
f 793/555/3 791/556/3 284/544/3 286/109/3
f 1201/557/3 1199/558/3 268/559/3 272/560/3
f 1199/558/3 1200/539/3 270/542/3 268/559/3
f 1217/561/3 1201/557/3 272/560/3 287/562/3
f 189/272/2 190/284/2 277/284/2 275/272/2
f 708/277/1 155/280/1 278/280/1 710/277/1
f 666/563/4 172/564/4 283/564/4 681/563/4
f 1198/539/1 251/542/1 270/542/1 1200/539/1
f 172/288/2 191/271/2 279/271/2 283/288/2
f 746/565/4 157/566/4 282/566/4 759/565/4
f 196/109/6 197/108/6 281/108/6 286/109/6
f 1114/567/4 253/568/4 287/568/4 1127/567/4
f 1491/569/5 1489/570/5 296/105/5 156/258/5
f 1489/570/5 1490/17/5 295/20/5 296/105/5
f 1515/14/5 1491/569/5 156/258/5 154/15/5
f 1029/571/5 1005/572/5 307/573/5 301/574/5
f 1003/575/5 1004/210/5 305/213/5 303/576/5
f 1005/572/5 1003/575/5 303/576/5 307/573/5
f 762/577/5 760/578/5 309/579/5 313/580/5
f 760/578/5 761/184/5 311/185/5 309/579/5
f 787/227/5 762/577/5 313/580/5 314/228/5
f 869/378/5 845/581/5 312/582/5 292/189/5
f 843/583/5 844/259/5 310/260/5 308/584/5
f 845/581/5 843/583/5 308/584/5 312/582/5
f 1355/493/5 1331/585/5 299/586/5 316/92/5
f 1329/587/5 1330/488/5 298/491/5 297/588/5
f 1331/585/5 1329/587/5 297/588/5 299/586/5
f 1130/589/5 1128/590/5 321/178/5 323/179/5
f 1128/590/5 1129/353/5 322/354/5 321/178/5
f 1155/591/5 1130/589/5 323/179/5 300/592/5
f 1357/593/4 226/256/4 317/256/4 1361/593/4
f 262/354/2 261/178/2 321/178/2 322/354/2
f 165/579/2 167/580/2 313/580/2 309/579/2
f 951/594/4 188/295/4 315/295/4 955/594/4
f 220/257/6 218/110/6 320/110/6 318/257/6
f 263/179/2 249/592/2 300/592/2 323/179/2
f 166/185/2 165/579/2 309/579/2 311/185/2
f 1073/595/4 137/574/4 301/574/4 1078/595/4
f 871/596/4 2/113/4 250/113/4 875/596/4
f 167/580/2 153/228/2 314/228/2 313/580/2
f 182/328/6 180/327/6 302/327/6 306/328/6
f 180/327/6 181/300/6 304/300/6 302/327/6
f 1135/597/1 1131/598/1 347/599/1 383/600/1
f 986/601/18 946/602/18 1657/602/18 1656/601/18
f 1334/603/4 1332/604/4 345/605/4 358/606/4
f 1336/607/1 1333/608/1 344/609/1 382/610/1
f 1254/611/4 1252/612/4 343/613/4 357/614/4
f 1256/615/1 1253/616/1 342/617/1 381/618/1
f 848/619/4 846/620/4 341/621/4 356/622/4
f 850/623/1 847/624/1 340/625/1 380/626/1
f 686/627/1 682/628/1 339/629/1 379/630/1
f 148/631/14 513/632/14 1860/632/14 1847/631/14
f 767/633/1 763/634/1 337/635/1 378/636/1
f 765/637/4 764/638/4 336/639/4 354/640/4
f 515/641/16 697/642/16 1771/642/16 1770/641/16
f 1010/643/1 1007/644/1 334/645/1 377/646/1
f 372/647/2 388/648/2 333/649/2 324/650/2
f 348/651/6 364/652/6 332/653/6 326/654/6
f 362/655/6 363/656/6 331/657/6 329/658/6
f 386/659/2 387/660/2 330/661/2 328/662/2
f 364/652/6 362/655/6 329/658/6 332/653/6
f 388/648/2 386/659/2 328/662/2 333/649/2
f 387/660/2 385/663/2 327/664/2 330/661/2
f 1496/665/1 1492/666/1 327/667/1 385/668/1
f 363/656/6 361/669/6 325/670/6 331/657/6
f 1494/671/4 1493/672/4 324/673/4 360/674/4
f 1483/68/4 1494/671/4 360/674/4 17/69/4
f 40/66/6 18/65/6 361/669/6 363/656/6
f 47/74/6 30/73/6 362/655/6 364/652/6
f 30/73/6 40/66/6 363/656/6 362/655/6
f 19/121/6 47/74/6 364/652/6 348/651/6
f 997/191/4 1008/675/4 353/676/4 143/192/4
f 983/677/7 943/678/7 1795/678/7 1794/677/7
f 673/322/4 684/679/4 355/680/4 179/323/4
f 837/356/4 848/619/4 356/622/4 204/357/4
f 1150/591/7 249/592/7 1753/592/7 1814/591/7
f 1337/492/19 1332/604/19 1689/604/19 1690/492/19
f 1121/526/4 1133/681/4 359/682/4 260/527/4
f 1131/598/1 1134/521/1 371/524/1 347/599/1
f 1333/608/1 1335/472/1 370/475/1 344/609/1
f 1253/616/1 1255/418/1 369/421/1 342/617/1
f 847/624/1 849/359/1 368/362/1 340/625/1
f 682/628/1 685/317/1 367/320/1 339/629/1
f 763/634/1 766/248/1 366/251/1 337/635/1
f 1007/644/1 1009/194/1 365/197/1 334/645/1
f 324/650/2 333/649/2 352/75/2 360/118/2
f 328/662/2 330/661/2 351/59/2 350/76/2
f 333/649/2 328/662/2 350/76/2 352/75/2
f 330/661/2 327/664/2 349/60/2 351/59/2
f 1492/666/1 1495/55/1 349/58/1 327/667/1
f 1477/18/1 1496/665/1 385/668/1 3/19/1
f 33/20/2 3/19/2 385/663/2 387/660/2
f 42/258/2 23/105/2 386/659/2 388/648/2
f 23/105/2 33/20/2 387/660/2 386/659/2
f 4/15/2 42/258/2 388/648/2 372/647/2
f 991/211/1 1010/643/1 377/646/1 135/212/1
f 747/230/1 767/633/1 378/636/1 158/231/1
f 667/298/1 686/627/1 379/630/1 173/299/1
f 831/375/1 850/623/1 380/626/1 198/376/1
f 1237/434/1 1256/615/1 381/618/1 211/435/1
f 1317/489/1 1336/607/1 382/610/1 231/490/1
f 1115/505/1 1135/597/1 383/600/1 254/506/1
f 1132/683/4 1136/684/4 395/685/4 346/686/4
f 1332/604/4 1337/492/4 394/494/4 345/605/4
f 541/471/19 239/466/19 1535/466/19 1536/471/19
f 846/620/4 851/377/4 392/379/4 341/621/4
f 1390/687/20 1387/688/20 1823/688/20 1825/687/20
f 771/689/7 433/690/7 1765/690/7 1764/689/7
f 1183/691/21 1172/692/21 1675/692/21 1680/691/21
f 326/654/6 332/653/6 376/87/6 384/112/6
f 329/658/6 331/657/6 375/21/6 374/88/6
f 332/653/6 329/658/6 374/88/6 376/87/6
f 331/657/6 325/670/6 373/22/6 375/21/6
f 1493/672/4 1497/13/4 372/16/4 324/673/4
f 1118/176/4 1137/535/4 419/538/4 257/515/4
f 1125/533/1 1138/517/1 418/520/1 266/534/1
f 1327/457/1 1338/476/1 417/479/1 241/458/1
f 1108/693/20 1104/694/20 1801/694/20 1803/693/20
f 1249/399/1 1258/422/1 415/425/1 223/400/1
f 1240/427/4 1259/394/4 414/397/4 214/428/4
f 841/342/1 852/363/1 413/366/1 208/343/1
f 834/368/4 853/337/4 412/340/4 201/369/4
f 670/310/4 688/330/4 411/329/4 176/311/4
f 679/333/1 689/313/1 410/316/1 185/334/1
f 750/241/4 769/695/4 409/696/4 161/242/4
f 757/267/1 770/244/1 408/247/1 170/268/1
f 1001/169/1 1012/198/1 407/201/1 150/170/1
f 999/697/22 148/631/22 1847/631/22 1846/697/22
f 37/46/6 16/45/6 402/153/6 404/143/6
f 1480/40/4 1498/149/4 401/152/4 15/41/4
f 44/86/6 27/85/6 403/142/6 405/139/6
f 27/85/6 37/46/6 404/143/6 403/142/6
f 13/115/6 44/86/6 405/139/6 396/138/6
f 59/161/2 68/160/2 400/79/2 401/116/2
f 63/145/2 65/144/2 399/47/2 398/80/2
f 68/160/2 63/145/2 398/80/2 400/79/2
f 1487/146/1 1499/51/1 397/54/1 62/147/1
f 65/144/2 62/148/2 397/48/2 399/47/2
f 908/698/18 582/699/18 1587/699/18 1586/698/18
f 1141/700/1 1140/701/1 442/702/1 455/703/1
f 1342/704/1 1340/705/1 441/706/1 454/707/1
f 1344/708/4 1341/709/4 440/710/4 478/711/4
f 1262/712/1 1260/713/1 439/714/1 453/715/1
f 1264/716/4 1261/717/4 438/718/4 477/719/4
f 856/720/1 854/721/1 437/722/1 452/723/1
f 858/724/4 855/725/4 436/726/4 476/727/4
f 694/728/4 690/729/4 435/730/4 475/731/4
f 692/732/1 691/733/1 434/734/1 451/735/1
f 1288/736/15 1314/737/15 1828/737/15 1822/736/15
f 773/738/1 772/739/1 432/740/1 450/741/1
f 1016/742/1 1014/743/1 431/744/1 449/745/1
f 346/686/23 359/682/23 1552/682/23 1547/686/23
f 468/746/6 484/747/6 429/748/6 420/749/6
f 444/750/2 460/751/2 428/752/2 422/753/2
f 458/754/2 459/755/2 427/756/2 425/757/2
f 482/758/6 483/759/6 426/760/6 424/761/6
f 460/751/2 458/754/2 425/757/2 428/752/2
f 484/747/6 482/758/6 424/761/6 429/748/6
f 483/759/6 481/762/6 423/763/6 426/760/6
f 1504/764/4 1500/765/4 422/766/4 480/767/4
f 459/755/2 457/768/2 421/769/2 427/756/2
f 1502/770/1 1501/771/1 421/772/1 457/773/1
f 1481/52/1 1502/770/1 457/773/1 14/53/1
f 38/50/2 14/49/2 457/768/2 459/755/2
f 45/82/2 28/81/2 458/754/2 460/751/2
f 28/81/2 38/50/2 459/755/2 458/754/2
f 15/117/2 45/82/2 460/751/2 444/750/2
f 995/199/1 1016/742/1 449/745/1 141/200/1
f 751/245/1 773/738/1 450/741/1 162/246/1
f 671/314/1 692/732/1 451/735/1 177/315/1
f 835/364/1 856/720/1 452/723/1 202/365/1
f 1241/423/1 1262/712/1 453/715/1 215/424/1
f 1321/477/1 1342/704/1 454/707/1 235/478/1
f 1119/518/1 1141/700/1 455/703/1 258/519/1
f 1139/774/4 1142/177/4 467/516/4 443/775/4
f 1341/709/4 1343/480/4 466/483/4 440/710/4
f 1261/717/4 1263/426/4 465/429/4 438/718/4
f 855/725/4 857/367/4 464/370/4 436/726/4
f 690/729/4 693/309/4 463/312/4 435/730/4
f 771/689/4 774/240/4 462/243/4 433/690/4
f 1015/776/4 1017/202/4 461/205/4 430/777/4
f 420/749/6 429/748/6 448/83/6 456/114/6
f 424/761/6 426/760/6 447/43/6 446/84/6
f 429/748/6 424/761/6 446/84/6 448/83/6
f 426/760/6 423/763/6 445/44/6 447/43/6
f 1500/765/4 1503/39/4 444/42/4 422/766/4
f 1476/778/4 1504/764/4 480/767/4 8/779/4
f 34/12/6 5/11/6 481/762/6 483/759/6
f 43/96/6 24/95/6 482/758/6 484/747/6
f 24/95/6 34/12/6 483/759/6 482/758/6
f 6/780/6 43/96/6 484/747/6 468/746/6
f 990/781/4 1018/782/4 473/783/4 134/784/4
f 746/565/4 775/785/4 474/786/4 157/566/4
f 666/563/4 694/728/4 475/731/4 172/564/4
f 830/787/4 858/724/4 476/727/4 197/788/4
f 1236/275/4 1264/716/4 477/719/4 210/276/4
f 1316/789/4 1344/708/4 478/711/4 230/790/4
f 1114/567/4 1143/791/4 479/792/4 253/568/4
f 1140/701/1 1144/499/1 491/502/1 442/702/1
f 1340/705/1 1345/495/1 490/498/1 441/706/1
f 1260/713/1 1265/438/1 489/441/1 439/714/1
f 854/721/1 859/380/1 488/383/1 437/722/1
f 691/733/1 695/289/1 487/292/1 434/734/1
f 772/739/1 776/222/1 486/225/1 432/740/1
f 1014/743/1 1019/218/1 485/221/1 431/744/1
f 422/753/2 428/752/2 472/97/2 480/106/2
f 425/757/2 427/756/2 471/5/2 470/98/2
f 428/752/2 425/757/2 470/98/2 472/97/2
f 427/756/2 421/769/2 469/6/2 471/5/2
f 1501/771/1 1505/1/1 469/4/1 421/772/1
f 1126/536/4 1145/507/4 505/510/4 267/537/4
f 1328/453/4 1346/484/4 504/487/4 242/454/4
f 1250/395/4 1266/430/4 503/433/4 224/396/4
f 1449/793/20 1460/794/20 1835/794/20 1833/793/20
f 680/29/4 696/301/4 501/304/4 186/30/4
f 758/795/4 777/232/4 500/235/4 171/796/4
f 631/797/18 668/302/18 1619/302/18 1617/797/18
f 123/151/12 497/162/12 498/162/12 131/151/12
f 59/151/4 492/162/4 497/162/4 123/151/4
f 77/159/4 495/156/4 496/156/4 85/159/4
f 69/159/4 494/156/4 495/156/4 77/159/4
f 9/159/9 493/156/9 494/156/9 69/159/9
f 1488/150/4 1506/798/4 492/162/4 59/151/4
f 1116/508/4 1146/799/4 519/800/4 255/509/4
f 1318/485/4 1347/464/4 518/467/4 232/486/4
f 1163/801/18 1243/415/18 1685/415/18 1681/801/18
f 832/372/4 861/349/4 516/352/4 199/373/4
f 668/302/4 697/642/4 515/641/4 174/303/4
f 748/233/4 778/261/4 514/264/4 159/234/4
f 992/207/4 1021/802/4 513/632/4 138/208/4
f 118/163/12 511/133/12 512/133/12 126/163/12
f 11/163/4 507/133/4 511/133/4 118/163/4
f 79/803/4 509/158/4 510/158/4 87/803/4
f 71/803/4 508/158/4 509/158/4 79/803/4
f 49/803/9 506/158/9 508/158/9 71/803/9
f 1478/804/4 1507/130/4 507/133/4 11/163/4
f 1120/522/1 1147/531/1 543/532/1 259/523/1
f 1123/805/4 1148/525/4 542/528/4 264/806/4
f 414/397/24 224/396/24 1557/396/24 1558/397/24
f 1322/473/1 1349/460/1 540/463/1 236/474/1
f 1247/407/4 1268/414/4 539/417/4 221/408/4
f 1242/419/1 1269/402/1 538/405/1 216/420/1
f 839/350/4 862/355/4 537/358/4 206/351/4
f 836/360/1 863/345/1 536/348/1 203/361/1
f 672/318/1 698/331/1 535/332/1 178/319/1
f 677/807/4 699/321/4 534/324/4 183/808/4
f 752/249/1 779/265/1 533/266/1 163/250/1
f 755/262/4 780/252/4 532/255/4 168/263/4
f 999/697/4 1022/190/4 531/193/4 148/631/4
f 996/195/1 1023/172/1 530/175/1 142/196/1
f 39/62/2 20/61/2 526/137/2 528/127/2
f 1482/56/1 1508/135/1 526/136/1 20/57/1
f 46/78/2 29/77/2 527/126/2 529/123/2
f 29/77/2 39/62/2 528/127/2 527/126/2
f 17/119/2 46/78/2 529/123/2 520/122/2
f 49/155/6 58/154/6 524/71/6 525/120/6
f 53/129/6 55/128/6 523/63/6 522/72/6
f 58/154/6 53/129/6 522/72/6 524/71/6
f 1485/131/4 1509/67/4 520/70/4 51/132/4
f 55/128/6 52/134/6 521/64/6 523/63/6
f 882/809/1 909/810/1 583/811/1 555/812/1
f 974/813/21 972/814/21 1650/814/21 1652/813/21
f 878/815/4 907/816/4 581/817/4 551/818/4
f 888/819/4 906/820/4 580/821/4 561/822/4
f 900/823/1 905/824/1 579/825/1 574/826/1
f 876/827/4 904/828/4 578/829/4 549/830/4
f 677/807/7 183/808/7 1722/808/7 1721/807/7
f 881/831/1 902/832/1 576/833/1 554/834/1
f 904/828/4 901/835/4 575/504/4 578/829/4
f 902/832/1 900/823/1 574/826/1 576/833/1
f 730/836/17 354/640/17 1551/640/17 1626/836/17
f 887/837/1 898/838/1 572/839/1 560/840/1
f 892/841/4 897/842/4 571/843/4 566/844/4
f 877/845/1 896/846/1 570/847/1 550/848/1
f 893/849/1 895/850/1 569/851/1 567/852/1
f 883/853/4 894/854/4 568/855/4 556/856/4
f 896/846/1 893/849/1 567/852/1 570/847/1
f 683/857/20 687/293/20 1756/293/20 1740/857/20
f 865/378/4 545/858/4 562/858/4 869/378/4
f 891/859/5 889/860/5 563/861/5 565/862/5
f 889/860/5 890/863/5 564/864/5 563/861/5
f 875/596/5 891/859/5 565/862/5 562/858/5
f 905/824/1 870/865/1 544/866/1 579/825/1
f 897/842/4 871/596/4 545/858/4 571/843/4
f 884/863/5 877/845/5 550/848/5 557/864/5
f 906/820/4 878/815/4 551/818/4 580/821/4
f 886/867/1 879/868/1 552/869/1 559/870/1
f 903/871/4 880/872/4 553/873/4 577/503/4
f 898/838/1 881/831/1 554/834/1 572/839/1
f 895/850/1 882/809/1 555/812/1 569/851/1
f 908/698/4 883/853/4 556/856/4 582/699/4
f 907/816/4 885/874/4 558/875/4 581/817/4
f 909/810/1 886/867/1 559/870/1 583/811/1
f 879/868/1 887/837/1 560/840/1 552/869/1
f 899/876/4 888/819/4 561/822/4 573/877/4
f 884/863/1 557/864/1 564/864/1 890/863/1
f 868/878/4 548/879/4 1903/879/4 1902/878/4
f 866/880/3 867/881/3 547/882/3 546/883/3
f 868/878/3 866/880/3 546/883/3 548/879/3
f 867/881/3 864/884/3 544/885/3 547/882/3
f 804/886/4 829/887/4 625/888/4 593/889/4
f 801/890/1 828/891/1 624/892/1 590/893/1
f 797/894/4 827/895/4 623/896/4 586/897/4
f 807/898/4 826/899/4 622/900/4 596/901/4
f 821/902/1 825/903/1 621/904/1 617/905/1
f 795/906/4 824/907/4 620/908/4 584/909/4
f 820/910/4 823/911/4 619/912/4 616/913/4
f 800/914/1 822/915/1 618/916/1 589/917/1
f 822/915/1 821/902/1 617/905/1 618/916/1
f 780/252/19 755/262/19 1628/262/19 1630/252/19
f 806/918/1 819/919/1 615/920/1 595/921/1
f 941/922/16 981/923/16 1792/923/16 1793/922/16
f 824/907/24 820/910/24 1601/910/24 1603/907/24
f 796/924/1 816/925/1 612/926/1 585/927/1
f 812/928/1 815/929/1 611/930/1 608/931/1
f 802/932/4 814/933/4 610/934/4 591/935/4
f 814/933/4 813/936/4 609/937/4 610/934/4
f 816/925/1 812/928/1 608/931/1 612/926/1
f 794/188/5 811/938/5 606/939/5 607/940/5
f 809/941/5 810/942/5 605/943/5 604/944/5
f 811/938/5 809/941/5 604/944/5 606/939/5
f 795/906/4 584/909/4 600/909/4 808/906/4
f 786/945/3 784/946/3 601/947/3 603/948/3
f 784/946/3 785/949/3 602/950/3 601/947/3
f 759/951/3 786/945/3 603/948/3 600/952/3
f 783/949/3 781/953/3 597/954/3 599/950/3
f 783/949/1 599/950/1 602/950/1 785/949/1
f 151/166/17 1002/165/17 1520/165/17 1521/166/17
f 798/955/1 806/918/1 595/921/1 587/956/1
f 828/891/1 805/957/1 594/958/1 624/892/1
f 827/895/4 804/886/4 593/889/4 623/896/4
f 338/959/14 355/680/14 1855/680/14 1854/959/14
f 815/929/1 801/890/1 590/893/1 611/930/1
f 819/919/1 800/914/1 589/917/1 615/920/1
f 823/911/4 799/960/4 588/961/4 619/912/4
f 805/957/1 798/955/1 587/956/1 594/958/1
f 826/899/4 797/894/4 586/897/4 622/900/4
f 803/942/5 796/924/5 585/927/5 592/943/5
f 817/962/4 789/188/4 598/940/4 613/963/4
f 825/903/1 788/964/1 597/965/1 621/904/1
f 782/227/4 598/940/4 607/940/4 787/227/4
f 803/942/1 592/943/1 605/943/1 810/942/1
f 723/966/4 745/967/4 665/968/4 640/969/4
f 718/970/1 744/971/1 664/972/1 635/973/1
f 714/974/4 743/975/4 663/976/4 631/797/4
f 726/977/4 742/978/4 662/979/4 643/980/4
f 737/981/1 741/982/1 661/983/1 657/984/1
f 712/985/4 740/986/4 660/987/4 629/988/4
f 736/989/4 739/990/4 659/991/4 656/992/4
f 717/993/1 738/994/1 658/995/1 634/996/1
f 738/994/1 737/981/1 657/984/1 658/995/1
f 740/986/4 736/989/4 656/992/4 660/987/4
f 725/997/1 735/998/1 655/999/1 642/1000/1
f 336/639/18 729/1001/18 1625/1001/18 1550/639/18
f 729/1001/4 733/1002/4 653/1003/4 649/1004/4
f 713/1005/1 732/1006/1 652/1007/1 630/1008/1
f 728/1009/1 731/1010/1 651/1011/1 648/1012/1
f 719/1013/4 730/836/4 650/1014/4 636/1015/4
f 730/836/4 729/1001/4 649/1004/4 650/1014/4
f 732/1006/1 728/1009/1 648/1012/1 652/1007/1
f 712/985/4 629/988/4 647/988/4 727/985/4
f 702/1016/1 628/1017/1 645/1017/1 704/1016/1
f 705/1018/3 703/1019/3 644/1020/3 646/1021/3
f 703/1019/3 704/1016/3 645/1017/3 644/1020/3
f 681/1022/3 705/1018/3 646/1021/3 647/1023/3
f 734/1024/4 726/977/4 643/980/4 654/1025/4
f 715/1026/1 725/997/1 642/1000/1 632/1027/1
f 744/971/1 724/1028/1 641/1029/1 664/972/1
f 743/975/4 723/966/4 640/969/4 663/976/4
f 707/1030/5 722/1031/5 639/1032/5 627/1033/5
f 720/1034/5 721/1035/5 638/1036/5 637/1037/5
f 722/1031/5 720/1034/5 637/1037/5 639/1032/5
f 745/967/4 719/1013/4 636/1015/4 665/968/4
f 731/1010/1 718/970/1 635/973/1 651/1011/1
f 735/998/1 717/993/1 634/996/1 655/999/1
f 739/990/4 716/1038/4 633/1039/4 659/991/4
f 724/1028/1 715/1026/1 632/1027/1 641/1029/1
f 742/978/4 714/974/4 631/797/4 662/979/4
f 721/1035/5 713/1005/5 630/1008/5 638/1036/5
f 733/1002/4 707/1030/4 627/1033/4 653/1003/4
f 741/982/1 706/1040/1 626/1041/1 661/983/1
f 702/1016/3 700/1042/3 626/1043/3 628/1017/3
f 190/284/3 187/283/3 700/1042/3 702/1016/3
f 283/288/3 279/271/3 705/1018/3 681/1022/3
f 275/272/3 277/284/3 704/1016/3 703/1019/3
f 279/271/3 275/272/3 703/1019/3 705/1018/3
f 190/284/1 702/1016/1 704/1016/1 277/284/1
f 640/969/4 665/968/4 699/321/4 677/807/4
f 635/973/1 664/972/1 698/331/1 672/318/1
f 631/797/4 663/976/4 697/642/4 668/302/4
f 643/980/4 662/979/4 696/301/4 680/29/4
f 657/984/1 661/983/1 695/289/1 691/733/1
f 629/988/4 660/987/4 694/728/4 666/563/4
f 656/992/4 659/991/4 693/309/4 690/729/4
f 634/996/1 658/995/1 692/732/1 671/314/1
f 658/995/1 657/984/1 691/733/1 692/732/1
f 876/1044/17 6/780/17 1517/780/17 1640/1044/17
f 642/1000/1 655/999/1 689/313/1 679/333/1
f 633/1039/4 654/1025/4 688/330/4 670/310/4
f 649/1004/4 653/1003/4 687/293/4 683/857/4
f 630/1008/1 652/1007/1 686/627/1 667/298/1
f 648/1012/1 651/1011/1 685/317/1 682/628/1
f 636/1015/4 650/1014/4 684/679/4 673/322/4
f 650/1014/4 649/1004/4 683/857/4 684/679/4
f 652/1007/1 648/1012/1 682/628/1 686/627/1
f 629/988/4 666/563/4 681/563/4 647/988/4
f 654/1025/4 643/980/4 680/29/4 688/330/4
f 632/1027/1 642/1000/1 679/333/1 669/306/1
f 664/972/1 641/1029/1 678/305/1 698/331/1
f 663/976/4 640/969/4 677/807/4 697/642/4
f 627/1033/5 639/1032/5 676/325/5 701/294/5
f 637/1037/5 638/1036/5 675/297/5 674/326/5
f 639/1032/5 637/1037/5 674/326/5 676/325/5
f 354/640/21 336/639/21 1550/639/21 1551/640/21
f 651/1011/1 635/973/1 672/318/1 685/317/1
f 655/999/1 634/996/1 671/314/1 689/313/1
f 659/991/4 633/1039/4 670/310/4 693/309/4
f 641/1029/1 632/1027/1 669/306/1 678/305/1
f 813/936/24 817/962/24 1597/962/24 1595/936/24
f 638/1036/5 630/1008/5 667/298/5 675/297/5
f 653/1003/4 627/1033/4 701/294/4 687/293/4
f 661/983/1 626/1041/1 700/290/1 695/289/1
f 486/225/1 152/224/1 706/1040/1 741/982/1
f 390/229/4 153/228/4 707/1030/4 733/1002/4
f 166/185/5 158/231/5 713/1005/5 721/1035/5
f 500/235/4 159/234/4 714/974/4 742/978/4
f 169/239/1 160/238/1 715/1026/1 724/1028/1
f 462/243/4 161/242/4 716/1038/4 739/990/4
f 408/247/1 162/246/1 717/993/1 735/998/1
f 366/251/1 163/250/1 718/970/1 731/1010/1
f 532/255/4 164/254/4 719/1013/4 745/967/4
f 167/580/5 165/579/5 720/1034/5 722/1031/5
f 165/579/5 166/185/5 721/1035/5 720/1034/5
f 153/228/5 167/580/5 722/1031/5 707/1030/5
f 514/264/4 168/263/4 723/966/4 743/975/4
f 533/266/1 169/239/1 724/1028/1 744/971/1
f 160/238/1 170/268/1 725/997/1 715/1026/1
f 409/696/4 171/796/4 726/977/4 734/1024/4
f 157/566/4 712/985/4 727/985/4 282/566/4
f 378/636/1 337/635/1 728/1009/1 732/1006/1
f 979/1045/18 939/1046/18 1655/1046/18 1654/1045/18
f 164/254/4 354/640/4 730/836/4 719/1013/4
f 337/635/1 366/251/1 731/1010/1 728/1009/1
f 158/231/1 378/636/1 732/1006/1 713/1005/1
f 336/639/4 390/229/4 733/1002/4 729/1001/4
f 161/242/4 409/696/4 734/1024/4 716/1038/4
f 170/268/1 408/247/1 735/998/1 725/997/1
f 474/786/4 433/690/4 736/989/4 740/986/4
f 450/741/1 432/740/1 737/981/1 738/994/1
f 162/246/1 450/741/1 738/994/1 717/993/1
f 433/690/4 462/243/4 739/990/4 736/989/4
f 157/566/4 474/786/4 740/986/4 712/985/4
f 432/740/1 486/225/1 741/982/1 737/981/1
f 171/796/4 500/235/4 742/978/4 726/977/4
f 1071/1047/7 1148/525/7 1813/525/7 1807/1047/7
f 163/250/1 533/266/1 744/971/1 718/970/1
f 168/263/4 532/255/4 745/967/4 723/966/4
f 628/1017/1 708/277/1 710/277/1 645/1017/1
f 646/1021/3 644/1020/3 709/552/3 711/549/3
f 644/1020/3 645/1017/3 710/277/3 709/552/3
f 647/1023/3 646/1021/3 711/549/3 727/548/3
f 628/1017/3 626/1043/3 706/278/3 708/277/3
f 153/228/4 782/227/4 787/227/4 314/228/4
f 155/280/1 783/949/1 785/949/1 278/280/1
f 155/280/3 152/279/3 781/953/3 783/949/3
f 282/551/3 280/550/3 786/945/3 759/951/3
f 276/553/3 278/280/3 785/949/3 784/946/3
f 280/550/3 276/553/3 784/946/3 786/945/3
f 465/429/24 214/428/24 1565/428/24 1566/429/24
f 590/893/1 624/892/1 779/265/1 752/249/1
f 586/897/4 623/896/4 778/261/4 748/233/4
f 596/901/4 622/900/4 777/232/4 758/795/4
f 617/905/1 621/904/1 776/222/1 772/739/1
f 584/909/4 620/908/4 775/785/4 746/565/4
f 616/913/4 619/912/4 774/240/4 771/689/4
f 589/917/1 618/916/1 773/738/1 751/245/1
f 618/916/1 617/905/1 772/739/1 773/738/1
f 620/908/4 616/913/4 771/689/4 775/785/4
f 595/921/1 615/920/1 770/244/1 757/267/1
f 588/961/4 614/1048/4 769/695/4 750/241/4
f 609/937/4 613/963/4 768/226/4 764/638/4
f 585/927/1 612/926/1 767/633/1 747/230/1
f 608/931/1 611/930/1 766/248/1 763/634/1
f 591/935/4 610/934/4 765/637/4 753/253/4
f 610/934/4 609/937/4 764/638/4 765/637/4
f 612/926/1 608/931/1 763/634/1 767/633/1
f 607/940/5 606/939/5 762/577/5 787/227/5
f 604/944/5 605/943/5 761/184/5 760/578/5
f 606/939/5 604/944/5 760/578/5 762/577/5
f 584/909/4 746/565/4 759/565/4 600/909/4
f 614/1048/4 596/901/4 758/795/4 769/695/4
f 587/956/1 595/921/1 757/267/1 749/237/1
f 624/892/1 594/958/1 756/236/1 779/265/1
f 623/896/4 593/889/4 755/262/4 778/261/4
f 625/888/4 591/935/4 753/253/4 780/252/4
f 611/930/1 590/893/1 752/249/1 766/248/1
f 615/920/1 589/917/1 751/245/1 770/244/1
f 1454/1049/17 242/454/17 1538/454/17 1707/1049/17
f 594/958/1 587/956/1 749/237/1 756/236/1
f 622/900/4 586/897/4 748/233/4 777/232/4
f 592/943/5 585/927/5 747/230/5 754/184/5
f 613/963/4 598/940/4 782/227/4 768/226/4
f 621/904/1 597/965/1 781/223/1 776/222/1
f 592/943/1 754/184/1 761/184/1 605/943/1
f 205/260/1 803/942/1 810/942/1 310/260/1
f 488/383/1 192/382/1 788/964/1 825/903/1
f 392/379/4 193/189/4 789/188/4 817/962/4
f 205/260/5 198/376/5 796/924/5 803/942/5
f 502/374/4 199/373/4 797/894/4 826/899/4
f 207/347/1 200/344/1 798/955/1 805/957/1
f 464/370/4 201/369/4 799/960/4 823/911/4
f 413/366/1 202/365/1 800/914/1 819/919/1
f 368/362/1 203/361/1 801/890/1 815/929/1
f 537/358/4 204/357/4 802/932/4 829/887/4
f 516/352/4 206/351/4 804/886/4 827/895/4
f 536/348/1 207/347/1 805/957/1 828/891/1
f 200/344/1 208/343/1 806/918/1 798/955/1
f 412/340/4 209/339/4 807/898/4 818/1050/4
f 197/788/4 795/906/4 808/906/4 281/788/4
f 312/582/5 308/584/5 809/941/5 811/938/5
f 308/584/5 310/260/5 810/942/5 809/941/5
f 292/189/5 312/582/5 811/938/5 794/188/5
f 380/626/1 340/625/1 812/928/1 816/925/1
f 356/622/4 341/621/4 813/936/4 814/933/4
f 662/979/21 631/797/21 1617/797/21 1618/979/21
f 340/625/1 368/362/1 815/929/1 812/928/1
f 198/376/1 380/626/1 816/925/1 796/924/1
f 341/621/4 392/379/4 817/962/4 813/936/4
f 201/369/4 412/340/4 818/1050/4 799/960/4
f 208/343/1 413/366/1 819/919/1 806/918/1
f 476/727/4 436/726/4 820/910/4 824/907/4
f 452/723/1 437/722/1 821/902/1 822/915/1
f 202/365/1 452/723/1 822/915/1 800/914/1
f 436/726/4 464/370/4 823/911/4 820/910/4
f 197/788/4 476/727/4 824/907/4 795/906/4
f 437/722/1 488/383/1 825/903/1 821/902/1
f 209/339/4 502/374/4 826/899/4 807/898/4
f 1088/1051/17 148/631/17 1523/631/17 1660/1051/17
f 203/361/1 536/348/1 828/891/1 801/890/1
f 206/351/4 537/358/4 829/887/4 804/886/4
f 603/948/3 601/947/3 791/556/3 793/555/3
f 601/947/3 602/950/3 792/273/3 791/556/3
f 600/952/3 603/948/3 793/555/3 808/554/3
f 599/950/3 597/954/3 788/386/3 790/273/3
f 599/950/1 790/273/1 792/273/1 602/950/1
f 598/940/4 789/188/4 794/188/4 607/940/4
f 195/274/3 192/387/3 864/884/3 867/881/3
f 196/109/3 194/544/3 866/880/3 868/878/3
f 194/544/3 195/274/3 867/881/3 866/880/3
f 830/787/1 197/788/1 1900/788/1 1899/787/1
f 193/189/4 865/378/4 869/378/4 292/189/4
f 555/812/1 583/811/1 863/345/1 836/360/1
f 1220/1052/16 359/682/16 1746/682/16 1820/1052/16
f 551/818/4 581/817/4 861/349/4 832/372/4
f 561/822/4 580/821/4 860/371/4 842/338/4
f 574/826/1 579/825/1 859/380/1 854/721/1
f 549/830/4 578/829/4 858/724/4 830/787/4
f 575/504/4 577/503/4 857/367/4 855/725/4
f 554/834/1 576/833/1 856/720/1 835/364/1
f 578/829/4 575/504/4 855/725/4 858/724/4
f 576/833/1 574/826/1 854/721/1 856/720/1
f 553/873/4 573/877/4 853/337/4 834/368/4
f 560/840/1 572/839/1 852/363/1 841/342/1
f 566/844/4 571/843/4 851/377/4 846/620/4
f 550/848/1 570/847/1 850/623/1 831/375/1
f 567/852/1 569/851/1 849/359/1 847/624/1
f 556/856/4 568/855/4 848/619/4 837/356/4
f 570/847/1 567/852/1 847/624/1 850/623/1
f 613/963/19 609/937/19 1596/937/19 1598/963/19
f 565/862/5 563/861/5 843/583/5 845/581/5
f 563/861/5 564/864/5 844/259/5 843/583/5
f 562/858/5 565/862/5 845/581/5 869/378/5
f 579/825/1 544/866/1 864/381/1 859/380/1
f 899/876/18 573/877/18 1585/877/18 1584/876/18
f 557/864/5 550/848/5 831/375/5 838/259/5
f 814/933/19 802/932/19 1632/932/19 1633/933/19
f 559/870/1 552/869/1 833/341/1 840/346/1
f 577/503/4 553/873/4 834/368/4 857/367/4
f 572/839/1 554/834/1 835/364/1 852/363/1
f 569/851/1 555/812/1 836/360/1 849/359/1
f 582/699/4 556/856/4 837/356/4 862/355/4
f 1170/1053/22 1250/395/22 1890/395/22 1888/1053/22
f 583/811/1 559/870/1 840/346/1 863/345/1
f 552/869/1 560/840/1 841/342/1 833/341/1
f 573/877/4 561/822/4 842/338/4 853/337/4
f 557/864/1 838/259/1 844/259/1 564/864/1
f 32/24/1 884/863/1 890/863/1 293/24/1
f 396/1054/4 61/157/4 888/819/4 899/876/4
f 12/1055/1 60/1056/1 887/837/1 879/868/1
f 521/1057/1 52/1058/1 886/867/1 909/810/1
f 506/158/4 49/803/4 885/874/4 907/816/4
f 525/1059/4 19/1060/4 883/853/4 908/698/4
f 361/1061/1 18/1062/1 882/809/1 895/850/1
f 402/1063/1 16/1064/1 881/831/1 898/838/1
f 456/1065/4 13/1066/4 880/872/4 903/871/4
f 52/1058/1 12/1055/1 879/868/1 886/867/1
f 493/156/4 9/159/4 878/815/4 906/820/4
f 32/24/5 1/23/5 877/845/5 884/863/5
f 384/1067/4 2/113/4 871/596/4 897/842/4
f 481/1068/1 5/1069/1 870/865/1 905/824/1
f 250/113/5 252/90/5 891/859/5 875/596/5
f 294/89/5 293/24/5 890/863/5 889/860/5
f 252/90/5 294/89/5 889/860/5 891/859/5
f 348/1070/4 326/1071/4 892/841/4 894/854/4
f 373/1072/1 325/1073/1 893/849/1 896/846/1
f 19/1060/4 348/1070/4 894/854/4 883/853/4
f 325/1073/1 361/1061/1 895/850/1 893/849/1
f 1/23/1 373/1072/1 896/846/1 877/845/1
f 326/1071/4 384/1067/4 897/842/4 892/841/4
f 60/1056/1 402/1063/1 898/838/1 887/837/1
f 13/1066/4 396/1054/4 899/876/4 880/872/4
f 445/1074/1 423/1075/1 900/823/1 902/832/1
f 468/1076/4 420/1077/4 901/835/4 904/828/4
f 16/1064/1 445/1074/1 902/832/1 881/831/1
f 420/1077/4 456/1065/4 903/871/4 901/835/4
f 1325/465/24 1348/468/24 1577/468/24 1534/465/24
f 423/1075/1 481/1068/1 905/824/1 900/823/1
f 461/205/21 140/204/21 1563/204/21 1564/205/21
f 9/159/4 506/158/4 907/816/4 878/815/4
f 49/803/4 525/1059/4 908/698/4 885/874/4
f 18/1062/1 521/1057/1 909/810/1 882/809/1
f 545/858/4 871/596/4 875/596/4 562/858/4
f 548/879/4 874/93/4 1898/93/4 1903/879/4
f 546/883/3 547/882/3 873/9/3 872/94/3
f 548/879/3 546/883/3 872/94/3 874/93/3
f 547/882/3 544/885/3 870/10/3 873/9/3
f 962/1078/1 989/1079/1 949/1080/1 916/1081/1
f 965/1082/4 988/1083/4 948/1084/4 919/1085/4
f 958/1086/4 987/1087/4 947/1088/4 912/1089/4
f 934/1090/17 974/813/17 1652/813/17 1653/1090/17
f 980/1091/1 985/1092/1 945/1093/1 940/1094/1
f 956/1095/4 984/1096/4 944/1097/4 910/1098/4
f 1339/452/7 416/455/7 1735/455/7 1760/452/7
f 961/1099/1 982/1100/1 942/1101/1 915/1102/1
f 984/1096/4 981/923/4 941/922/4 944/1097/4
f 982/1100/1 980/1091/1 940/1094/1 942/1101/1
f 616/913/19 620/908/19 1604/908/19 1602/913/19
f 967/1103/1 978/1104/1 938/1105/1 921/1106/1
f 972/814/4 977/1107/4 937/1108/4 932/1109/4
f 957/1110/1 976/1111/1 936/1112/1 911/1113/1
f 973/1114/1 975/1115/1 935/1116/1 933/1117/1
f 963/1118/4 974/813/4 934/1090/4 917/1119/4
f 976/1111/1 973/1114/1 933/1117/1 936/1112/1
f 665/968/21 636/1015/21 1615/1015/21 1616/968/21
f 1025/571/4 924/1120/4 931/1120/4 1029/571/4
f 971/1121/5 969/1122/5 928/1123/5 930/1124/5
f 969/1122/5 970/1125/5 929/1126/5 928/1123/5
f 955/594/5 971/1121/5 930/1124/5 931/1120/5
f 964/1125/1 918/1126/1 929/1126/1 970/1125/1
f 990/1127/3 1028/1128/3 927/1129/3 910/1130/3
f 1026/1131/3 1027/1132/3 926/1133/3 925/1134/3
f 1028/1128/3 1026/1131/3 925/1134/3 927/1129/3
f 1027/1132/3 1024/1135/3 923/1136/3 926/1133/3
f 985/1092/1 950/1137/1 923/1138/1 945/1093/1
f 977/1107/4 951/594/4 924/1120/4 937/1108/4
f 964/1125/5 957/1110/5 911/1113/5 918/1126/5
f 986/601/4 958/1086/4 912/1089/4 946/602/4
f 966/1139/1 959/1140/1 913/1141/1 920/1142/1
f 983/677/4 960/1143/4 914/1144/4 943/678/4
f 978/1104/1 961/1099/1 915/1102/1 938/1105/1
f 975/1115/1 962/1078/1 916/1081/1 935/1116/1
f 346/686/7 1218/1145/7 1819/1145/7 1745/686/7
f 140/204/18 1083/1146/18 1668/1146/18 1563/204/18
f 989/1079/1 966/1139/1 920/1142/1 949/1080/1
f 959/1140/1 967/1103/1 921/1106/1 913/1141/1
f 979/1045/4 968/1147/4 922/1148/4 939/1046/4
f 411/329/4 186/30/4 968/1147/4 979/1045/4
f 175/307/1 185/334/1 967/1103/1 959/1140/1
f 535/332/1 184/308/1 966/1139/1 989/1079/1
f 515/641/4 183/808/4 965/1082/4 987/1087/4
f 534/324/4 179/323/4 963/1118/4 988/1083/4
f 367/320/1 178/319/1 962/1078/1 975/1115/1
f 410/316/1 177/315/1 961/1099/1 978/1104/1
f 463/312/4 176/311/4 960/1143/4 983/677/4
f 184/308/1 175/307/1 959/1140/1 966/1139/1
f 501/304/4 174/303/4 958/1086/4 986/601/4
f 181/300/5 173/299/5 957/1110/5 964/1125/5
f 391/296/4 188/295/4 951/594/4 977/1107/4
f 487/292/1 187/291/1 950/1137/1 985/1092/1
f 181/300/1 964/1125/1 970/1125/1 304/300/1
f 315/295/5 306/328/5 971/1121/5 955/594/5
f 302/327/5 304/300/5 970/1125/5 969/1122/5
f 306/328/5 302/327/5 969/1122/5 971/1121/5
f 355/680/4 338/959/4 972/814/4 974/813/4
f 379/630/1 339/629/1 973/1114/1 976/1111/1
f 179/323/4 355/680/4 974/813/4 963/1118/4
f 339/629/1 367/320/1 975/1115/1 973/1114/1
f 173/299/1 379/630/1 976/1111/1 957/1110/1
f 338/959/4 391/296/4 977/1107/4 972/814/4
f 185/334/1 410/316/1 978/1104/1 967/1103/1
f 176/311/4 411/329/4 979/1045/4 960/1143/4
f 451/735/1 434/734/1 980/1091/1 982/1100/1
f 475/731/4 435/730/4 981/923/4 984/1096/4
f 177/315/1 451/735/1 982/1100/1 961/1099/1
f 435/730/4 463/312/4 983/677/4 981/923/4
f 172/564/4 475/731/4 984/1096/4 956/1095/4
f 434/734/1 487/292/1 985/1092/1 980/1091/1
f 186/30/4 501/304/4 986/601/4 968/1147/4
f 174/303/4 515/641/4 987/1087/4 958/1086/4
f 183/808/4 534/324/4 988/1083/4 965/1082/4
f 178/319/1 535/332/1 989/1079/1 962/1078/1
f 924/1120/4 951/594/4 955/594/4 931/1120/4
f 910/1130/3 927/1129/3 954/285/3 956/287/3
f 925/1134/3 926/1133/3 953/281/3 952/286/3
f 927/1129/3 925/1134/3 952/286/3 954/285/3
f 926/1133/3 923/1136/3 950/282/3 953/281/3
f 146/183/3 136/217/3 1024/1135/3 1027/1132/3
f 147/181/3 144/180/3 1026/1131/3 1028/1128/3
f 144/180/3 146/183/3 1027/1132/3 1026/1131/3
f 134/543/3 147/181/3 1028/1128/3 990/1127/3
f 137/574/4 1025/571/4 1029/571/4 301/574/4
f 916/1081/1 949/1080/1 1023/172/1 996/195/1
f 919/1085/4 948/1084/4 1022/190/4 999/697/4
f 912/1089/4 947/1088/4 1021/802/4 992/207/4
f 922/1148/4 946/602/4 1020/206/4 1002/165/4
f 940/1094/1 945/1093/1 1019/218/1 1014/743/1
f 910/1098/4 944/1097/4 1018/782/4 990/781/4
f 941/922/4 943/678/4 1017/202/4 1015/776/4
f 915/1102/1 942/1101/1 1016/742/1 995/199/1
f 944/1097/4 941/922/4 1015/776/4 1018/782/4
f 942/1101/1 940/1094/1 1014/743/1 1016/742/1
f 914/1144/4 939/1046/4 1013/164/4 994/203/4
f 921/1106/1 938/1105/1 1012/198/1 1001/169/1
f 932/1109/4 937/1108/4 1011/1149/4 1006/1150/4
f 911/1113/1 936/1112/1 1010/643/1 991/211/1
f 933/1117/1 935/1116/1 1009/194/1 1007/644/1
f 917/1119/4 934/1090/4 1008/675/4 997/191/4
f 936/1112/1 933/1117/1 1007/644/1 1010/643/1
f 934/1090/4 932/1109/4 1006/1150/4 1008/675/4
f 930/1124/5 928/1123/5 1003/575/5 1005/572/5
f 928/1123/5 929/1126/5 1004/210/5 1003/575/5
f 931/1120/5 930/1124/5 1005/572/5 1029/571/5
f 918/1126/1 998/210/1 1004/210/1 929/1126/1
f 945/1093/1 923/1138/1 1024/219/1 1019/218/1
f 937/1108/4 924/1120/4 1025/571/4 1011/1149/4
f 918/1126/5 911/1113/5 991/211/5 998/210/5
f 946/602/4 912/1089/4 992/207/4 1020/206/4
f 920/1142/1 913/1141/1 993/168/1 1000/173/1
f 943/678/4 914/1144/4 994/203/4 1017/202/4
f 938/1105/1 915/1102/1 995/199/1 1012/198/1
f 935/1116/1 916/1081/1 996/195/1 1009/194/1
f 948/1084/4 917/1119/4 997/191/4 1022/190/4
f 947/1088/4 919/1085/4 999/697/4 1021/802/4
f 949/1080/1 920/1142/1 1000/173/1 1023/172/1
f 913/1141/1 921/1106/1 1001/169/1 993/168/1
f 939/1046/4 922/1148/4 1002/165/4 1013/164/4
f 972/814/18 932/1109/18 1651/1109/18 1650/814/18
f 1085/1151/1 1112/1152/1 1070/1153/1 1039/1154/1
f 894/854/20 892/841/20 1772/841/20 1774/854/20
f 1091/1155/4 1110/1156/4 1068/1157/4 1045/1158/4
f 1105/1159/1 1109/1160/1 1067/1161/1 1063/1162/1
f 1079/1163/4 1108/693/4 1066/215/4 1033/1164/4
f 1104/694/4 1107/1165/4 1065/1166/4 1062/214/4
f 1084/1167/1 1106/1168/1 1064/1169/1 1038/1170/1
f 1106/1168/1 1105/1159/1 1063/1162/1 1064/1169/1
f 558/875/20 582/699/20 1780/699/20 1781/875/20
f 1090/1171/1 1103/1172/1 1061/1173/1 1044/1174/1
f 1083/1146/4 1102/1175/4 1060/1176/4 1037/1177/4
f 1097/1178/4 1101/1179/4 1059/1180/4 1055/1181/4
f 1080/1182/1 1100/1183/1 1058/1184/1 1034/1185/1
f 1096/1186/1 1099/1187/1 1057/1188/1 1054/1189/1
f 1086/1190/4 1098/1191/4 1056/1192/4 1040/1193/4
f 1098/1191/4 1097/1178/4 1055/1181/4 1056/1192/4
f 1100/1183/1 1096/1186/1 1054/1189/1 1058/1184/1
f 1150/591/4 1031/1194/4 1050/1194/4 1155/591/4
f 1078/595/5 1095/1195/5 1053/1196/5 1050/1194/5
f 1093/1197/5 1094/1198/5 1052/1199/5 1051/1200/5
f 1095/1195/5 1093/1197/5 1051/1200/5 1053/1196/5
f 1079/1163/4 1033/1164/4 1049/1164/4 1092/1163/4
f 1154/1201/3 1152/1202/3 1046/1203/3 1048/1204/3
f 1152/1202/3 1153/1205/3 1047/1206/3 1046/1203/3
f 1127/1207/3 1154/1201/3 1048/1204/3 1049/1208/3
f 1102/1175/4 1091/1155/4 1045/1158/4 1060/1176/4
f 1082/1209/1 1090/1171/1 1044/1174/1 1036/1210/1
f 1112/1152/1 1089/1211/1 1043/1212/1 1070/1153/1
f 1111/1213/4 1088/1051/4 1042/1214/4 1069/1215/4
f 1113/1216/4 1086/1190/4 1040/1193/4 1071/1047/4
f 1099/1187/1 1085/1151/1 1039/1154/1 1057/1188/1
f 1103/1172/1 1084/1167/1 1038/1170/1 1061/1173/1
f 1107/1165/4 1083/1146/4 1037/1177/4 1065/1166/4
f 1089/1211/1 1082/1209/1 1036/1210/1 1043/1212/1
f 1110/1156/4 1081/1217/4 1035/1218/4 1068/1157/4
f 1087/1198/5 1080/1182/5 1034/1185/5 1041/1199/5
f 1101/1179/4 1073/595/4 1031/1194/4 1059/1180/4
f 1109/1160/1 1072/1219/1 1030/1220/1 1067/1161/1
f 1087/1198/1 1041/1199/1 1052/1199/1 1094/1198/1
f 1151/1205/3 1149/1221/3 1030/1222/3 1032/1206/3
f 1151/1205/1 1032/1206/1 1047/1206/1 1153/1205/1
f 145/213/1 1087/1198/1 1094/1198/1 305/213/1
f 485/221/1 136/220/1 1072/1219/1 1109/1160/1
f 389/1223/4 137/574/4 1073/595/4 1101/1179/4
f 145/213/5 135/212/5 1080/1182/5 1087/1198/5
f 499/209/4 138/208/4 1081/1217/4 1110/1156/4
f 149/174/1 139/171/1 1082/1209/1 1089/1211/1
f 1020/206/18 499/209/18 1524/209/18 1573/206/18
f 407/201/1 141/200/1 1084/1167/1 1103/1172/1
f 365/197/1 142/196/1 1085/1151/1 1099/1187/1
f 531/193/4 143/192/4 1086/1190/4 1113/1216/4
f 513/632/4 148/631/4 1088/1051/4 1111/1213/4
f 530/175/1 149/174/1 1089/1211/1 1112/1152/1
f 139/171/1 150/170/1 1090/1171/1 1082/1209/1
f 406/167/4 151/166/4 1091/1155/4 1102/1175/4
f 134/784/4 1079/1163/4 1092/1163/4 274/784/4
f 307/573/5 303/576/5 1093/1197/5 1095/1195/5
f 303/576/5 305/213/5 1094/1198/5 1093/1197/5
f 301/574/5 307/573/5 1095/1195/5 1078/595/5
f 377/646/1 334/645/1 1096/1186/1 1100/1183/1
f 353/676/4 335/1224/4 1097/1178/4 1098/1191/4
f 143/192/4 353/676/4 1098/1191/4 1086/1190/4
f 334/645/1 365/197/1 1099/1187/1 1096/1186/1
f 135/212/1 377/646/1 1100/1183/1 1080/1182/1
f 818/1050/24 807/898/24 1593/898/24 1599/1050/24
f 140/204/4 406/167/4 1102/1175/4 1083/1146/4
f 150/170/1 407/201/1 1103/1172/1 1090/1171/1
f 473/783/4 430/777/4 1104/694/4 1108/693/4
f 449/745/1 431/744/1 1105/1159/1 1106/1168/1
f 141/200/1 449/745/1 1106/1168/1 1084/1167/1
f 430/777/4 461/205/4 1107/1165/4 1104/694/4
f 134/784/4 473/783/4 1108/693/4 1079/1163/4
f 431/744/1 485/221/1 1109/1160/1 1105/1159/1
f 1121/526/14 1148/525/14 1879/525/14 1877/526/14
f 138/208/4 513/632/4 1111/1213/4 1081/1217/4
f 142/196/1 530/175/1 1112/1152/1 1085/1151/1
f 987/1087/21 965/1082/21 1646/1082/21 1658/1087/21
f 1031/1194/4 1073/595/4 1078/595/4 1050/1194/4
f 1048/1204/3 1046/1203/3 1075/547/3 1077/546/3
f 1046/1203/3 1047/1206/3 1076/182/3 1075/547/3
f 1049/1208/3 1048/1204/3 1077/546/3 1092/545/3
f 1032/1206/3 1030/1222/3 1072/216/3 1074/182/3
f 1032/1206/1 1074/182/1 1076/182/1 1047/1206/1
f 251/542/1 1151/1205/1 1153/1205/1 270/542/1
f 251/542/3 248/541/3 1149/1221/3 1151/1205/3
f 287/562/3 272/560/3 1154/1201/3 1127/1207/3
f 268/559/3 270/542/3 1153/1205/3 1152/1202/3
f 272/560/3 268/559/3 1152/1202/3 1154/1201/3
f 249/592/4 1150/591/4 1155/591/4 300/592/4
f 249/592/15 395/685/15 1754/685/15 1753/592/15
f 1039/1154/1 1070/1153/1 1147/531/1 1120/522/1
f 1035/1218/4 1069/1215/4 1146/799/4 1116/508/4
f 1045/1158/4 1068/1157/4 1145/507/4 1126/536/4
f 1063/1162/1 1067/1161/1 1144/499/1 1140/701/1
f 1033/1164/4 1066/215/4 1143/791/4 1114/567/4
f 1062/214/4 1065/1166/4 1142/177/4 1139/774/4
f 1038/1170/1 1064/1169/1 1141/700/1 1119/518/1
f 1064/1169/1 1063/1162/1 1140/701/1 1141/700/1
f 1066/215/4 1062/214/4 1139/774/4 1143/791/4
f 1044/1174/1 1061/1173/1 1138/517/1 1125/533/1
f 1037/1177/4 1060/1176/4 1137/535/4 1118/176/4
f 1055/1181/4 1059/1180/4 1136/684/4 1132/683/4
f 1034/1185/1 1058/1184/1 1135/597/1 1115/505/1
f 1054/1189/1 1057/1188/1 1134/521/1 1131/598/1
f 1040/1193/4 1056/1192/4 1133/681/4 1121/526/4
f 625/888/18 780/252/18 1630/252/18 1605/888/18
f 1058/1184/1 1054/1189/1 1131/598/1 1135/597/1
f 1050/1194/5 1053/1196/5 1130/589/5 1155/591/5
f 1051/1200/5 1052/1199/5 1129/353/5 1128/590/5
f 1053/1196/5 1051/1200/5 1128/590/5 1130/589/5
f 1033/1164/4 1114/567/4 1127/567/4 1049/1164/4
f 1189/1225/23 1187/1226/23 1677/1226/23 1679/1225/23
f 1036/1210/1 1044/1174/1 1125/533/1 1117/512/1
f 1070/1153/1 1043/1212/1 1124/511/1 1147/531/1
f 1069/1215/4 1042/1214/4 1123/805/4 1146/799/4
f 802/932/22 591/935/22 1865/935/22 1864/932/22
f 1057/1188/1 1039/1154/1 1120/522/1 1134/521/1
f 1061/1173/1 1038/1170/1 1119/518/1 1138/517/1
f 1194/1227/14 1167/1228/14 1883/1228/14 1887/1227/14
f 1043/1212/1 1036/1210/1 1117/512/1 1124/511/1
f 1185/1229/15 1160/335/15 1816/335/15 1818/1229/15
f 1041/1199/5 1034/1185/5 1115/505/5 1122/353/5
f 1059/1180/4 1031/1194/4 1150/591/4 1136/684/4
f 1067/1161/1 1030/1220/1 1149/500/1 1144/499/1
f 1041/1199/1 1122/353/1 1129/353/1 1052/1199/1
f 1208/1230/1 1235/1231/1 1195/1232/1 1162/1233/1
f 355/680/25 684/679/25 1856/679/25 1855/680/25
f 1204/1234/4 1233/1235/4 1193/1236/4 1158/1237/4
f 1216/1238/4 1232/1239/4 1192/1240/4 1170/1053/4
f 1226/1241/1 1231/1242/1 1191/1243/1 1186/1244/1
f 1202/1245/4 1230/1246/4 1190/1247/4 1156/1248/4
f 239/466/17 1325/465/17 1534/465/17 1535/466/17
f 1207/1249/1 1228/1250/1 1188/1251/1 1161/1252/1
f 1230/1246/4 1227/1253/4 1187/1226/4 1190/1247/4
f 1228/1250/1 1226/1241/1 1186/1244/1 1188/1251/1
f 1145/507/16 1068/1157/16 1809/1157/16 1812/507/16
f 1215/1254/1 1224/1255/1 1184/1256/1 1169/1257/1
f 1218/1145/4 1223/1258/4 1183/691/4 1178/1259/4
f 1203/1260/1 1222/1261/1 1182/1262/1 1157/1263/1
f 1219/1264/1 1221/1265/1 1181/1266/1 1179/1267/1
f 1209/1268/4 1220/1052/4 1180/1269/4 1163/801/4
f 1222/1261/1 1219/1264/1 1179/1267/1 1182/1262/1
f 1220/1052/4 1218/1145/4 1178/1259/4 1180/1269/4
f 1272/1270/1 1173/1271/1 1176/1271/1 1274/1270/1
f 1251/1272/3 1275/1273/3 1177/1274/3 1174/1275/3
f 1273/1276/3 1274/1270/3 1176/1271/3 1175/1277/3
f 1275/1273/3 1273/1276/3 1175/1277/3 1177/1274/3
f 1272/1270/3 1270/1278/3 1171/1279/3 1173/1271/3
f 1231/1242/1 1196/1280/1 1171/1281/1 1191/1243/1
f 1223/1258/4 1197/1282/4 1172/692/4 1183/691/4
f 1211/1283/5 1203/1260/5 1157/1263/5 1165/1284/5
f 171/796/14 409/696/14 1857/696/14 1852/796/14
f 1214/1285/1 1205/1286/1 1159/1287/1 1168/1288/1
f 1229/1289/4 1206/336/4 1160/335/4 1189/1225/4
f 1224/1255/1 1207/1249/1 1161/1252/1 1184/1256/1
f 1221/1265/1 1208/1230/1 1162/1233/1 1181/1266/1
f 1234/1290/4 1209/1268/4 1163/801/4 1194/1227/4
f 1212/1291/5 1210/1292/5 1164/1293/5 1166/1294/5
f 1210/1292/5 1211/1283/5 1165/1284/5 1164/1293/5
f 1197/1282/5 1212/1291/5 1166/1294/5 1172/692/5
f 1233/1235/4 1213/1295/4 1167/1228/4 1193/1236/4
f 1235/1231/1 1214/1285/1 1168/1288/1 1195/1232/1
f 1205/1286/1 1215/1254/1 1169/1257/1 1159/1287/1
f 1225/1296/4 1216/1238/4 1170/1053/4 1185/1229/4
f 1202/1245/4 1156/1248/4 1174/1248/4 1217/1245/4
f 253/568/4 1202/1245/4 1217/1245/4 287/568/4
f 419/538/4 267/537/4 1216/1238/4 1225/1296/4
f 256/513/1 266/534/1 1215/1254/1 1205/1286/1
f 543/532/1 265/514/1 1214/1285/1 1235/1231/1
f 519/800/4 264/806/4 1213/1295/4 1233/1235/4
f 249/592/5 263/179/5 1212/1291/5 1197/1282/5
f 261/178/5 262/354/5 1211/1283/5 1210/1292/5
f 263/179/5 261/178/5 1210/1292/5 1212/1291/5
f 542/528/4 260/527/4 1209/1268/4 1234/1290/4
f 371/524/1 259/523/1 1208/1230/1 1221/1265/1
f 418/520/1 258/519/1 1207/1249/1 1224/1255/1
f 467/516/4 257/515/4 1206/336/4 1229/1289/4
f 265/514/1 256/513/1 1205/1286/1 1214/1285/1
f 593/889/24 625/888/24 1605/888/24 1606/889/24
f 262/354/5 254/506/5 1203/1260/5 1211/1283/5
f 395/685/4 249/592/4 1197/1282/4 1223/1258/4
f 491/502/1 248/501/1 1196/1280/1 1231/1242/1
f 209/339/16 842/338/16 1725/338/16 1726/339/16
f 383/600/1 347/599/1 1219/1264/1 1222/1261/1
f 260/527/4 359/682/4 1220/1052/4 1209/1268/4
f 347/599/1 371/524/1 1221/1265/1 1219/1264/1
f 254/506/1 383/600/1 1222/1261/1 1203/1260/1
f 346/686/4 395/685/4 1223/1258/4 1218/1145/4
f 266/534/1 418/520/1 1224/1255/1 1215/1254/1
f 257/515/4 419/538/4 1225/1296/4 1206/336/4
f 455/703/1 442/702/1 1226/1241/1 1228/1250/1
f 479/792/4 443/775/4 1227/1253/4 1230/1246/4
f 258/519/1 455/703/1 1228/1250/1 1207/1249/1
f 443/775/4 467/516/4 1229/1289/4 1227/1253/4
f 253/568/4 479/792/4 1230/1246/4 1202/1245/4
f 442/702/1 491/502/1 1231/1242/1 1226/1241/1
f 267/537/4 505/510/4 1232/1239/4 1216/1238/4
f 255/509/4 519/800/4 1233/1235/4 1204/1234/4
f 264/806/4 542/528/4 1234/1290/4 1213/1295/4
f 259/523/1 543/532/1 1235/1231/1 1208/1230/1
f 1173/1271/1 1198/539/1 1200/539/1 1176/1271/1
f 1174/1275/3 1177/1274/3 1201/557/3 1217/561/3
f 1175/1277/3 1176/1271/3 1200/539/3 1199/558/3
f 1177/1274/3 1175/1277/3 1199/558/3 1201/557/3
f 1173/1271/3 1171/1279/3 1196/540/3 1198/539/3
f 228/385/3 225/390/3 1270/1278/3 1272/1270/3
f 290/187/3 289/384/3 1273/1276/3 1275/1273/3
f 289/384/3 291/385/3 1274/1270/3 1273/1276/3
f 288/186/3 290/187/3 1275/1273/3 1251/1272/3
f 228/385/1 1272/1270/1 1274/1270/1 291/385/1
f 1162/1233/1 1195/1232/1 1269/402/1 1242/419/1
f 1167/1228/4 1194/1227/4 1268/414/4 1247/407/4
f 1158/1237/4 1193/1236/4 1267/406/4 1238/431/4
f 1170/1053/4 1192/1240/4 1266/430/4 1250/395/4
f 1186/1244/1 1191/1243/1 1265/438/1 1260/713/1
f 1156/1248/4 1190/1247/4 1264/716/4 1236/275/4
f 1187/1226/4 1189/1225/4 1263/426/4 1261/717/4
f 1161/1252/1 1188/1251/1 1262/712/1 1241/423/1
f 1190/1247/4 1187/1226/4 1261/717/4 1264/716/4
f 1188/1251/1 1186/1244/1 1260/713/1 1262/712/1
f 1160/335/4 1185/1229/4 1259/394/4 1240/427/4
f 1169/1257/1 1184/1256/1 1258/422/1 1249/399/1
f 1178/1259/4 1183/691/4 1257/436/4 1252/612/4
f 1157/1263/1 1182/1262/1 1256/615/1 1237/434/1
f 1179/1267/1 1181/1266/1 1255/418/1 1253/616/1
f 1163/801/4 1180/1269/4 1254/611/4 1243/415/4
f 1182/1262/1 1179/1267/1 1253/616/1 1256/615/1
f 1180/1269/4 1178/1259/4 1252/612/4 1254/611/4
f 1191/1243/1 1171/1281/1 1270/439/1 1265/438/1
f 1227/1253/21 1229/1289/21 1678/1289/21 1676/1253/21
f 1165/1284/5 1157/1263/5 1237/434/5 1245/413/5
f 1192/1240/4 1158/1237/4 1238/431/4 1266/430/4
f 1168/1288/1 1159/1287/1 1239/398/1 1248/403/1
f 1189/1225/4 1160/335/4 1240/427/4 1263/426/4
f 1184/1256/1 1161/1252/1 1241/423/1 1258/422/1
f 1181/1266/1 1162/1233/1 1242/419/1 1255/418/1
f 1137/535/17 1060/1176/17 1667/1176/17 1673/535/17
f 1166/1294/5 1164/1293/5 1244/412/5 1246/411/5
f 1164/1293/5 1165/1284/5 1245/413/5 1244/412/5
f 1172/692/5 1166/1294/5 1246/411/5 1271/410/5
f 1193/1236/4 1167/1228/4 1247/407/4 1267/406/4
f 1195/1232/1 1168/1288/1 1248/403/1 1269/402/1
f 1159/1287/1 1169/1257/1 1249/399/1 1239/398/1
f 1312/270/25 1392/1297/25 1894/1297/25 1895/270/25
f 1156/1248/4 1236/275/4 1251/275/4 1174/1248/4
f 1368/1298/1 1395/1299/1 1315/1300/1 1287/1301/1
f 1371/1302/4 1394/1303/4 1314/737/4 1290/1304/4
f 1364/1305/4 1393/1306/4 1313/1307/4 1283/269/4
f 1374/1308/4 1392/1297/4 1312/270/4 1293/1309/4
f 1386/1310/1 1391/1311/1 1311/1312/1 1306/1313/1
f 1362/1314/4 1390/687/4 1310/1315/4 1281/1316/4
f 1387/688/4 1389/1317/4 1309/1318/4 1307/1319/4
f 1367/1320/1 1388/1321/1 1308/1322/1 1286/1323/1
f 799/960/20 818/1050/20 1784/1050/20 1782/960/20
f 1388/1321/1 1386/1310/1 1306/1313/1 1308/1322/1
f 1366/1324/4 1385/1325/4 1305/1326/4 1285/1327/4
f 1373/1328/1 1384/1329/1 1304/1330/1 1292/1331/1
f 1378/1332/4 1383/1333/4 1303/1334/4 1298/1335/4
f 1363/1336/1 1382/1337/1 1302/1338/1 1282/1339/1
f 1379/1340/1 1381/1341/1 1301/1342/1 1299/1343/1
f 1369/1344/4 1380/1345/4 1300/1346/4 1288/736/4
f 1382/1337/1 1379/1340/1 1299/1343/1 1302/1338/1
f 1380/1345/4 1378/1332/4 1298/1335/4 1300/1346/4
f 1351/493/4 1277/1347/4 1294/1347/4 1355/493/4
f 1377/1348/5 1375/1349/5 1295/1350/5 1297/1351/5
f 1375/1349/5 1376/1352/5 1296/1353/5 1295/1350/5
f 1361/593/5 1377/1348/5 1297/1351/5 1294/1347/5
f 1370/1352/1 1289/1353/1 1296/1353/1 1376/1352/1
f 1391/1311/1 1356/1354/1 1276/1355/1 1311/1312/1
f 1383/1333/4 1357/593/4 1277/1347/4 1303/1334/4
f 1370/1352/5 1363/1336/5 1282/1339/5 1289/1353/5
f 1158/1237/14 1192/1240/14 1885/1240/14 1881/1237/14
f 1372/1356/1 1365/1357/1 1284/1358/1 1291/1359/1
f 1389/1317/4 1366/1324/4 1285/1327/4 1309/1318/4
f 1384/1329/1 1367/1320/1 1286/1323/1 1304/1330/1
f 1381/1341/1 1368/1298/1 1287/1301/1 1301/1342/1
f 394/494/20 244/92/20 1734/92/20 1752/494/20
f 1393/1306/4 1371/1302/4 1290/1304/4 1313/1307/4
f 1395/1299/1 1372/1356/1 1291/1359/1 1315/1300/1
f 1365/1357/1 1373/1328/1 1292/1331/1 1284/1358/1
f 1385/1325/4 1374/1308/4 1293/1309/4 1305/1326/4
f 1316/1360/3 1354/1361/3 1280/1362/3 1281/1363/3
f 1352/1364/3 1353/1365/3 1279/1366/3 1278/1367/3
f 1354/1361/3 1352/1364/3 1278/1367/3 1280/1362/3
f 1353/1365/3 1350/1368/3 1276/1369/3 1279/1366/3
f 246/448/3 243/451/3 1350/1368/3 1353/1365/3
f 247/444/3 245/449/3 1352/1364/3 1354/1361/3
f 245/449/3 246/448/3 1353/1365/3 1352/1364/3
f 230/445/3 247/444/3 1354/1361/3 1316/1360/3
f 244/92/4 1351/493/4 1355/493/4 316/92/4
f 1287/1301/1 1315/1300/1 1349/460/1 1322/473/1
f 1290/1304/4 1314/737/4 1348/468/4 1325/465/4
f 1069/1215/15 1035/1218/15 1800/1218/15 1806/1215/15
f 1293/1309/4 1312/270/4 1346/484/4 1328/453/4
f 1306/1313/1 1311/1312/1 1345/495/1 1340/705/1
f 1281/1316/4 1310/1315/4 1344/708/4 1316/789/4
f 1307/1319/4 1309/1318/4 1343/480/4 1341/709/4
f 1286/1323/1 1308/1322/1 1342/704/1 1321/477/1
f 1310/1315/4 1307/1319/4 1341/709/4 1344/708/4
f 1308/1322/1 1306/1313/1 1340/705/1 1342/704/1
f 1285/1327/4 1305/1326/4 1339/452/4 1320/481/4
f 1292/1331/1 1304/1330/1 1338/476/1 1327/457/1
f 832/372/19 860/371/19 1639/371/19 1635/372/19
f 1282/1339/1 1302/1338/1 1336/607/1 1317/489/1
f 1299/1343/1 1301/1342/1 1335/472/1 1333/608/1
f 1288/736/4 1300/1346/4 1334/603/4 1323/469/4
f 1302/1338/1 1299/1343/1 1333/608/1 1336/607/1
f 1300/1346/4 1298/1335/4 1332/604/4 1334/603/4
f 1297/1351/5 1295/1350/5 1329/587/5 1331/585/5
f 1295/1350/5 1296/1353/5 1330/488/5 1329/587/5
f 1294/1347/5 1297/1351/5 1331/585/5 1355/493/5
f 1289/1353/1 1324/488/1 1330/488/1 1296/1353/1
f 1311/1312/1 1276/1355/1 1350/496/1 1345/495/1
f 1303/1334/4 1277/1347/4 1351/493/4 1337/492/4
f 1289/1353/5 1282/1339/5 1317/489/5 1324/488/5
f 1312/270/4 1283/269/4 1318/485/4 1346/484/4
f 1291/1359/1 1284/1358/1 1319/456/1 1326/461/1
f 1309/1318/4 1285/1327/4 1320/481/4 1343/480/4
f 1304/1330/1 1286/1323/1 1321/477/1 1338/476/1
f 1301/1342/1 1287/1301/1 1322/473/1 1335/472/1
f 1314/737/4 1288/736/4 1323/469/4 1348/468/4
f 1313/1307/4 1290/1304/4 1325/465/4 1347/464/4
f 1315/1300/1 1291/1359/1 1326/461/1 1349/460/1
f 1284/1358/1 1292/1331/1 1327/457/1 1319/456/1
f 1305/1326/4 1293/1309/4 1328/453/4 1339/452/4
f 1429/1370/18 1503/39/18 1712/39/18 1703/1370/18
f 213/401/1 223/400/1 1373/1328/1 1365/1357/1
f 538/405/1 222/404/1 1372/1356/1 1395/1299/1
f 517/409/4 221/408/4 1371/1302/4 1393/1306/4
f 539/417/4 217/416/4 1369/1344/4 1394/1303/4
f 369/421/1 216/420/1 1368/1298/1 1381/1341/1
f 415/425/1 215/424/1 1367/1320/1 1384/1329/1
f 505/510/21 255/509/21 1571/509/21 1572/510/21
f 222/404/1 213/401/1 1365/1357/1 1372/1356/1
f 503/433/4 212/432/4 1364/1305/4 1392/1297/4
f 219/111/5 211/435/5 1363/1336/5 1370/1352/5
f 393/437/4 226/256/4 1357/593/4 1383/1333/4
f 489/441/1 225/440/1 1356/1354/1 1391/1311/1
f 219/111/1 1370/1352/1 1376/1352/1 319/111/1
f 317/256/5 318/257/5 1377/1348/5 1361/593/5
f 320/110/5 319/111/5 1376/1352/5 1375/1349/5
f 318/257/5 320/110/5 1375/1349/5 1377/1348/5
f 357/614/4 343/613/4 1378/1332/4 1380/1345/4
f 381/618/1 342/617/1 1379/1340/1 1382/1337/1
f 217/416/4 357/614/4 1380/1345/4 1369/1344/4
f 342/617/1 369/421/1 1381/1341/1 1379/1340/1
f 211/435/1 381/618/1 1382/1337/1 1363/1336/1
f 343/613/4 393/437/4 1383/1333/4 1378/1332/4
f 223/400/1 415/425/1 1384/1329/1 1373/1328/1
f 214/428/4 414/397/4 1385/1325/4 1366/1324/4
f 453/715/1 439/714/1 1386/1310/1 1388/1321/1
f 477/719/4 438/718/4 1387/688/4 1390/687/4
f 215/424/1 453/715/1 1388/1321/1 1367/1320/1
f 438/718/4 465/429/4 1389/1317/4 1387/688/4
f 210/276/4 477/719/4 1390/687/4 1362/1314/4
f 439/714/1 489/441/1 1391/1311/1 1386/1310/1
f 224/396/4 503/433/4 1392/1297/4 1374/1308/4
f 212/432/4 517/409/4 1393/1306/4 1364/1305/4
f 221/408/4 539/417/4 1394/1303/4 1371/1302/4
f 216/420/1 538/405/1 1395/1299/1 1368/1298/1
f 1277/1347/4 1357/593/4 1361/593/4 1294/1347/4
f 1281/1363/3 1280/1362/3 1360/391/3 1362/393/3
f 1278/1367/3 1279/1366/3 1359/388/3 1358/392/3
f 1280/1362/3 1278/1367/3 1358/392/3 1360/391/3
f 1279/1366/3 1276/1369/3 1356/389/3 1359/388/3
f 774/240/17 619/912/17 1608/912/17 1629/240/17
f 1448/1371/1 1474/1372/1 1434/1373/1 1402/1374/1
f 922/1148/17 968/1147/17 1648/1147/17 1649/1148/17
f 1454/1049/4 1472/1375/4 1432/1376/4 1408/1377/4
f 1467/1378/1 1471/1379/1 1431/1380/1 1427/1381/1
f 1442/1382/4 1470/1383/4 1430/1384/4 1396/1385/4
f 1466/1386/4 1469/1387/4 1429/1370/4 1426/1388/4
f 1447/1389/1 1468/1390/1 1428/1391/1 1401/1392/1
f 1468/1390/1 1467/1378/1 1427/1381/1 1428/1391/1
f 1470/1383/4 1466/1386/4 1426/1388/4 1430/1384/4
f 1453/1393/1 1465/1394/1 1425/1395/1 1407/1396/1
f 1446/1397/4 1464/1398/4 1424/1399/4 1400/1400/4
f 1459/1401/4 1463/1402/4 1423/1403/4 1419/1404/4
f 1443/1405/1 1462/1406/1 1422/1407/1 1397/1408/1
f 1458/1409/1 1461/1410/1 1421/1411/1 1418/1412/1
f 1136/684/20 1150/591/20 1814/591/20 1755/684/20
f 1460/794/4 1459/1401/4 1419/1404/4 1420/1413/4
f 1462/1406/1 1458/1409/1 1418/1412/1 1422/1407/1
f 1441/91/5 1457/1414/5 1416/1415/5 1417/1416/5
f 1455/1417/5 1456/1418/5 1415/1419/5 1414/1420/5
f 1457/1414/5 1455/1417/5 1414/1420/5 1416/1415/5
f 1450/1418/1 1404/1419/1 1415/1419/1 1456/1418/1
f 1513/1421/3 1510/1422/3 1409/1423/3 1412/1424/3
f 1514/1425/3 1512/1426/3 1411/1427/3 1413/1428/3
f 1512/1426/3 1513/1421/3 1412/1424/3 1411/1427/3
f 1476/1429/3 1514/1425/3 1413/1428/3 1396/1430/3
f 1464/1398/4 1454/1049/4 1408/1377/4 1424/1399/4
f 1445/1431/1 1453/1393/1 1407/1396/1 1399/1432/1
f 1474/1372/1 1452/1433/1 1406/1434/1 1434/1373/1
f 1473/1435/4 1451/1436/4 1405/1437/4 1433/1438/4
f 1511/14/4 1410/1416/4 1417/1416/4 1515/14/4
f 1475/1439/4 1449/793/4 1403/1440/4 1435/1441/4
f 1461/1410/1 1448/1371/1 1402/1374/1 1421/1411/1
f 1465/1394/1 1447/1389/1 1401/1392/1 1425/1395/1
f 1469/1387/4 1446/1397/4 1400/1400/4 1429/1370/4
f 1452/1433/1 1445/1431/1 1399/1432/1 1406/1434/1
f 1472/1375/4 1444/530/4 1398/529/4 1432/1376/4
f 1450/1418/5 1443/1405/5 1397/1408/5 1404/1419/5
f 1463/1402/4 1437/91/4 1410/1416/4 1423/1403/4
f 1471/1379/1 1436/1442/1 1409/1443/1 1431/1380/1
f 490/498/1 243/497/1 1436/1442/1 1471/1379/1
f 582/699/7 862/355/7 1789/355/7 1780/699/7
f 238/491/5 231/490/5 1443/1405/5 1450/1418/5
f 504/487/4 232/486/4 1444/530/4 1472/1375/4
f 240/462/1 233/459/1 1445/1431/1 1452/1433/1
f 466/483/4 234/482/4 1446/1397/4 1469/1387/4
f 417/479/1 235/478/1 1447/1389/1 1465/1394/1
f 370/475/1 236/474/1 1448/1371/1 1461/1410/1
f 541/471/4 237/470/4 1449/793/4 1475/1439/4
f 518/467/4 239/466/4 1451/1436/4 1473/1435/4
f 540/463/1 240/462/1 1452/1433/1 1474/1372/1
f 233/459/1 241/458/1 1453/1393/1 1445/1431/1
f 416/455/4 242/454/4 1454/1049/4 1464/1398/4
f 238/491/1 1450/1418/1 1456/1418/1 298/491/1
f 299/586/5 297/588/5 1455/1417/5 1457/1414/5
f 297/588/5 298/491/5 1456/1418/5 1455/1417/5
f 316/92/5 299/586/5 1457/1414/5 1441/91/5
f 382/610/1 344/609/1 1458/1409/1 1462/1406/1
f 358/606/4 345/605/4 1459/1401/4 1460/794/4
f 237/470/4 358/606/4 1460/794/4 1449/793/4
f 344/609/1 370/475/1 1461/1410/1 1458/1409/1
f 231/490/1 382/610/1 1462/1406/1 1443/1405/1
f 345/605/4 394/494/4 1463/1402/4 1459/1401/4
f 234/482/4 416/455/4 1464/1398/4 1446/1397/4
f 241/458/1 417/479/1 1465/1394/1 1453/1393/1
f 478/711/4 440/710/4 1466/1386/4 1470/1383/4
f 454/707/1 441/706/1 1467/1378/1 1468/1390/1
f 235/478/1 454/707/1 1468/1390/1 1447/1389/1
f 391/296/15 338/959/15 1739/959/15 1738/296/15
f 230/790/4 478/711/4 1470/1383/4 1442/1382/4
f 441/706/1 490/498/1 1471/1379/1 1467/1378/1
f 335/1224/17 1006/1150/17 1549/1150/17 1543/1224/17
f 232/486/4 518/467/4 1473/1435/4 1444/530/4
f 236/474/1 540/463/1 1474/1372/1 1448/1371/1
f 239/466/4 541/471/4 1475/1439/4 1451/1436/4
f 1412/1424/3 1409/1423/3 1436/450/3 1439/447/3
f 1413/1428/3 1411/1427/3 1438/446/3 1440/443/3
f 1411/1427/3 1412/1424/3 1439/447/3 1438/446/3
f 1396/1430/3 1413/1428/3 1440/443/3 1442/442/3
f 1410/1416/4 1437/91/4 1441/91/4 1417/1416/4
f 4/15/4 1511/14/4 1515/14/4 154/15/4
f 8/1444/3 48/1445/3 1514/1425/3 1476/1429/3
f 22/1446/3 31/1447/3 1513/1421/3 1512/1426/3
f 48/1445/3 22/1446/3 1512/1426/3 1514/1425/3
f 31/1447/3 7/1448/3 1510/1422/3 1513/1421/3
f 1405/1437/4 1435/1441/4 1509/67/4 1485/131/4
f 1402/1374/1 1434/1373/1 1508/135/1 1482/56/1
f 1398/529/4 1433/1438/4 1507/130/4 1478/804/4
f 1408/1377/4 1432/1376/4 1506/798/4 1488/150/4
f 1427/1381/1 1431/1380/1 1505/1/1 1501/771/1
f 1396/1385/4 1430/1384/4 1504/764/4 1476/778/4
f 237/470/17 1323/469/17 1532/469/17 1533/470/17
f 1401/1392/1 1428/1391/1 1502/770/1 1481/52/1
f 1428/1391/1 1427/1381/1 1501/771/1 1502/770/1
f 1430/1384/4 1426/1388/4 1500/765/4 1504/764/4
f 1407/1396/1 1425/1395/1 1499/51/1 1487/146/1
f 1400/1400/4 1424/1399/4 1498/149/4 1480/40/4
f 1506/798/20 1478/804/20 1715/804/20 1769/798/20
f 1397/1408/1 1422/1407/1 1496/665/1 1477/18/1
f 1418/1412/1 1421/1411/1 1495/55/1 1492/666/1
f 1403/1440/4 1420/1413/4 1494/671/4 1483/68/4
f 1420/1413/4 1419/1404/4 1493/672/4 1494/671/4
f 1422/1407/1 1418/1412/1 1492/666/1 1496/665/1
f 1417/1416/5 1416/1415/5 1491/569/5 1515/14/5
f 1414/1420/5 1415/1419/5 1490/17/5 1489/570/5
f 1416/1415/5 1414/1420/5 1489/570/5 1491/569/5
f 1404/1419/1 1484/17/1 1490/17/1 1415/1419/1
f 865/378/19 851/377/19 1638/377/19 1578/378/19
f 1399/1432/1 1407/1396/1 1487/146/1 1479/36/1
f 1434/1373/1 1406/1434/1 1486/35/1 1508/135/1
f 1433/1438/4 1405/1437/4 1485/131/4 1507/130/4
f 1435/1441/4 1403/1440/4 1483/68/4 1509/67/4
f 1421/1411/1 1402/1374/1 1482/56/1 1495/55/1
f 1425/1395/1 1401/1392/1 1481/52/1 1499/51/1
f 1429/1370/4 1400/1400/4 1480/40/4 1503/39/4
f 1406/1434/1 1399/1432/1 1479/36/1 1486/35/1
f 1432/1376/4 1398/529/4 1478/804/4 1506/798/4
f 1404/1419/5 1397/1408/5 1477/18/5 1484/17/5
f 1423/1403/4 1410/1416/4 1511/14/4 1497/13/4
f 1431/1380/1 1409/1443/1 1510/2/1 1505/1/1
f 1575/799/4 1540/805/4 1541/806/4 1574/800/4
f 1554/681/4 1546/683/4 1547/686/4 1552/682/4
f 1532/469/4 1553/603/4 1539/606/4 1533/470/4
f 1548/612/4 1555/436/4 1544/437/4 1545/613/4
f 1549/1150/4 1556/1149/4 1542/1223/4 1543/1224/4
f 1570/791/4 1559/774/4 1560/775/4 1568/792/4
f 1569/782/4 1561/776/4 1562/777/4 1567/783/4
f 1520/165/4 1573/206/4 1524/209/4 1521/166/4
f 1529/431/4 1576/406/4 1531/409/4 1530/432/4
f 1534/465/4 1577/468/4 1536/471/4 1535/466/4
f 1582/874/4 1586/698/4 1587/699/4 1583/875/4
f 1580/872/4 1584/876/4 1585/877/4 1581/873/4
f 1603/907/4 1601/910/4 1602/913/4 1604/908/4
f 1595/936/4 1597/962/4 1598/963/4 1596/937/4
f 1599/1050/4 1593/898/4 1594/901/4 1600/1048/4
f 1609/1038/4 1611/1024/4 1612/1025/4 1610/1039/4
f 1614/987/4 1613/992/4 1621/729/4 1622/728/4
f 1616/968/4 1615/1015/4 1620/322/4 1624/321/4
f 1618/979/4 1617/797/4 1619/302/4 1623/301/4
f 1551/640/4 1550/639/4 1625/1001/4 1626/836/4
f 1606/889/4 1605/888/4 1630/252/4 1628/262/4
f 1608/912/4 1607/961/4 1627/241/4 1629/240/4
f 1528/357/4 1527/622/4 1633/933/4 1632/932/4
f 1526/373/4 1525/352/4 1634/895/4 1631/894/4
f 1589/855/4 1588/844/4 1636/620/4 1637/619/4
f 1590/843/4 1579/858/4 1578/378/4 1638/377/4
f 1592/821/4 1591/818/4 1635/372/4 1639/371/4
f 1517/1449/4 1516/1076/4 1642/828/4 1640/827/4
f 1519/157/4 1518/156/4 1643/820/4 1641/819/4
f 1648/1147/4 1656/601/4 1657/602/4 1649/1148/4
f 1644/1143/4 1654/1045/4 1655/1046/4 1645/1144/4
f 1652/813/4 1650/814/4 1651/1109/4 1653/1090/4
f 1658/1087/4 1646/1082/4 1647/1085/4 1659/1088/4
f 1660/1051/4 1662/1216/4 1663/1047/4 1661/1214/4
f 1564/205/4 1563/204/4 1668/1146/4 1671/1165/4
f 1543/1224/4 1542/1223/4 1670/1179/4 1669/1178/4
f 1523/631/4 1522/193/4 1662/1216/4 1660/1051/4
f 1665/1192/4 1664/1181/4 1546/683/4 1554/681/4
f 1667/1176/4 1666/1158/4 1672/536/4 1673/535/4
f 1676/1253/4 1678/1289/4 1679/1225/4 1677/1226/4
f 1572/510/4 1571/509/4 1683/1234/4 1684/1239/4
f 1680/691/4 1675/692/4 1674/410/4 1555/436/4
f 1682/1227/4 1681/801/4 1685/415/4 1686/414/4
f 1688/1335/4 1687/1334/4 1690/492/4 1689/604/4
f 1558/397/4 1557/396/4 1692/1308/4 1693/1325/4
f 1566/429/4 1565/428/4 1691/1324/4 1694/1317/4
f 1697/1436/4 1701/1439/4 1702/1441/4 1698/1437/4
f 1695/530/4 1699/1435/4 1700/1438/4 1696/529/4
f 1538/454/4 1537/487/4 1708/1375/4 1707/1049/4
f 1704/1388/4 1703/1370/4 1712/39/4 1711/765/4
f 1706/1399/4 1705/1377/4 1709/150/4 1710/149/4
f 1097/1178/17 335/1224/17 1543/1224/17 1669/1178/17
f 1503/39/19 1500/765/19 1711/765/19 1712/39/19
f 947/1088/17 987/1087/17 1658/1087/17 1659/1088/17
f 582/699/19 558/875/19 1583/875/19 1587/699/19
f 1323/469/24 1334/603/24 1553/603/24 1532/469/24
f 827/895/19 797/894/19 1631/894/19 1634/895/19
f 264/806/23 519/800/23 1574/800/23 1541/806/23
f 636/1015/18 673/322/18 1620/322/18 1615/1015/18
f 960/1143/21 979/1045/21 1654/1045/21 1644/1143/21
f 242/454/24 504/487/24 1537/487/24 1538/454/24
f 519/800/17 1146/799/17 1575/799/17 1574/800/17
f 389/1223/18 1101/1179/18 1670/1179/18 1542/1223/18
f 596/901/19 614/1048/19 1600/1048/19 1594/901/19
f 1194/1227/21 1163/801/21 1681/801/21 1682/1227/21
f 358/606/19 237/470/19 1533/470/19 1539/606/19
f 888/819/17 61/157/17 1519/157/17 1641/819/17
f 1267/406/18 517/409/18 1531/409/18 1576/406/18
f 148/631/21 531/193/21 1522/193/21 1523/631/21
f 946/602/23 922/1148/23 1649/1148/23 1657/602/23
f 1405/1437/17 1451/1436/17 1697/1436/17 1698/1437/17
f 1042/1214/17 1088/1051/17 1660/1051/17 1661/1214/17
f 504/487/18 1472/1375/18 1708/1375/18 1537/487/18
f 1107/1165/17 461/205/17 1564/205/17 1671/1165/17
f 968/1147/21 986/601/21 1656/601/21 1648/1147/21
f 573/877/19 553/873/19 1581/873/19 1585/877/19
f 499/209/23 151/166/23 1521/166/23 1524/209/23
f 1257/436/17 1183/691/17 1680/691/17 1555/436/17
f 1143/791/21 1139/774/21 1559/774/21 1570/791/21
f 619/912/24 588/961/24 1607/961/24 1608/912/24
f 939/1046/23 914/1144/23 1645/1144/23 1655/1046/23
f 551/818/18 832/372/18 1635/372/18 1591/818/18
f 199/373/24 516/352/24 1525/352/24 1526/373/24
f 531/193/18 1113/1216/18 1662/1216/18 1522/193/18
f 1488/150/19 1498/149/19 1710/149/19 1709/150/19
f 568/855/24 566/844/24 1588/844/24 1589/855/24
f 1298/1335/24 1303/1334/24 1687/1334/24 1688/1335/24
f 656/992/18 690/729/18 1621/729/18 1613/992/18
f 932/1109/23 934/1090/23 1653/1090/23 1651/1109/23
f 1334/603/18 358/606/18 1539/606/18 1553/603/18
f 468/1076/18 904/828/18 1642/828/18 1516/1076/18
f 1268/414/17 1194/1227/17 1682/1227/17 1686/414/17
f 359/682/17 1133/681/17 1554/681/17 1552/682/17
f 255/509/18 1204/1234/18 1683/1234/18 1571/509/18
f 1083/1146/23 1107/1165/23 1671/1165/23 1668/1146/23
f 571/843/24 545/858/24 1579/858/24 1590/843/24
f 493/156/18 906/820/18 1643/820/18 1518/156/18
f 1123/805/18 264/806/18 1541/806/18 1540/805/18
f 430/777/23 473/783/23 1567/783/23 1562/777/23
f 694/728/17 660/987/17 1614/987/17 1622/728/17
f 1126/536/23 1137/535/23 1673/535/23 1672/536/23
f 750/241/19 774/240/19 1629/240/19 1627/241/19
f 580/821/24 551/818/24 1591/818/24 1592/821/24
f 204/357/24 356/622/24 1527/622/24 1528/357/24
f 696/301/17 662/979/17 1618/979/17 1623/301/17
f 633/1039/17 716/1038/17 1609/1038/17 1610/1039/17
f 1146/799/21 1123/805/21 1540/805/21 1575/799/21
f 566/844/18 846/620/18 1636/620/18 1588/844/18
f 699/321/17 665/968/17 1616/968/17 1624/321/17
f 848/619/17 568/855/17 1589/855/17 1637/619/17
f 729/1001/23 730/836/23 1626/836/23 1625/1001/23
f 443/775/23 479/792/23 1568/792/23 1560/775/23
f 214/428/18 1366/1324/18 1691/1324/18 1565/428/18
f 851/377/17 571/843/17 1590/843/17 1638/377/17
f 212/432/17 1238/431/17 1529/431/17 1530/432/17
f 1473/1435/18 1433/1438/18 1700/1438/18 1699/1435/18
f 716/1038/21 734/1024/21 1611/1024/21 1609/1038/21
f 1113/1216/18 1071/1047/18 1663/1047/18 1662/1216/18
f 1475/1439/18 1435/1441/18 1702/1441/18 1701/1439/18
f 1071/1047/23 1042/1214/23 1661/1214/23 1663/1047/23
f 1238/431/21 1267/406/21 1576/406/21 1529/431/21
f 1435/1441/19 1405/1437/19 1698/1437/19 1702/1441/19
f 919/1085/23 947/1088/23 1659/1088/23 1647/1085/23
f 1433/1438/19 1398/529/19 1696/529/19 1700/1438/19
f 224/396/18 1374/1308/18 1692/1308/18 1557/396/18
f 1101/1179/23 1097/1178/23 1669/1178/23 1670/1179/23
f 797/894/17 199/373/17 1526/373/17 1631/894/17
f 6/780/21 468/746/21 1516/746/21 1517/780/21
f 860/371/17 580/821/17 1592/821/17 1639/371/17
f 1348/468/18 541/471/18 1536/471/18 1577/468/18
f 1426/1388/24 1429/1370/24 1703/1370/24 1704/1388/24
f 1472/1375/23 1454/1049/23 1707/1049/23 1708/1375/23
f 1444/530/24 1473/1435/24 1699/1435/24 1695/530/24
f 802/932/17 204/357/17 1528/357/17 1632/932/17
f 61/157/24 493/156/24 1518/156/24 1519/157/24
f 1252/612/21 1257/436/21 1555/436/21 1548/612/21
f 1451/1436/24 1475/1439/24 1701/1439/24 1697/1436/24
f 473/783/17 1018/782/17 1569/782/17 1567/783/17
f 734/1024/18 654/1025/18 1612/1025/18 1611/1024/18
f 690/729/23 694/728/23 1622/728/23 1621/729/23
f 1232/1239/17 505/510/17 1572/510/17 1684/1239/17
f 1385/1325/17 414/397/17 1558/397/17 1693/1325/17
f 1139/774/18 443/775/18 1560/775/18 1559/774/18
f 880/872/24 899/876/24 1584/876/24 1580/872/24
f 807/898/18 596/901/18 1594/901/18 1593/898/18
f 1056/1192/21 1055/1181/21 1664/1181/21 1665/1192/21
f 479/792/17 1143/791/17 1570/791/17 1568/792/17
f 1271/410/23 1257/436/23 1555/436/23 1674/410/23
f 1172/692/18 1271/410/18 1674/410/18 1675/692/18
f 1389/1317/17 465/429/17 1566/429/17 1694/1317/17
f 588/961/18 750/241/18 1627/241/18 1607/961/18
f 904/828/19 876/827/19 1640/827/19 1642/828/19
f 356/622/18 814/933/18 1633/933/18 1527/622/18
f 906/820/19 888/819/19 1641/819/19 1643/820/19
f 517/409/19 212/432/19 1530/432/19 1531/409/19
f 885/874/24 908/698/24 1586/698/24 1582/874/24
f 755/262/17 593/889/17 1606/889/17 1628/262/17
f 1243/415/23 1268/414/23 1686/414/23 1685/415/23
f 1374/1308/19 1385/1325/19 1693/1325/19 1692/1308/19
f 1332/604/17 1298/1335/17 1688/1335/17 1689/604/17
f 393/437/19 343/613/19 1545/613/19 1544/437/19
f 1060/1176/21 1045/1158/21 1666/1158/21 1667/1176/21
f 1424/1399/24 1408/1377/24 1705/1377/24 1706/1399/24
f 1015/776/18 430/777/18 1562/777/18 1561/776/18
f 1408/1377/18 1488/150/18 1709/150/18 1705/1377/18
f 609/937/17 813/936/17 1595/936/17 1596/937/17
f 545/858/18 865/378/18 1578/378/18 1579/858/18
f 1303/1334/18 1337/492/18 1690/492/18 1687/1334/18
f 673/322/23 699/321/23 1624/321/23 1620/322/23
f 1002/165/21 1020/206/21 1573/206/21 1520/165/21
f 1204/1234/23 1232/1239/23 1684/1239/23 1683/1234/23
f 1132/683/18 346/686/18 1547/686/18 1546/683/18
f 1366/1324/19 1389/1317/19 1694/1317/19 1691/1324/19
f 660/987/21 656/992/21 1613/992/21 1614/987/21
f 817/962/18 613/963/18 1598/963/18 1597/962/18
f 1187/1226/17 1227/1253/17 1676/1253/17 1677/1226/17
f 614/1048/17 818/1050/17 1599/1050/17 1600/1048/17
f 516/352/18 827/895/18 1634/895/18 1525/352/18
f 1045/1158/18 1126/536/18 1672/536/18 1666/1158/18
f 654/1025/23 633/1039/23 1610/1039/23 1612/1025/23
f 343/613/17 1252/612/17 1548/612/17 1545/613/17
f 1229/1289/18 1189/1225/18 1679/1225/18 1678/1289/18
f 914/1144/17 960/1143/17 1644/1143/17 1645/1144/17
f 668/302/23 696/301/23 1623/301/23 1619/302/23
f 1018/782/21 1015/776/21 1561/776/21 1569/782/21
f 820/910/18 616/913/18 1602/913/18 1601/910/18
f 1257/436/18 393/437/18 1544/437/18 1555/436/18
f 553/873/17 880/872/17 1580/872/17 1581/873/17
f 846/620/19 848/619/19 1637/619/19 1636/620/19
f 1498/149/17 1424/1399/17 1706/1399/17 1710/149/17
f 1006/1150/21 1011/1149/21 1556/1149/21 1549/1150/21
f 620/908/17 824/907/17 1603/907/17 1604/908/17
f 965/1082/18 919/1085/18 1647/1085/18 1646/1082/18
f 1055/1181/18 1132/683/18 1546/683/18 1664/1181/18
f 1011/1149/18 389/1223/18 1542/1223/18 1556/1149/18
f 1500/765/17 1426/1388/17 1704/1388/17 1711/765/17
f 1133/681/17 1056/1192/17 1665/1192/17 1554/681/17
f 558/875/17 885/874/17 1582/874/17 1583/875/17
f 1769/798/4 1715/804/4 1714/163/4 1713/162/4
f 1758/1149/4 1798/571/4 1750/574/4 1751/1223/4
f 1771/642/4 1721/807/4 1722/808/4 1770/641/4
f 1761/330/4 1723/29/4 1724/30/4 1759/329/4
f 1755/684/4 1814/591/4 1753/592/4 1754/685/4
f 1747/675/4 1742/1150/4 1743/1224/4 1744/676/4
f 1716/253/4 1748/637/4 1718/640/4 1717/254/4
f 1728/415/4 1749/611/4 1730/614/4 1729/416/4
f 1740/857/4 1756/293/4 1738/296/4 1739/959/4
f 1741/638/4 1757/226/4 1736/229/4 1737/639/4
f 1731/481/4 1760/452/4 1735/455/4 1732/482/4
f 1767/785/4 1764/689/4 1765/690/4 1766/786/4
f 1725/338/4 1768/371/4 1727/374/4 1726/339/4
f 1776/835/4 1778/871/4 1779/503/4 1777/504/4
f 1774/854/4 1772/841/4 1773/844/4 1775/855/4
f 1782/960/4 1784/1050/4 1785/1048/4 1783/961/4
f 1720/234/4 1719/264/4 1787/975/4 1786/974/4
f 1781/875/4 1780/699/4 1789/355/4 1788/350/4
f 1792/923/4 1794/677/4 1795/678/4 1793/922/4
f 1796/1083/4 1790/1118/4 1791/1119/4 1797/1084/4
f 1799/1217/4 1805/1213/4 1806/1215/4 1800/1218/4
f 1803/693/4 1801/694/4 1802/214/4 1804/215/4
f 1808/1214/4 1807/1047/4 1813/525/4 1811/805/4
f 1809/1157/4 1800/1218/4 1810/508/4 1812/507/4
f 1815/336/4 1817/1296/4 1818/1229/4 1816/335/4
f 1746/682/4 1745/686/4 1819/1145/4 1820/1052/4
f 1825/687/4 1823/688/4 1824/1319/4 1826/1315/4
f 1827/1303/4 1821/1344/4 1822/736/4 1828/737/4
f 1830/269/4 1829/1307/4 1832/464/4 1831/485/4
f 1833/793/4 1835/794/4 1836/1413/4 1834/1440/4
f 1752/494/4 1734/92/4 1733/91/4 1839/1402/4
f 1763/710/4 1762/483/4 1841/1387/4 1840/1386/4
f 1838/1404/4 1837/1403/4 1843/13/4 1842/672/4
f 357/614/15 217/416/15 1729/416/15 1730/614/15
f 1347/464/26 1318/485/26 1831/485/26 1832/464/26
f 775/785/20 771/689/20 1764/689/20 1767/785/20
f 353/676/16 1008/675/16 1747/675/16 1744/676/16
f 948/1084/16 988/1083/16 1796/1083/16 1797/1084/16
f 688/330/20 680/29/20 1723/29/20 1761/330/20
f 765/637/7 354/640/7 1718/640/7 1748/637/7
f 1081/1217/20 1111/1213/20 1805/1213/20 1799/1217/20
f 901/835/20 903/871/20 1778/871/20 1776/835/20
f 1035/1218/16 1081/1217/16 1799/1217/16 1800/1218/16
f 514/264/7 743/975/7 1787/975/7 1719/264/7
f 764/638/20 768/226/20 1757/226/20 1741/638/20
f 862/355/15 839/350/15 1788/350/15 1789/355/15
f 1469/1387/15 1466/1386/15 1840/1386/15 1841/1387/15
f 502/374/15 209/339/15 1726/339/15 1727/374/15
f 1025/571/7 137/574/7 1750/574/7 1798/571/7
f 395/685/16 1136/684/16 1755/684/16 1754/685/16
f 697/642/20 677/807/20 1721/807/20 1771/642/20
f 234/482/16 1320/481/16 1731/481/16 1732/482/16
f 1254/611/7 357/614/7 1730/614/7 1749/611/7
f 842/338/20 860/371/20 1768/371/20 1725/338/20
f 1318/485/16 1283/269/16 1830/269/16 1831/485/16
f 753/253/20 765/637/20 1748/637/20 1716/253/20
f 1387/688/7 1307/1319/7 1824/1319/7 1823/688/7
f 164/254/16 753/253/16 1716/253/16 1717/254/16
f 1243/415/20 1254/611/20 1749/611/20 1728/415/20
f 566/844/15 568/855/15 1775/855/15 1773/844/15
f 1320/481/20 1339/452/20 1760/452/20 1731/481/20
f 338/959/16 683/857/16 1740/857/16 1739/959/16
f 1148/525/15 1123/805/15 1811/805/15 1813/525/15
f 687/293/7 391/296/7 1738/296/7 1756/293/7
f 981/923/20 983/677/20 1794/677/20 1792/923/20
f 818/1050/7 614/1048/7 1785/1048/7 1784/1050/7
f 943/678/15 941/922/15 1793/922/15 1795/678/15
f 768/226/7 390/229/7 1736/229/7 1757/226/7
f 1310/1315/16 1390/687/16 1825/687/16 1826/1315/16
f 336/639/16 764/638/16 1741/638/16 1737/639/16
f 389/1223/16 1011/1149/16 1758/1149/16 1751/1223/16
f 1419/1404/20 1423/1403/20 1837/1403/20 1838/1404/20
f 1006/1150/7 335/1224/7 1743/1224/7 1742/1150/7
f 433/690/15 474/786/15 1766/786/15 1765/690/15
f 1035/1218/7 1116/508/7 1810/508/7 1800/1218/7
f 1420/1413/15 1403/1440/15 1834/1440/15 1836/1413/15
f 1314/737/16 1394/1303/16 1827/1303/16 1828/737/16
f 1463/1402/16 394/494/16 1752/494/16 1839/1402/16
f 354/640/15 164/254/15 1717/254/15 1718/640/15
f 244/92/7 1437/91/7 1733/91/7 1734/92/7
f 1403/1440/16 1449/793/16 1833/793/16 1834/1440/16
f 1466/1386/16 440/710/16 1763/710/16 1840/1386/16
f 1283/269/27 1313/1307/27 1829/1307/27 1830/269/27
f 839/350/16 558/875/16 1781/875/16 1788/350/16
f 217/416/16 1243/415/16 1728/415/16 1729/416/16
f 860/371/7 502/374/7 1727/374/7 1768/371/7
f 466/483/7 1469/1387/7 1841/1387/7 1762/483/7
f 1123/805/16 1042/1214/16 1808/1214/16 1811/805/16
f 1497/13/15 1493/672/15 1842/672/15 1843/13/15
f 963/1118/7 917/1119/7 1791/1119/7 1790/1118/7
f 1225/1296/7 1185/1229/7 1818/1229/7 1817/1296/7
f 1068/1157/20 1035/1218/20 1800/1218/20 1809/1157/20
f 1307/1319/15 1310/1315/15 1826/1315/15 1824/1319/15
f 892/841/7 566/844/7 1773/844/7 1772/841/7
f 416/455/15 234/482/15 1732/482/15 1735/455/15
f 1394/1303/20 1369/1344/20 1821/1344/20 1827/1303/20
f 714/974/16 159/234/16 1720/234/16 1786/974/16
f 568/855/16 894/854/16 1774/854/16 1775/855/16
f 1218/1145/15 1220/1052/15 1820/1052/15 1819/1145/15
f 159/234/20 514/264/20 1719/264/20 1720/234/20
f 335/1224/15 353/676/15 1744/676/15 1743/1224/15
f 1437/91/15 1463/1402/15 1839/1402/15 1733/91/15
f 11/163/15 492/162/15 1713/162/15 1714/163/15
f 492/162/16 1506/798/16 1769/798/16 1713/162/16
f 1104/694/7 1062/214/7 1802/214/7 1801/694/7
f 1478/804/7 11/163/7 1714/163/7 1715/804/7
f 1008/675/20 1006/1150/20 1742/1150/20 1747/675/20
f 186/30/15 411/329/15 1759/329/15 1724/30/15
f 614/1048/15 588/961/15 1783/961/15 1785/1048/15
f 1493/672/16 1419/1404/16 1838/1404/16 1842/672/16
f 575/504/16 901/835/16 1776/835/16 1777/504/16
f 440/710/20 466/483/20 1762/483/20 1763/710/20
f 1066/215/16 1108/693/16 1803/693/16 1804/215/16
f 1206/336/20 1225/1296/20 1817/1296/20 1815/336/20
f 1460/794/7 1420/1413/7 1836/1413/7 1835/794/7
f 359/682/20 346/686/20 1745/686/20 1746/682/20
f 588/961/16 799/960/16 1782/960/16 1783/961/16
f 903/871/7 577/503/7 1779/503/7 1778/871/7
f 1313/1307/7 1347/464/7 1832/464/7 1829/1307/7
f 988/1083/20 963/1118/20 1790/1118/20 1796/1083/20
f 474/786/16 775/785/16 1767/785/16 1766/786/16
f 1111/1213/7 1069/1215/7 1806/1215/7 1805/1213/7
f 137/574/15 389/1223/15 1751/1223/15 1750/574/15
f 1423/1403/7 1497/13/7 1843/13/7 1837/1403/7
f 1011/1149/20 1025/571/20 1798/571/20 1758/1149/20
f 743/975/15 714/974/15 1786/974/15 1787/975/15
f 917/1119/15 948/1084/15 1797/1084/15 1791/1119/15
f 390/229/15 336/639/15 1737/639/15 1736/229/15
f 183/808/15 515/641/15 1770/641/15 1722/808/15
f 1369/1344/7 1288/736/7 1822/736/7 1821/1344/7
f 1116/508/15 1145/507/15 1812/507/15 1810/508/15
f 1042/1214/20 1071/1047/20 1807/1047/20 1808/1214/20
f 1861/802/4 1846/697/4 1847/631/4 1860/632/4
f 1858/695/4 1851/795/4 1852/796/4 1857/696/4
f 1856/679/4 1853/857/4 1854/959/4 1855/680/4
f 1844/203/4 1859/164/4 1848/167/4 1845/204/4
f 1866/887/4 1864/932/4 1865/935/4 1867/888/4
f 1863/817/4 1862/875/4 1868/350/4 1869/349/4
f 1850/166/4 1849/209/4 1875/1156/4 1874/1155/4
f 1871/1047/4 1870/1193/4 1877/526/4 1879/525/4
f 1873/1166/4 1872/1177/4 1876/176/4 1878/177/4
f 1882/1295/4 1886/1290/4 1887/1227/4 1883/1228/4
f 1884/1239/4 1880/1234/4 1881/1237/4 1885/1240/4
f 1889/1229/4 1888/1053/4 1890/395/4 1891/394/4
f 1894/1297/4 1892/1305/4 1893/269/4 1895/270/4
f 683/857/22 338/959/22 1854/959/22 1853/857/22
f 406/167/14 140/204/14 1845/204/14 1848/167/14
f 829/887/28 802/932/28 1864/932/28 1866/887/28
f 1213/1295/28 1234/1290/28 1886/1290/28 1882/1295/28
f 1142/177/25 1065/1166/25 1873/1166/25 1878/177/25
f 625/888/25 829/887/25 1866/887/25 1867/888/25
f 684/679/28 683/857/28 1853/857/28 1856/679/28
f 1037/1177/22 1118/176/22 1876/176/22 1872/1177/22
f 839/350/14 861/349/14 1869/349/14 1868/350/14
f 581/817/28 558/875/28 1862/875/28 1863/817/28
f 1185/1229/28 1170/1053/28 1888/1053/28 1889/1229/28
f 1259/394/25 1185/1229/25 1889/1229/25 1891/394/25
f 499/209/22 1110/1156/22 1875/1156/22 1849/209/22
f 1040/1193/22 1121/526/22 1877/526/22 1870/1193/22
f 1232/1239/28 1204/1234/28 1880/1234/28 1884/1239/28
f 1204/1234/22 1158/1237/22 1881/1237/22 1880/1234/22
f 1250/395/14 1259/394/14 1891/394/14 1890/395/14
f 1148/525/25 1071/1047/25 1871/1047/25 1879/525/25
f 591/935/14 625/888/14 1867/888/14 1865/935/14
f 1071/1047/28 1040/1193/28 1870/1193/28 1871/1047/28
f 1392/1297/28 1364/1305/28 1892/1305/28 1894/1297/28
f 513/632/25 1021/802/25 1861/802/25 1860/632/25
f 1021/802/28 999/697/28 1846/697/28 1861/802/28
f 1065/1166/28 1037/1177/28 1872/1177/28 1873/1166/28
f 140/204/25 994/203/25 1844/203/25 1845/204/25
f 758/795/22 171/796/22 1852/796/22 1851/795/22
f 861/349/25 581/817/25 1863/817/25 1869/349/25
f 1091/1155/25 151/166/25 1850/166/25 1874/1155/25
f 409/696/25 769/695/25 1858/695/25 1857/696/25
f 769/695/28 758/795/28 1851/795/28 1858/695/28
f 1192/1240/25 1232/1239/25 1884/1239/25 1885/1240/25
f 151/166/28 499/209/28 1849/209/28 1850/166/28
f 1110/1156/14 1091/1155/14 1874/1155/14 1875/1156/14
f 1167/1228/25 1213/1295/25 1882/1295/25 1883/1228/25
f 1364/1305/22 1283/269/22 1893/269/22 1892/1305/22
f 994/203/28 1013/164/28 1859/164/28 1844/203/28
f 1234/1290/22 1194/1227/22 1887/1227/22 1886/1290/22
f 1013/164/22 406/167/22 1848/167/22 1859/164/22
f 558/875/22 839/350/22 1868/350/22 1862/875/22
f 1904/1044/3 1898/93/3 1896/96/3 1897/780/3
f 1899/1450/3 1902/878/3 1903/879/3 1905/1451/3
f 1900/108/3 1901/109/3 1902/878/3 1899/1450/3
f 1905/1451/3 1903/879/3 1898/93/3 1904/1044/3
f 549/830/1 830/787/1 1899/787/1 1905/830/1
f 876/827/1 549/830/1 1905/830/1 1904/827/1
f 196/109/4 868/878/4 1902/878/4 1901/109/4
f 874/93/4 43/96/4 1896/96/4 1898/93/4
f 43/96/2 6/780/2 1897/780/2 1896/96/2
f 6/780/1 876/1044/1 1904/1044/1 1897/780/1
o Cylinder
v 0.000000 -0.135807 -0.135807
v 0.000000 0.135807 -0.135807
v 0.026495 -0.135807 -0.133198
v 0.026495 0.135807 -0.133198
v 0.051971 -0.135807 -0.125470
v 0.051971 0.135807 -0.125470
v 0.075451 -0.135807 -0.112920
v 0.075451 0.135807 -0.112920
v 0.096030 -0.135807 -0.096030
v 0.096030 0.135807 -0.096030
v 0.112920 -0.135807 -0.075451
v 0.112920 0.135807 -0.075451
v 0.125470 -0.135807 -0.051971
v 0.125470 0.135807 -0.051971
v 0.133198 -0.135807 -0.026495
v 0.133198 0.135807 -0.026495
v 0.135807 -0.135807 0.000000
v 0.135807 0.135807 0.000000
v 0.133198 -0.135807 0.026495
v 0.133198 0.135807 0.026495
v 0.125470 -0.135807 0.051971
v 0.125470 0.135807 0.051971
v 0.112920 -0.135807 0.075451
v 0.112920 0.135807 0.075451
v 0.096030 -0.135807 0.096030
v 0.096030 0.135807 0.096030
v 0.075451 -0.135807 0.112920
v 0.075451 0.135807 0.112920
v 0.051971 -0.135807 0.125470
v 0.051971 0.135807 0.125470
v 0.026495 -0.135807 0.133198
v 0.026495 0.135807 0.133198
v 0.000000 -0.135807 0.135807
v 0.000000 0.135807 0.135807
v -0.026495 -0.135807 0.133198
v -0.026495 0.135807 0.133198
v -0.051971 -0.135807 0.125470
v -0.051971 0.135807 0.125470
v -0.075451 -0.135807 0.112920
v -0.075451 0.135807 0.112920
v -0.096030 -0.135807 0.096030
v -0.096030 0.135807 0.096030
v -0.112920 -0.135807 0.075451
v -0.112920 0.135807 0.075451
v -0.125470 -0.135807 0.051971
v -0.125470 0.135807 0.051971
v -0.133198 -0.135807 0.026495
v -0.133198 0.135807 0.026495
v -0.135807 -0.135807 0.000000
v -0.135807 0.135807 0.000000
v -0.133198 -0.135807 -0.026495
v -0.133198 0.135807 -0.026495
v -0.125470 -0.135807 -0.051971
v -0.125470 0.135807 -0.051971
v -0.112920 -0.135807 -0.075451
v -0.112920 0.135807 -0.075451
v -0.096030 -0.135807 -0.096030
v -0.096030 0.135807 -0.096030
v -0.075451 -0.135807 -0.112920
v -0.075451 0.135807 -0.112920
v -0.051971 -0.135807 -0.125470
v -0.051971 0.135807 -0.125470
v -0.026495 -0.135807 -0.133198
v -0.026495 0.135807 -0.133198
vn 0.0980 -0.0000 -0.9952
vn 0.2903 -0.0000 -0.9569
vn 0.4714 -0.0000 -0.8819
vn 0.6344 -0.0000 -0.7730
vn 0.7730 -0.0000 -0.6344
vn 0.8819 -0.0000 -0.4714
vn 0.9569 -0.0000 -0.2903
vn 0.9952 -0.0000 -0.0980
vn 0.9952 -0.0000 0.0980
vn 0.9569 -0.0000 0.2903
vn 0.8819 -0.0000 0.4714
vn 0.7730 -0.0000 0.6344
vn 0.6344 -0.0000 0.7730
vn 0.4714 -0.0000 0.8819
vn 0.2903 -0.0000 0.9569
vn 0.0980 -0.0000 0.9952
vn -0.0980 -0.0000 0.9952
vn -0.2903 -0.0000 0.9569
vn -0.4714 -0.0000 0.8819
vn -0.6344 -0.0000 0.7730
vn -0.7730 -0.0000 0.6344
vn -0.8819 -0.0000 0.4714
vn -0.9569 -0.0000 0.2903
vn -0.9952 -0.0000 0.0980
vn -0.9952 -0.0000 -0.0980
vn -0.9569 -0.0000 -0.2903
vn -0.8819 -0.0000 -0.4714
vn -0.7730 -0.0000 -0.6344
vn -0.6344 -0.0000 -0.7730
vn -0.4714 -0.0000 -0.8819
vn -0.0000 1.0000 -0.0000
vn -0.2903 -0.0000 -0.9569
vn -0.0980 -0.0000 -0.9952
vn -0.0000 -1.0000 -0.0000
vt 1.000000 0.500000
vt 1.000000 1.000000
vt 0.968750 1.000000
vt 0.968750 0.500000
vt 0.937500 1.000000
vt 0.937500 0.500000
vt 0.906250 1.000000
vt 0.906250 0.500000
vt 0.875000 1.000000
vt 0.875000 0.500000
vt 0.843750 1.000000
vt 0.843750 0.500000
vt 0.812500 1.000000
vt 0.812500 0.500000
vt 0.781250 1.000000
vt 0.781250 0.500000
vt 0.750000 1.000000
vt 0.750000 0.500000
vt 0.718750 1.000000
vt 0.718750 0.500000
vt 0.687500 1.000000
vt 0.687500 0.500000
vt 0.656250 1.000000
vt 0.656250 0.500000
vt 0.625000 1.000000
vt 0.625000 0.500000
vt 0.593750 1.000000
vt 0.593750 0.500000
vt 0.562500 1.000000
vt 0.562500 0.500000
vt 0.531250 1.000000
vt 0.531250 0.500000
vt 0.500000 1.000000
vt 0.500000 0.500000
vt 0.468750 1.000000
vt 0.468750 0.500000
vt 0.437500 1.000000
vt 0.437500 0.500000
vt 0.406250 1.000000
vt 0.406250 0.500000
vt 0.375000 1.000000
vt 0.375000 0.500000
vt 0.343750 1.000000
vt 0.343750 0.500000
vt 0.312500 1.000000
vt 0.312500 0.500000
vt 0.281250 1.000000
vt 0.281250 0.500000
vt 0.250000 1.000000
vt 0.250000 0.500000
vt 0.218750 1.000000
vt 0.218750 0.500000
vt 0.187500 1.000000
vt 0.187500 0.500000
vt 0.156250 1.000000
vt 0.156250 0.500000
vt 0.125000 1.000000
vt 0.125000 0.500000
vt 0.093750 1.000000
vt 0.093750 0.500000
vt 0.062500 1.000000
vt 0.062500 0.500000
vt 0.296822 0.485388
vt 0.250000 0.490000
vt 0.203178 0.485388
vt 0.158156 0.471731
vt 0.116663 0.449553
vt 0.080294 0.419706
vt 0.050447 0.383337
vt 0.028269 0.341844
vt 0.014612 0.296822
vt 0.010000 0.250000
vt 0.014612 0.203178
vt 0.028269 0.158156
vt 0.050447 0.116663
vt 0.080294 0.080294
vt 0.116663 0.050447
vt 0.158156 0.028269
vt 0.203178 0.014612
vt 0.250000 0.010000
vt 0.296822 0.014612
vt 0.341844 0.028269
vt 0.383337 0.050447
vt 0.419706 0.080294
vt 0.449553 0.116663
vt 0.471731 0.158156
vt 0.485388 0.203178
vt 0.490000 0.250000
vt 0.485388 0.296822
vt 0.471731 0.341844
vt 0.449553 0.383337
vt 0.419706 0.419706
vt 0.383337 0.449553
vt 0.341844 0.471731
vt 0.031250 1.000000
vt 0.031250 0.500000
vt 0.000000 1.000000
vt 0.000000 0.500000
vt 0.750000 0.490000
vt 0.796822 0.485388
vt 0.841844 0.471731
vt 0.883337 0.449553
vt 0.919706 0.419706
vt 0.949553 0.383337
vt 0.971731 0.341844
vt 0.985388 0.296822
vt 0.990000 0.250000
vt 0.985388 0.203178
vt 0.971731 0.158156
vt 0.949553 0.116663
vt 0.919706 0.080294
vt 0.883337 0.050447
vt 0.841844 0.028269
vt 0.796822 0.014612
vt 0.750000 0.010000
vt 0.703178 0.014612
vt 0.658156 0.028269
vt 0.616663 0.050447
vt 0.580294 0.080294
vt 0.550447 0.116663
vt 0.528269 0.158156
vt 0.514612 0.203178
vt 0.510000 0.250000
vt 0.514612 0.296822
vt 0.528269 0.341844
vt 0.550447 0.383337
vt 0.580294 0.419706
vt 0.616663 0.449553
vt 0.658156 0.471731
vt 0.703178 0.485388
s 0
f 1906/1452/29 1907/1453/29 1909/1454/29 1908/1455/29
f 1908/1455/30 1909/1454/30 1911/1456/30 1910/1457/30
f 1910/1457/31 1911/1456/31 1913/1458/31 1912/1459/31
f 1912/1459/32 1913/1458/32 1915/1460/32 1914/1461/32
f 1914/1461/33 1915/1460/33 1917/1462/33 1916/1463/33
f 1916/1463/34 1917/1462/34 1919/1464/34 1918/1465/34
f 1918/1465/35 1919/1464/35 1921/1466/35 1920/1467/35
f 1920/1467/36 1921/1466/36 1923/1468/36 1922/1469/36
f 1922/1469/37 1923/1468/37 1925/1470/37 1924/1471/37
f 1924/1471/38 1925/1470/38 1927/1472/38 1926/1473/38
f 1926/1473/39 1927/1472/39 1929/1474/39 1928/1475/39
f 1928/1475/40 1929/1474/40 1931/1476/40 1930/1477/40
f 1930/1477/41 1931/1476/41 1933/1478/41 1932/1479/41
f 1932/1479/42 1933/1478/42 1935/1480/42 1934/1481/42
f 1934/1481/43 1935/1480/43 1937/1482/43 1936/1483/43
f 1936/1483/44 1937/1482/44 1939/1484/44 1938/1485/44
f 1938/1485/45 1939/1484/45 1941/1486/45 1940/1487/45
f 1940/1487/46 1941/1486/46 1943/1488/46 1942/1489/46
f 1942/1489/47 1943/1488/47 1945/1490/47 1944/1491/47
f 1944/1491/48 1945/1490/48 1947/1492/48 1946/1493/48
f 1946/1493/49 1947/1492/49 1949/1494/49 1948/1495/49
f 1948/1495/50 1949/1494/50 1951/1496/50 1950/1497/50
f 1950/1497/51 1951/1496/51 1953/1498/51 1952/1499/51
f 1952/1499/52 1953/1498/52 1955/1500/52 1954/1501/52
f 1954/1501/53 1955/1500/53 1957/1502/53 1956/1503/53
f 1956/1503/54 1957/1502/54 1959/1504/54 1958/1505/54
f 1958/1505/55 1959/1504/55 1961/1506/55 1960/1507/55
f 1960/1507/56 1961/1506/56 1963/1508/56 1962/1509/56
f 1962/1509/57 1963/1508/57 1965/1510/57 1964/1511/57
f 1964/1511/58 1965/1510/58 1967/1512/58 1966/1513/58
f 1909/1514/59 1907/1515/59 1969/1516/59 1967/1517/59 1965/1518/59 1963/1519/59 1961/1520/59 1959/1521/59 1957/1522/59 1955/1523/59 1953/1524/59 1951/1525/59 1949/1526/59 1947/1527/59 1945/1528/59 1943/1529/59 1941/1530/59 1939/1531/59 1937/1532/59 1935/1533/59 1933/1534/59 1931/1535/59 1929/1536/59 1927/1537/59 1925/1538/59 1923/1539/59 1921/1540/59 1919/1541/59 1917/1542/59 1915/1543/59 1913/1544/59 1911/1545/59
f 1966/1513/60 1967/1512/60 1969/1546/60 1968/1547/60
f 1968/1547/61 1969/1546/61 1907/1548/61 1906/1549/61
f 1906/1550/62 1908/1551/62 1910/1552/62 1912/1553/62 1914/1554/62 1916/1555/62 1918/1556/62 1920/1557/62 1922/1558/62 1924/1559/62 1926/1560/62 1928/1561/62 1930/1562/62 1932/1563/62 1934/1564/62 1936/1565/62 1938/1566/62 1940/1567/62 1942/1568/62 1944/1569/62 1946/1570/62 1948/1571/62 1950/1572/62 1952/1573/62 1954/1574/62 1956/1575/62 1958/1576/62 1960/1577/62 1962/1578/62 1964/1579/62 1966/1580/62 1968/1581/62
o Cylinder.001
v 12.817398 -0.231861 0.190975
v 12.817398 16.465769 0.190975
v 12.864206 -0.231861 0.195585
v 12.864206 16.465769 0.195585
v 12.909216 -0.231861 0.209239
v 12.909216 16.465769 0.209239
v 12.950697 -0.231861 0.231411
v 12.950697 16.465769 0.231411
v 12.987056 -0.231861 0.261250
v 12.987056 16.465769 0.261250
v 13.016894 -0.231861 0.297608
v 13.016894 16.465769 0.297608
v 13.039066 -0.231861 0.339089
v 13.039066 16.465769 0.339089
v 13.052720 -0.231861 0.384099
v 13.052720 16.465769 0.384099
v 13.057330 -0.231861 0.430908
v 13.057330 16.465769 0.430908
v 13.052720 -0.231861 0.477716
v 13.052720 16.465769 0.477716
v 13.039066 -0.231861 0.522726
v 13.039066 16.465769 0.522726
v 13.016894 -0.231861 0.564207
v 13.016894 16.465769 0.564207
v 12.987056 -0.231861 0.600565
v 12.987056 16.465769 0.600565
v 12.950697 -0.231861 0.630404
v 12.950697 16.465769 0.630404
v 12.909216 -0.231861 0.652576
v 12.909216 16.465769 0.652576
v 12.864206 -0.231861 0.666230
v 12.864206 16.465769 0.666230
v 12.817398 -0.231861 0.670840
v 12.817398 16.465769 0.670840
v 12.770590 -0.231861 0.666230
v 12.770590 16.465769 0.666230
v 12.725580 -0.231861 0.652576
v 12.725580 16.465769 0.652576
v 12.684099 -0.231861 0.630404
v 12.684099 16.465769 0.630404
v 12.647740 -0.231861 0.600565
v 12.647740 16.465769 0.600565
v 12.617902 -0.231861 0.564207
v 12.617902 16.465769 0.564207
v 12.595730 -0.231861 0.522726
v 12.595730 16.465769 0.522726
v 12.582076 -0.231861 0.477716
v 12.582076 16.465769 0.477716
v 12.577466 -0.231861 0.430908
v 12.577466 16.465769 0.430908
v 12.582076 -0.231861 0.384099
v 12.582076 16.465769 0.384099
v 12.595730 -0.231861 0.339089
v 12.595730 16.465769 0.339089
v 12.617902 -0.231861 0.297608
v 12.617902 16.465769 0.297608
v 12.647740 -0.231861 0.261250
v 12.647740 16.465769 0.261250
v 12.684099 -0.231861 0.231411
v 12.684099 16.465769 0.231411
v 12.725580 -0.231861 0.209239
v 12.725580 16.465769 0.209239
v 12.770590 -0.231861 0.195585
v 12.770590 16.465769 0.195585
vn 0.0980 -0.0000 -0.9952
vn 0.2903 -0.0000 -0.9569
vn 0.4714 -0.0000 -0.8819
vn 0.6344 -0.0000 -0.7730
vn 0.7730 -0.0000 -0.6344
vn 0.8819 -0.0000 -0.4714
vn 0.9569 -0.0000 -0.2903
vn 0.9952 -0.0000 -0.0980
vn 0.9952 -0.0000 0.0980
vn 0.9569 -0.0000 0.2903
vn 0.8819 -0.0000 0.4714
vn 0.7730 -0.0000 0.6344
vn 0.6344 -0.0000 0.7730
vn 0.4714 -0.0000 0.8819
vn 0.2903 -0.0000 0.9569
vn 0.0980 -0.0000 0.9952
vn -0.0980 -0.0000 0.9952
vn -0.2903 -0.0000 0.9569
vn -0.4714 -0.0000 0.8819
vn -0.6344 -0.0000 0.7730
vn -0.7730 -0.0000 0.6344
vn -0.8819 -0.0000 0.4714
vn -0.9569 -0.0000 0.2903
vn -0.9952 -0.0000 0.0980
vn -0.9952 -0.0000 -0.0980
vn -0.9569 -0.0000 -0.2903
vn -0.8819 -0.0000 -0.4714
vn -0.7730 -0.0000 -0.6344
vn -0.6344 -0.0000 -0.7730
vn -0.4714 -0.0000 -0.8819
vn -0.0000 1.0000 -0.0000
vn -0.2903 -0.0000 -0.9569
vn -0.0980 -0.0000 -0.9952
vn -0.0000 -1.0000 -0.0000
vt 1.000000 0.500000
vt 1.000000 1.000000
vt 0.968750 1.000000
vt 0.968750 0.500000
vt 0.937500 1.000000
vt 0.937500 0.500000
vt 0.906250 1.000000
vt 0.906250 0.500000
vt 0.875000 1.000000
vt 0.875000 0.500000
vt 0.843750 1.000000
vt 0.843750 0.500000
vt 0.812500 1.000000
vt 0.812500 0.500000
vt 0.781250 1.000000
vt 0.781250 0.500000
vt 0.750000 1.000000
vt 0.750000 0.500000
vt 0.718750 1.000000
vt 0.718750 0.500000
vt 0.687500 1.000000
vt 0.687500 0.500000
vt 0.656250 1.000000
vt 0.656250 0.500000
vt 0.625000 1.000000
vt 0.625000 0.500000
vt 0.593750 1.000000
vt 0.593750 0.500000
vt 0.562500 1.000000
vt 0.562500 0.500000
vt 0.531250 1.000000
vt 0.531250 0.500000
vt 0.500000 1.000000
vt 0.500000 0.500000
vt 0.468750 1.000000
vt 0.468750 0.500000
vt 0.437500 1.000000
vt 0.437500 0.500000
vt 0.406250 1.000000
vt 0.406250 0.500000
vt 0.375000 1.000000
vt 0.375000 0.500000
vt 0.343750 1.000000
vt 0.343750 0.500000
vt 0.312500 1.000000
vt 0.312500 0.500000
vt 0.281250 1.000000
vt 0.281250 0.500000
vt 0.250000 1.000000
vt 0.250000 0.500000
vt 0.218750 1.000000
vt 0.218750 0.500000
vt 0.187500 1.000000
vt 0.187500 0.500000
vt 0.156250 1.000000
vt 0.156250 0.500000
vt 0.125000 1.000000
vt 0.125000 0.500000
vt 0.093750 1.000000
vt 0.093750 0.500000
vt 0.062500 1.000000
vt 0.062500 0.500000
vt 0.296822 0.485388
vt 0.250000 0.490000
vt 0.203178 0.485388
vt 0.158156 0.471731
vt 0.116663 0.449553
vt 0.080294 0.419706
vt 0.050447 0.383337
vt 0.028269 0.341844
vt 0.014612 0.296822
vt 0.010000 0.250000
vt 0.014612 0.203178
vt 0.028269 0.158156
vt 0.050447 0.116663
vt 0.080294 0.080294
vt 0.116663 0.050447
vt 0.158156 0.028269
vt 0.203178 0.014612
vt 0.250000 0.010000
vt 0.296822 0.014612
vt 0.341844 0.028269
vt 0.383337 0.050447
vt 0.419706 0.080294
vt 0.449553 0.116663
vt 0.471731 0.158156
vt 0.485388 0.203178
vt 0.490000 0.250000
vt 0.485388 0.296822
vt 0.471731 0.341844
vt 0.449553 0.383337
vt 0.419706 0.419706
vt 0.383337 0.449553
vt 0.341844 0.471731
vt 0.031250 1.000000
vt 0.031250 0.500000
vt 0.000000 1.000000
vt 0.000000 0.500000
vt 0.750000 0.490000
vt 0.796822 0.485388
vt 0.841844 0.471731
vt 0.883337 0.449553
vt 0.919706 0.419706
vt 0.949553 0.383337
vt 0.971731 0.341844
vt 0.985388 0.296822
vt 0.990000 0.250000
vt 0.985388 0.203178
vt 0.971731 0.158156
vt 0.949553 0.116663
vt 0.919706 0.080294
vt 0.883337 0.050447
vt 0.841844 0.028269
vt 0.796822 0.014612
vt 0.750000 0.010000
vt 0.703178 0.014612
vt 0.658156 0.028269
vt 0.616663 0.050447
vt 0.580294 0.080294
vt 0.550447 0.116663
vt 0.528269 0.158156
vt 0.514612 0.203178
vt 0.510000 0.250000
vt 0.514612 0.296822
vt 0.528269 0.341844
vt 0.550447 0.383337
vt 0.580294 0.419706
vt 0.616663 0.449553
vt 0.658156 0.471731
vt 0.703178 0.485388
s 0
f 1970/1582/63 1971/1583/63 1973/1584/63 1972/1585/63
f 1972/1585/64 1973/1584/64 1975/1586/64 1974/1587/64
f 1974/1587/65 1975/1586/65 1977/1588/65 1976/1589/65
f 1976/1589/66 1977/1588/66 1979/1590/66 1978/1591/66
f 1978/1591/67 1979/1590/67 1981/1592/67 1980/1593/67
f 1980/1593/68 1981/1592/68 1983/1594/68 1982/1595/68
f 1982/1595/69 1983/1594/69 1985/1596/69 1984/1597/69
f 1984/1597/70 1985/1596/70 1987/1598/70 1986/1599/70
f 1986/1599/71 1987/1598/71 1989/1600/71 1988/1601/71
f 1988/1601/72 1989/1600/72 1991/1602/72 1990/1603/72
f 1990/1603/73 1991/1602/73 1993/1604/73 1992/1605/73
f 1992/1605/74 1993/1604/74 1995/1606/74 1994/1607/74
f 1994/1607/75 1995/1606/75 1997/1608/75 1996/1609/75
f 1996/1609/76 1997/1608/76 1999/1610/76 1998/1611/76
f 1998/1611/77 1999/1610/77 2001/1612/77 2000/1613/77
f 2000/1613/78 2001/1612/78 2003/1614/78 2002/1615/78
f 2002/1615/79 2003/1614/79 2005/1616/79 2004/1617/79
f 2004/1617/80 2005/1616/80 2007/1618/80 2006/1619/80
f 2006/1619/81 2007/1618/81 2009/1620/81 2008/1621/81
f 2008/1621/82 2009/1620/82 2011/1622/82 2010/1623/82
f 2010/1623/83 2011/1622/83 2013/1624/83 2012/1625/83
f 2012/1625/84 2013/1624/84 2015/1626/84 2014/1627/84
f 2014/1627/85 2015/1626/85 2017/1628/85 2016/1629/85
f 2016/1629/86 2017/1628/86 2019/1630/86 2018/1631/86
f 2018/1631/87 2019/1630/87 2021/1632/87 2020/1633/87
f 2020/1633/88 2021/1632/88 2023/1634/88 2022/1635/88
f 2022/1635/89 2023/1634/89 2025/1636/89 2024/1637/89
f 2024/1637/90 2025/1636/90 2027/1638/90 2026/1639/90
f 2026/1639/91 2027/1638/91 2029/1640/91 2028/1641/91
f 2028/1641/92 2029/1640/92 2031/1642/92 2030/1643/92
f 1973/1644/93 1971/1645/93 2033/1646/93 2031/1647/93 2029/1648/93 2027/1649/93 2025/1650/93 2023/1651/93 2021/1652/93 2019/1653/93 2017/1654/93 2015/1655/93 2013/1656/93 2011/1657/93 2009/1658/93 2007/1659/93 2005/1660/93 2003/1661/93 2001/1662/93 1999/1663/93 1997/1664/93 1995/1665/93 1993/1666/93 1991/1667/93 1989/1668/93 1987/1669/93 1985/1670/93 1983/1671/93 1981/1672/93 1979/1673/93 1977/1674/93 1975/1675/93
f 2030/1643/94 2031/1642/94 2033/1676/94 2032/1677/94
f 2032/1677/95 2033/1676/95 1971/1678/95 1970/1679/95
f 1970/1680/96 1972/1681/96 1974/1682/96 1976/1683/96 1978/1684/96 1980/1685/96 1982/1686/96 1984/1687/96 1986/1688/96 1988/1689/96 1990/1690/96 1992/1691/96 1994/1692/96 1996/1693/96 1998/1694/96 2000/1695/96 2002/1696/96 2004/1697/96 2006/1698/96 2008/1699/96 2010/1700/96 2012/1701/96 2014/1702/96 2016/1703/96 2018/1704/96 2020/1705/96 2022/1706/96 2024/1707/96 2026/1708/96 2028/1709/96 2030/1710/96 2032/1711/96
o Cylinder.002
v 12.817398 -0.231861 -0.919683
v 12.817398 16.465769 -0.919683
v 12.864206 -0.231861 -0.915073
v 12.864206 16.465769 -0.915073
v 12.909216 -0.231861 -0.901419
v 12.909216 16.465769 -0.901419
v 12.950697 -0.231861 -0.879247
v 12.950697 16.465769 -0.879247
v 12.987056 -0.231861 -0.849408
v 12.987056 16.465769 -0.849408
v 13.016894 -0.231861 -0.813050
v 13.016894 16.465769 -0.813050
v 13.039066 -0.231861 -0.771569
v 13.039066 16.465769 -0.771569
v 13.052720 -0.231861 -0.726559
v 13.052720 16.465769 -0.726559
v 13.057330 -0.231861 -0.679751
v 13.057330 16.465769 -0.679751
v 13.052720 -0.231861 -0.632942
v 13.052720 16.465769 -0.632942
v 13.039066 -0.231861 -0.587933
v 13.039066 16.465769 -0.587933
v 13.016894 -0.231861 -0.546451
v 13.016894 16.465769 -0.546451
v 12.987056 -0.231861 -0.510093
v 12.987056 16.465769 -0.510093
v 12.950697 -0.231861 -0.480254
v 12.950697 16.465769 -0.480254
v 12.909216 -0.231861 -0.458082
v 12.909216 16.465769 -0.458082
v 12.864206 -0.231861 -0.444429
v 12.864206 16.465769 -0.444429
v 12.817398 -0.231861 -0.439818
v 12.817398 16.465769 -0.439818
v 12.770590 -0.231861 -0.444429
v 12.770590 16.465769 -0.444429
v 12.725580 -0.231861 -0.458082
v 12.725580 16.465769 -0.458082
v 12.684099 -0.231861 -0.480254
v 12.684099 16.465769 -0.480254
v 12.647740 -0.231861 -0.510093
v 12.647740 16.465769 -0.510093
v 12.617902 -0.231861 -0.546451
v 12.617902 16.465769 -0.546451
v 12.595730 -0.231861 -0.587933
v 12.595730 16.465769 -0.587933
v 12.582076 -0.231861 -0.632942
v 12.582076 16.465769 -0.632942
v 12.577466 -0.231861 -0.679751
v 12.577466 16.465769 -0.679751
v 12.582076 -0.231861 -0.726559
v 12.582076 16.465769 -0.726559
v 12.595730 -0.231861 -0.771569
v 12.595730 16.465769 -0.771569
v 12.617902 -0.231861 -0.813050
v 12.617902 16.465769 -0.813050
v 12.647740 -0.231861 -0.849408
v 12.647740 16.465769 -0.849408
v 12.684099 -0.231861 -0.879247
v 12.684099 16.465769 -0.879247
v 12.725580 -0.231861 -0.901419
v 12.725580 16.465769 -0.901419
v 12.770590 -0.231861 -0.915073
v 12.770590 16.465769 -0.915073
vn 0.0980 -0.0000 -0.9952
vn 0.2903 -0.0000 -0.9569
vn 0.4714 -0.0000 -0.8819
vn 0.6344 -0.0000 -0.7730
vn 0.7730 -0.0000 -0.6344
vn 0.8819 -0.0000 -0.4714
vn 0.9569 -0.0000 -0.2903
vn 0.9952 -0.0000 -0.0980
vn 0.9952 -0.0000 0.0980
vn 0.9569 -0.0000 0.2903
vn 0.8819 -0.0000 0.4714
vn 0.7730 -0.0000 0.6344
vn 0.6344 -0.0000 0.7730
vn 0.4714 -0.0000 0.8819
vn 0.2903 -0.0000 0.9569
vn 0.0980 -0.0000 0.9952
vn -0.0980 -0.0000 0.9952
vn -0.2903 -0.0000 0.9569
vn -0.4714 -0.0000 0.8819
vn -0.6344 -0.0000 0.7730
vn -0.7730 -0.0000 0.6344
vn -0.8819 -0.0000 0.4714
vn -0.9569 -0.0000 0.2903
vn -0.9952 -0.0000 0.0980
vn -0.9952 -0.0000 -0.0980
vn -0.9569 -0.0000 -0.2903
vn -0.8819 -0.0000 -0.4714
vn -0.7730 -0.0000 -0.6344
vn -0.6344 -0.0000 -0.7730
vn -0.4714 -0.0000 -0.8819
vn -0.0000 1.0000 -0.0000
vn -0.2903 -0.0000 -0.9569
vn -0.0980 -0.0000 -0.9952
vn -0.0000 -1.0000 -0.0000
vt 1.000000 0.500000
vt 1.000000 1.000000
vt 0.968750 1.000000
vt 0.968750 0.500000
vt 0.937500 1.000000
vt 0.937500 0.500000
vt 0.906250 1.000000
vt 0.906250 0.500000
vt 0.875000 1.000000
vt 0.875000 0.500000
vt 0.843750 1.000000
vt 0.843750 0.500000
vt 0.812500 1.000000
vt 0.812500 0.500000
vt 0.781250 1.000000
vt 0.781250 0.500000
vt 0.750000 1.000000
vt 0.750000 0.500000
vt 0.718750 1.000000
vt 0.718750 0.500000
vt 0.687500 1.000000
vt 0.687500 0.500000
vt 0.656250 1.000000
vt 0.656250 0.500000
vt 0.625000 1.000000
vt 0.625000 0.500000
vt 0.593750 1.000000
vt 0.593750 0.500000
vt 0.562500 1.000000
vt 0.562500 0.500000
vt 0.531250 1.000000
vt 0.531250 0.500000
vt 0.500000 1.000000
vt 0.500000 0.500000
vt 0.468750 1.000000
vt 0.468750 0.500000
vt 0.437500 1.000000
vt 0.437500 0.500000
vt 0.406250 1.000000
vt 0.406250 0.500000
vt 0.375000 1.000000
vt 0.375000 0.500000
vt 0.343750 1.000000
vt 0.343750 0.500000
vt 0.312500 1.000000
vt 0.312500 0.500000
vt 0.281250 1.000000
vt 0.281250 0.500000
vt 0.250000 1.000000
vt 0.250000 0.500000
vt 0.218750 1.000000
vt 0.218750 0.500000
vt 0.187500 1.000000
vt 0.187500 0.500000
vt 0.156250 1.000000
vt 0.156250 0.500000
vt 0.125000 1.000000
vt 0.125000 0.500000
vt 0.093750 1.000000
vt 0.093750 0.500000
vt 0.062500 1.000000
vt 0.062500 0.500000
vt 0.296822 0.485388
vt 0.250000 0.490000
vt 0.203178 0.485388
vt 0.158156 0.471731
vt 0.116663 0.449553
vt 0.080294 0.419706
vt 0.050447 0.383337
vt 0.028269 0.341844
vt 0.014612 0.296822
vt 0.010000 0.250000
vt 0.014612 0.203178
vt 0.028269 0.158156
vt 0.050447 0.116663
vt 0.080294 0.080294
vt 0.116663 0.050447
vt 0.158156 0.028269
vt 0.203178 0.014612
vt 0.250000 0.010000
vt 0.296822 0.014612
vt 0.341844 0.028269
vt 0.383337 0.050447
vt 0.419706 0.080294
vt 0.449553 0.116663
vt 0.471731 0.158156
vt 0.485388 0.203178
vt 0.490000 0.250000
vt 0.485388 0.296822
vt 0.471731 0.341844
vt 0.449553 0.383337
vt 0.419706 0.419706
vt 0.383337 0.449553
vt 0.341844 0.471731
vt 0.031250 1.000000
vt 0.031250 0.500000
vt 0.000000 1.000000
vt 0.000000 0.500000
vt 0.750000 0.490000
vt 0.796822 0.485388
vt 0.841844 0.471731
vt 0.883337 0.449553
vt 0.919706 0.419706
vt 0.949553 0.383337
vt 0.971731 0.341844
vt 0.985388 0.296822
vt 0.990000 0.250000
vt 0.985388 0.203178
vt 0.971731 0.158156
vt 0.949553 0.116663
vt 0.919706 0.080294
vt 0.883337 0.050447
vt 0.841844 0.028269
vt 0.796822 0.014612
vt 0.750000 0.010000
vt 0.703178 0.014612
vt 0.658156 0.028269
vt 0.616663 0.050447
vt 0.580294 0.080294
vt 0.550447 0.116663
vt 0.528269 0.158156
vt 0.514612 0.203178
vt 0.510000 0.250000
vt 0.514612 0.296822
vt 0.528269 0.341844
vt 0.550447 0.383337
vt 0.580294 0.419706
vt 0.616663 0.449553
vt 0.658156 0.471731
vt 0.703178 0.485388
s 0
f 2034/1712/97 2035/1713/97 2037/1714/97 2036/1715/97
f 2036/1715/98 2037/1714/98 2039/1716/98 2038/1717/98
f 2038/1717/99 2039/1716/99 2041/1718/99 2040/1719/99
f 2040/1719/100 2041/1718/100 2043/1720/100 2042/1721/100
f 2042/1721/101 2043/1720/101 2045/1722/101 2044/1723/101
f 2044/1723/102 2045/1722/102 2047/1724/102 2046/1725/102
f 2046/1725/103 2047/1724/103 2049/1726/103 2048/1727/103
f 2048/1727/104 2049/1726/104 2051/1728/104 2050/1729/104
f 2050/1729/105 2051/1728/105 2053/1730/105 2052/1731/105
f 2052/1731/106 2053/1730/106 2055/1732/106 2054/1733/106
f 2054/1733/107 2055/1732/107 2057/1734/107 2056/1735/107
f 2056/1735/108 2057/1734/108 2059/1736/108 2058/1737/108
f 2058/1737/109 2059/1736/109 2061/1738/109 2060/1739/109
f 2060/1739/110 2061/1738/110 2063/1740/110 2062/1741/110
f 2062/1741/111 2063/1740/111 2065/1742/111 2064/1743/111
f 2064/1743/112 2065/1742/112 2067/1744/112 2066/1745/112
f 2066/1745/113 2067/1744/113 2069/1746/113 2068/1747/113
f 2068/1747/114 2069/1746/114 2071/1748/114 2070/1749/114
f 2070/1749/115 2071/1748/115 2073/1750/115 2072/1751/115
f 2072/1751/116 2073/1750/116 2075/1752/116 2074/1753/116
f 2074/1753/117 2075/1752/117 2077/1754/117 2076/1755/117
f 2076/1755/118 2077/1754/118 2079/1756/118 2078/1757/118
f 2078/1757/119 2079/1756/119 2081/1758/119 2080/1759/119
f 2080/1759/120 2081/1758/120 2083/1760/120 2082/1761/120
f 2082/1761/121 2083/1760/121 2085/1762/121 2084/1763/121
f 2084/1763/122 2085/1762/122 2087/1764/122 2086/1765/122
f 2086/1765/123 2087/1764/123 2089/1766/123 2088/1767/123
f 2088/1767/124 2089/1766/124 2091/1768/124 2090/1769/124
f 2090/1769/125 2091/1768/125 2093/1770/125 2092/1771/125
f 2092/1771/126 2093/1770/126 2095/1772/126 2094/1773/126
f 2037/1774/127 2035/1775/127 2097/1776/127 2095/1777/127 2093/1778/127 2091/1779/127 2089/1780/127 2087/1781/127 2085/1782/127 2083/1783/127 2081/1784/127 2079/1785/127 2077/1786/127 2075/1787/127 2073/1788/127 2071/1789/127 2069/1790/127 2067/1791/127 2065/1792/127 2063/1793/127 2061/1794/127 2059/1795/127 2057/1796/127 2055/1797/127 2053/1798/127 2051/1799/127 2049/1800/127 2047/1801/127 2045/1802/127 2043/1803/127 2041/1804/127 2039/1805/127
f 2094/1773/128 2095/1772/128 2097/1806/128 2096/1807/128
f 2096/1807/129 2097/1806/129 2035/1808/129 2034/1809/129
f 2034/1810/130 2036/1811/130 2038/1812/130 2040/1813/130 2042/1814/130 2044/1815/130 2046/1816/130 2048/1817/130 2050/1818/130 2052/1819/130 2054/1820/130 2056/1821/130 2058/1822/130 2060/1823/130 2062/1824/130 2064/1825/130 2066/1826/130 2068/1827/130 2070/1828/130 2072/1829/130 2074/1830/130 2076/1831/130 2078/1832/130 2080/1833/130 2082/1834/130 2084/1835/130 2086/1836/130 2088/1837/130 2090/1838/130 2092/1839/130 2094/1840/130 2096/1841/130
o Cylinder.003
v 12.817398 -0.231861 -2.044004
v 12.817398 16.465769 -2.044004
v 12.864206 -0.231861 -2.039394
v 12.864206 16.465769 -2.039394
v 12.909216 -0.231861 -2.025740
v 12.909216 16.465769 -2.025740
v 12.950697 -0.231861 -2.003568
v 12.950697 16.465769 -2.003568
v 12.987056 -0.231861 -1.973730
v 12.987056 16.465769 -1.973730
v 13.016894 -0.231861 -1.937371
v 13.016894 16.465769 -1.937371
v 13.039066 -0.231861 -1.895890
v 13.039066 16.465769 -1.895890
v 13.052720 -0.231861 -1.850880
v 13.052720 16.465769 -1.850880
v 13.057330 -0.231861 -1.804072
v 13.057330 16.465769 -1.804072
v 13.052720 -0.231861 -1.757263
v 13.052720 16.465769 -1.757263
v 13.039066 -0.231861 -1.712254
v 13.039066 16.465769 -1.712254
v 13.016894 -0.231861 -1.670773
v 13.016894 16.465769 -1.670773
v 12.987056 -0.231861 -1.634414
v 12.987056 16.465769 -1.634414
v 12.950697 -0.231861 -1.604576
v 12.950697 16.465769 -1.604576
v 12.909216 -0.231861 -1.582403
v 12.909216 16.465769 -1.582403
v 12.864206 -0.231861 -1.568750
v 12.864206 16.465769 -1.568750
v 12.817398 -0.231861 -1.564140
v 12.817398 16.465769 -1.564140
v 12.770590 -0.231861 -1.568750
v 12.770590 16.465769 -1.568750
v 12.725580 -0.231861 -1.582403
v 12.725580 16.465769 -1.582403
v 12.684099 -0.231861 -1.604576
v 12.684099 16.465769 -1.604576
v 12.647740 -0.231861 -1.634414
v 12.647740 16.465769 -1.634414
v 12.617902 -0.231861 -1.670773
v 12.617902 16.465769 -1.670773
v 12.595730 -0.231861 -1.712254
v 12.595730 16.465769 -1.712254
v 12.582076 -0.231861 -1.757263
v 12.582076 16.465769 -1.757263
v 12.577466 -0.231861 -1.804072
v 12.577466 16.465769 -1.804072
v 12.582076 -0.231861 -1.850880
v 12.582076 16.465769 -1.850880
v 12.595730 -0.231861 -1.895890
v 12.595730 16.465769 -1.895890
v 12.617902 -0.231861 -1.937371
v 12.617902 16.465769 -1.937371
v 12.647740 -0.231861 -1.973730
v 12.647740 16.465769 -1.973730
v 12.684099 -0.231861 -2.003568
v 12.684099 16.465769 -2.003568
v 12.725580 -0.231861 -2.025740
v 12.725580 16.465769 -2.025740
v 12.770590 -0.231861 -2.039394
v 12.770590 16.465769 -2.039394
vn 0.0980 -0.0000 -0.9952
vn 0.2903 -0.0000 -0.9569
vn 0.4714 -0.0000 -0.8819
vn 0.6344 -0.0000 -0.7730
vn 0.7730 -0.0000 -0.6344
vn 0.8819 -0.0000 -0.4714
vn 0.9569 -0.0000 -0.2903
vn 0.9952 -0.0000 -0.0980
vn 0.9952 -0.0000 0.0980
vn 0.9569 -0.0000 0.2903
vn 0.8819 -0.0000 0.4714
vn 0.7730 -0.0000 0.6344
vn 0.6344 -0.0000 0.7730
vn 0.4714 -0.0000 0.8819
vn 0.2903 -0.0000 0.9569
vn 0.0980 -0.0000 0.9952
vn -0.0980 -0.0000 0.9952
vn -0.2903 -0.0000 0.9569
vn -0.4714 -0.0000 0.8819
vn -0.6344 -0.0000 0.7730
vn -0.7730 -0.0000 0.6344
vn -0.8819 -0.0000 0.4714
vn -0.9569 -0.0000 0.2903
vn -0.9952 -0.0000 0.0980
vn -0.9952 -0.0000 -0.0980
vn -0.9569 -0.0000 -0.2903
vn -0.8819 -0.0000 -0.4714
vn -0.7730 -0.0000 -0.6344
vn -0.6344 -0.0000 -0.7730
vn -0.4714 -0.0000 -0.8819
vn -0.0000 1.0000 -0.0000
vn -0.2903 -0.0000 -0.9569
vn -0.0980 -0.0000 -0.9952
vn -0.0000 -1.0000 -0.0000
vt 1.000000 0.500000
vt 1.000000 1.000000
vt 0.968750 1.000000
vt 0.968750 0.500000
vt 0.937500 1.000000
vt 0.937500 0.500000
vt 0.906250 1.000000
vt 0.906250 0.500000
vt 0.875000 1.000000
vt 0.875000 0.500000
vt 0.843750 1.000000
vt 0.843750 0.500000
vt 0.812500 1.000000
vt 0.812500 0.500000
vt 0.781250 1.000000
vt 0.781250 0.500000
vt 0.750000 1.000000
vt 0.750000 0.500000
vt 0.718750 1.000000
vt 0.718750 0.500000
vt 0.687500 1.000000
vt 0.687500 0.500000
vt 0.656250 1.000000
vt 0.656250 0.500000
vt 0.625000 1.000000
vt 0.625000 0.500000
vt 0.593750 1.000000
vt 0.593750 0.500000
vt 0.562500 1.000000
vt 0.562500 0.500000
vt 0.531250 1.000000
vt 0.531250 0.500000
vt 0.500000 1.000000
vt 0.500000 0.500000
vt 0.468750 1.000000
vt 0.468750 0.500000
vt 0.437500 1.000000
vt 0.437500 0.500000
vt 0.406250 1.000000
vt 0.406250 0.500000
vt 0.375000 1.000000
vt 0.375000 0.500000
vt 0.343750 1.000000
vt 0.343750 0.500000
vt 0.312500 1.000000
vt 0.312500 0.500000
vt 0.281250 1.000000
vt 0.281250 0.500000
vt 0.250000 1.000000
vt 0.250000 0.500000
vt 0.218750 1.000000
vt 0.218750 0.500000
vt 0.187500 1.000000
vt 0.187500 0.500000
vt 0.156250 1.000000
vt 0.156250 0.500000
vt 0.125000 1.000000
vt 0.125000 0.500000
vt 0.093750 1.000000
vt 0.093750 0.500000
vt 0.062500 1.000000
vt 0.062500 0.500000
vt 0.296822 0.485388
vt 0.250000 0.490000
vt 0.203178 0.485388
vt 0.158156 0.471731
vt 0.116663 0.449553
vt 0.080294 0.419706
vt 0.050447 0.383337
vt 0.028269 0.341844
vt 0.014612 0.296822
vt 0.010000 0.250000
vt 0.014612 0.203178
vt 0.028269 0.158156
vt 0.050447 0.116663
vt 0.080294 0.080294
vt 0.116663 0.050447
vt 0.158156 0.028269
vt 0.203178 0.014612
vt 0.250000 0.010000
vt 0.296822 0.014612
vt 0.341844 0.028269
vt 0.383337 0.050447
vt 0.419706 0.080294
vt 0.449553 0.116663
vt 0.471731 0.158156
vt 0.485388 0.203178
vt 0.490000 0.250000
vt 0.485388 0.296822
vt 0.471731 0.341844
vt 0.449553 0.383337
vt 0.419706 0.419706
vt 0.383337 0.449553
vt 0.341844 0.471731
vt 0.031250 1.000000
vt 0.031250 0.500000
vt 0.000000 1.000000
vt 0.000000 0.500000
vt 0.750000 0.490000
vt 0.796822 0.485388
vt 0.841844 0.471731
vt 0.883337 0.449553
vt 0.919706 0.419706
vt 0.949553 0.383337
vt 0.971731 0.341844
vt 0.985388 0.296822
vt 0.990000 0.250000
vt 0.985388 0.203178
vt 0.971731 0.158156
vt 0.949553 0.116663
vt 0.919706 0.080294
vt 0.883337 0.050447
vt 0.841844 0.028269
vt 0.796822 0.014612
vt 0.750000 0.010000
vt 0.703178 0.014612
vt 0.658156 0.028269
vt 0.616663 0.050447
vt 0.580294 0.080294
vt 0.550447 0.116663
vt 0.528269 0.158156
vt 0.514612 0.203178
vt 0.510000 0.250000
vt 0.514612 0.296822
vt 0.528269 0.341844
vt 0.550447 0.383337
vt 0.580294 0.419706
vt 0.616663 0.449553
vt 0.658156 0.471731
vt 0.703178 0.485388
s 0
f 2098/1842/131 2099/1843/131 2101/1844/131 2100/1845/131
f 2100/1845/132 2101/1844/132 2103/1846/132 2102/1847/132
f 2102/1847/133 2103/1846/133 2105/1848/133 2104/1849/133
f 2104/1849/134 2105/1848/134 2107/1850/134 2106/1851/134
f 2106/1851/135 2107/1850/135 2109/1852/135 2108/1853/135
f 2108/1853/136 2109/1852/136 2111/1854/136 2110/1855/136
f 2110/1855/137 2111/1854/137 2113/1856/137 2112/1857/137
f 2112/1857/138 2113/1856/138 2115/1858/138 2114/1859/138
f 2114/1859/139 2115/1858/139 2117/1860/139 2116/1861/139
f 2116/1861/140 2117/1860/140 2119/1862/140 2118/1863/140
f 2118/1863/141 2119/1862/141 2121/1864/141 2120/1865/141
f 2120/1865/142 2121/1864/142 2123/1866/142 2122/1867/142
f 2122/1867/143 2123/1866/143 2125/1868/143 2124/1869/143
f 2124/1869/144 2125/1868/144 2127/1870/144 2126/1871/144
f 2126/1871/145 2127/1870/145 2129/1872/145 2128/1873/145
f 2128/1873/146 2129/1872/146 2131/1874/146 2130/1875/146
f 2130/1875/147 2131/1874/147 2133/1876/147 2132/1877/147
f 2132/1877/148 2133/1876/148 2135/1878/148 2134/1879/148
f 2134/1879/149 2135/1878/149 2137/1880/149 2136/1881/149
f 2136/1881/150 2137/1880/150 2139/1882/150 2138/1883/150
f 2138/1883/151 2139/1882/151 2141/1884/151 2140/1885/151
f 2140/1885/152 2141/1884/152 2143/1886/152 2142/1887/152
f 2142/1887/153 2143/1886/153 2145/1888/153 2144/1889/153
f 2144/1889/154 2145/1888/154 2147/1890/154 2146/1891/154
f 2146/1891/155 2147/1890/155 2149/1892/155 2148/1893/155
f 2148/1893/156 2149/1892/156 2151/1894/156 2150/1895/156
f 2150/1895/157 2151/1894/157 2153/1896/157 2152/1897/157
f 2152/1897/158 2153/1896/158 2155/1898/158 2154/1899/158
f 2154/1899/159 2155/1898/159 2157/1900/159 2156/1901/159
f 2156/1901/160 2157/1900/160 2159/1902/160 2158/1903/160
f 2101/1904/161 2099/1905/161 2161/1906/161 2159/1907/161 2157/1908/161 2155/1909/161 2153/1910/161 2151/1911/161 2149/1912/161 2147/1913/161 2145/1914/161 2143/1915/161 2141/1916/161 2139/1917/161 2137/1918/161 2135/1919/161 2133/1920/161 2131/1921/161 2129/1922/161 2127/1923/161 2125/1924/161 2123/1925/161 2121/1926/161 2119/1927/161 2117/1928/161 2115/1929/161 2113/1930/161 2111/1931/161 2109/1932/161 2107/1933/161 2105/1934/161 2103/1935/161
f 2158/1903/162 2159/1902/162 2161/1936/162 2160/1937/162
f 2160/1937/163 2161/1936/163 2099/1938/163 2098/1939/163
f 2098/1940/164 2100/1941/164 2102/1942/164 2104/1943/164 2106/1944/164 2108/1945/164 2110/1946/164 2112/1947/164 2114/1948/164 2116/1949/164 2118/1950/164 2120/1951/164 2122/1952/164 2124/1953/164 2126/1954/164 2128/1955/164 2130/1956/164 2132/1957/164 2134/1958/164 2136/1959/164 2138/1960/164 2140/1961/164 2142/1962/164 2144/1963/164 2146/1964/164 2148/1965/164 2150/1966/164 2152/1967/164 2154/1968/164 2156/1969/164 2158/1970/164 2160/1971/164
o Cylinder.004
v 12.817398 -0.231861 3.481938
v 12.817398 16.465769 3.481938
v 12.864206 -0.231861 3.486548
v 12.864206 16.465769 3.486548
v 12.909216 -0.231861 3.500202
v 12.909216 16.465769 3.500202
v 12.950697 -0.231861 3.522374
v 12.950697 16.465769 3.522374
v 12.987056 -0.231861 3.552212
v 12.987056 16.465769 3.552212
v 13.016894 -0.231861 3.588571
v 13.016894 16.465769 3.588571
v 13.039066 -0.231861 3.630052
v 13.039066 16.465769 3.630052
v 13.052720 -0.231861 3.675062
v 13.052720 16.465769 3.675062
v 13.057330 -0.231861 3.721870
v 13.057330 16.465769 3.721870
v 13.052720 -0.231861 3.768679
v 13.052720 16.465769 3.768679
v 13.039066 -0.231861 3.813688
v 13.039066 16.465769 3.813688
v 13.016894 -0.231861 3.855170
v 13.016894 16.465769 3.855170
v 12.987056 -0.231861 3.891528
v 12.987056 16.465769 3.891528
v 12.950697 -0.231861 3.921367
v 12.950697 16.465769 3.921367
v 12.909216 -0.231861 3.943539
v 12.909216 16.465769 3.943539
v 12.864206 -0.231861 3.957192
v 12.864206 16.465769 3.957192
v 12.817398 -0.231861 3.961802
v 12.817398 16.465769 3.961802
v 12.770590 -0.231861 3.957192
v 12.770590 16.465769 3.957192
v 12.725580 -0.231861 3.943539
v 12.725580 16.465769 3.943539
v 12.684099 -0.231861 3.921367
v 12.684099 16.465769 3.921367
v 12.647740 -0.231861 3.891528
v 12.647740 16.465769 3.891528
v 12.617902 -0.231861 3.855170
v 12.617902 16.465769 3.855170
v 12.595730 -0.231861 3.813688
v 12.595730 16.465769 3.813688
v 12.582076 -0.231861 3.768679
v 12.582076 16.465769 3.768679
v 12.577466 -0.231861 3.721870
v 12.577466 16.465769 3.721870
v 12.582076 -0.231861 3.675062
v 12.582076 16.465769 3.675062
v 12.595730 -0.231861 3.630052
v 12.595730 16.465769 3.630052
v 12.617902 -0.231861 3.588571
v 12.617902 16.465769 3.588571
v 12.647740 -0.231861 3.552212
v 12.647740 16.465769 3.552212
v 12.684099 -0.231861 3.522374
v 12.684099 16.465769 3.522374
v 12.725580 -0.231861 3.500202
v 12.725580 16.465769 3.500202
v 12.770590 -0.231861 3.486548
v 12.770590 16.465769 3.486548
vn 0.0980 -0.0000 -0.9952
vn 0.2903 -0.0000 -0.9569
vn 0.4714 -0.0000 -0.8819
vn 0.6344 -0.0000 -0.7730
vn 0.7730 -0.0000 -0.6344
vn 0.8819 -0.0000 -0.4714
vn 0.9569 -0.0000 -0.2903
vn 0.9952 -0.0000 -0.0980
vn 0.9952 -0.0000 0.0980
vn 0.9569 -0.0000 0.2903
vn 0.8819 -0.0000 0.4714
vn 0.7730 -0.0000 0.6344
vn 0.6344 -0.0000 0.7730
vn 0.4714 -0.0000 0.8819
vn 0.2903 -0.0000 0.9569
vn 0.0980 -0.0000 0.9952
vn -0.0980 -0.0000 0.9952
vn -0.2903 -0.0000 0.9569
vn -0.4714 -0.0000 0.8819
vn -0.6344 -0.0000 0.7730
vn -0.7730 -0.0000 0.6344
vn -0.8819 -0.0000 0.4714
vn -0.9569 -0.0000 0.2903
vn -0.9952 -0.0000 0.0980
vn -0.9952 -0.0000 -0.0980
vn -0.9569 -0.0000 -0.2903
vn -0.8819 -0.0000 -0.4714
vn -0.7730 -0.0000 -0.6344
vn -0.6344 -0.0000 -0.7730
vn -0.4714 -0.0000 -0.8819
vn -0.0000 1.0000 -0.0000
vn -0.2903 -0.0000 -0.9569
vn -0.0980 -0.0000 -0.9952
vn -0.0000 -1.0000 -0.0000
vt 1.000000 0.500000
vt 1.000000 1.000000
vt 0.968750 1.000000
vt 0.968750 0.500000
vt 0.937500 1.000000
vt 0.937500 0.500000
vt 0.906250 1.000000
vt 0.906250 0.500000
vt 0.875000 1.000000
vt 0.875000 0.500000
vt 0.843750 1.000000
vt 0.843750 0.500000
vt 0.812500 1.000000
vt 0.812500 0.500000
vt 0.781250 1.000000
vt 0.781250 0.500000
vt 0.750000 1.000000
vt 0.750000 0.500000
vt 0.718750 1.000000
vt 0.718750 0.500000
vt 0.687500 1.000000
vt 0.687500 0.500000
vt 0.656250 1.000000
vt 0.656250 0.500000
vt 0.625000 1.000000
vt 0.625000 0.500000
vt 0.593750 1.000000
vt 0.593750 0.500000
vt 0.562500 1.000000
vt 0.562500 0.500000
vt 0.531250 1.000000
vt 0.531250 0.500000
vt 0.500000 1.000000
vt 0.500000 0.500000
vt 0.468750 1.000000
vt 0.468750 0.500000
vt 0.437500 1.000000
vt 0.437500 0.500000
vt 0.406250 1.000000
vt 0.406250 0.500000
vt 0.375000 1.000000
vt 0.375000 0.500000
vt 0.343750 1.000000
vt 0.343750 0.500000
vt 0.312500 1.000000
vt 0.312500 0.500000
vt 0.281250 1.000000
vt 0.281250 0.500000
vt 0.250000 1.000000
vt 0.250000 0.500000
vt 0.218750 1.000000
vt 0.218750 0.500000
vt 0.187500 1.000000
vt 0.187500 0.500000
vt 0.156250 1.000000
vt 0.156250 0.500000
vt 0.125000 1.000000
vt 0.125000 0.500000
vt 0.093750 1.000000
vt 0.093750 0.500000
vt 0.062500 1.000000
vt 0.062500 0.500000
vt 0.296822 0.485388
vt 0.250000 0.490000
vt 0.203178 0.485388
vt 0.158156 0.471731
vt 0.116663 0.449553
vt 0.080294 0.419706
vt 0.050447 0.383337
vt 0.028269 0.341844
vt 0.014612 0.296822
vt 0.010000 0.250000
vt 0.014612 0.203178
vt 0.028269 0.158156
vt 0.050447 0.116663
vt 0.080294 0.080294
vt 0.116663 0.050447
vt 0.158156 0.028269
vt 0.203178 0.014612
vt 0.250000 0.010000
vt 0.296822 0.014612
vt 0.341844 0.028269
vt 0.383337 0.050447
vt 0.419706 0.080294
vt 0.449553 0.116663
vt 0.471731 0.158156
vt 0.485388 0.203178
vt 0.490000 0.250000
vt 0.485388 0.296822
vt 0.471731 0.341844
vt 0.449553 0.383337
vt 0.419706 0.419706
vt 0.383337 0.449553
vt 0.341844 0.471731
vt 0.031250 1.000000
vt 0.031250 0.500000
vt 0.000000 1.000000
vt 0.000000 0.500000
vt 0.750000 0.490000
vt 0.796822 0.485388
vt 0.841844 0.471731
vt 0.883337 0.449553
vt 0.919706 0.419706
vt 0.949553 0.383337
vt 0.971731 0.341844
vt 0.985388 0.296822
vt 0.990000 0.250000
vt 0.985388 0.203178
vt 0.971731 0.158156
vt 0.949553 0.116663
vt 0.919706 0.080294
vt 0.883337 0.050447
vt 0.841844 0.028269
vt 0.796822 0.014612
vt 0.750000 0.010000
vt 0.703178 0.014612
vt 0.658156 0.028269
vt 0.616663 0.050447
vt 0.580294 0.080294
vt 0.550447 0.116663
vt 0.528269 0.158156
vt 0.514612 0.203178
vt 0.510000 0.250000
vt 0.514612 0.296822
vt 0.528269 0.341844
vt 0.550447 0.383337
vt 0.580294 0.419706
vt 0.616663 0.449553
vt 0.658156 0.471731
vt 0.703178 0.485388
s 0
f 2162/1972/165 2163/1973/165 2165/1974/165 2164/1975/165
f 2164/1975/166 2165/1974/166 2167/1976/166 2166/1977/166
f 2166/1977/167 2167/1976/167 2169/1978/167 2168/1979/167
f 2168/1979/168 2169/1978/168 2171/1980/168 2170/1981/168
f 2170/1981/169 2171/1980/169 2173/1982/169 2172/1983/169
f 2172/1983/170 2173/1982/170 2175/1984/170 2174/1985/170
f 2174/1985/171 2175/1984/171 2177/1986/171 2176/1987/171
f 2176/1987/172 2177/1986/172 2179/1988/172 2178/1989/172
f 2178/1989/173 2179/1988/173 2181/1990/173 2180/1991/173
f 2180/1991/174 2181/1990/174 2183/1992/174 2182/1993/174
f 2182/1993/175 2183/1992/175 2185/1994/175 2184/1995/175
f 2184/1995/176 2185/1994/176 2187/1996/176 2186/1997/176
f 2186/1997/177 2187/1996/177 2189/1998/177 2188/1999/177
f 2188/1999/178 2189/1998/178 2191/2000/178 2190/2001/178
f 2190/2001/179 2191/2000/179 2193/2002/179 2192/2003/179
f 2192/2003/180 2193/2002/180 2195/2004/180 2194/2005/180
f 2194/2005/181 2195/2004/181 2197/2006/181 2196/2007/181
f 2196/2007/182 2197/2006/182 2199/2008/182 2198/2009/182
f 2198/2009/183 2199/2008/183 2201/2010/183 2200/2011/183
f 2200/2011/184 2201/2010/184 2203/2012/184 2202/2013/184
f 2202/2013/185 2203/2012/185 2205/2014/185 2204/2015/185
f 2204/2015/186 2205/2014/186 2207/2016/186 2206/2017/186
f 2206/2017/187 2207/2016/187 2209/2018/187 2208/2019/187
f 2208/2019/188 2209/2018/188 2211/2020/188 2210/2021/188
f 2210/2021/189 2211/2020/189 2213/2022/189 2212/2023/189
f 2212/2023/190 2213/2022/190 2215/2024/190 2214/2025/190
f 2214/2025/191 2215/2024/191 2217/2026/191 2216/2027/191
f 2216/2027/192 2217/2026/192 2219/2028/192 2218/2029/192
f 2218/2029/193 2219/2028/193 2221/2030/193 2220/2031/193
f 2220/2031/194 2221/2030/194 2223/2032/194 2222/2033/194
f 2165/2034/195 2163/2035/195 2225/2036/195 2223/2037/195 2221/2038/195 2219/2039/195 2217/2040/195 2215/2041/195 2213/2042/195 2211/2043/195 2209/2044/195 2207/2045/195 2205/2046/195 2203/2047/195 2201/2048/195 2199/2049/195 2197/2050/195 2195/2051/195 2193/2052/195 2191/2053/195 2189/2054/195 2187/2055/195 2185/2056/195 2183/2057/195 2181/2058/195 2179/2059/195 2177/2060/195 2175/2061/195 2173/2062/195 2171/2063/195 2169/2064/195 2167/2065/195
f 2222/2033/196 2223/2032/196 2225/2066/196 2224/2067/196
f 2224/2067/197 2225/2066/197 2163/2068/197 2162/2069/197
f 2162/2070/198 2164/2071/198 2166/2072/198 2168/2073/198 2170/2074/198 2172/2075/198 2174/2076/198 2176/2077/198 2178/2078/198 2180/2079/198 2182/2080/198 2184/2081/198 2186/2082/198 2188/2083/198 2190/2084/198 2192/2085/198 2194/2086/198 2196/2087/198 2198/2088/198 2200/2089/198 2202/2090/198 2204/2091/198 2206/2092/198 2208/2093/198 2210/2094/198 2212/2095/198 2214/2096/198 2216/2097/198 2218/2098/198 2220/2099/198 2222/2100/198 2224/2101/198
o Cylinder.005
v 12.817398 -0.231861 2.371280
v 12.817398 16.465769 2.371280
v 12.864206 -0.231861 2.375890
v 12.864206 16.465769 2.375890
v 12.909216 -0.231861 2.389544
v 12.909216 16.465769 2.389544
v 12.950697 -0.231861 2.411716
v 12.950697 16.465769 2.411716
v 12.987056 -0.231861 2.441554
v 12.987056 16.465769 2.441554
v 13.016894 -0.231861 2.477913
v 13.016894 16.465769 2.477913
v 13.039066 -0.231861 2.519394
v 13.039066 16.465769 2.519394
v 13.052720 -0.231861 2.564404
v 13.052720 16.465769 2.564404
v 13.057330 -0.231861 2.611212
v 13.057330 16.465769 2.611212
v 13.052720 -0.231861 2.658020
v 13.052720 16.465769 2.658020
v 13.039066 -0.231861 2.703030
v 13.039066 16.465769 2.703030
v 13.016894 -0.231861 2.744511
v 13.016894 16.465769 2.744511
v 12.987056 -0.231861 2.780870
v 12.987056 16.465769 2.780870
v 12.950697 -0.231861 2.810709
v 12.950697 16.465769 2.810709
v 12.909216 -0.231861 2.832880
v 12.909216 16.465769 2.832880
v 12.864206 -0.231861 2.846534
v 12.864206 16.465769 2.846534
v 12.817398 -0.231861 2.851144
v 12.817398 16.465769 2.851144
v 12.770590 -0.231861 2.846534
v 12.770590 16.465769 2.846534
v 12.725580 -0.231861 2.832880
v 12.725580 16.465769 2.832880
v 12.684099 -0.231861 2.810709
v 12.684099 16.465769 2.810709
v 12.647740 -0.231861 2.780870
v 12.647740 16.465769 2.780870
v 12.617902 -0.231861 2.744511
v 12.617902 16.465769 2.744511
v 12.595730 -0.231861 2.703030
v 12.595730 16.465769 2.703030
v 12.582076 -0.231861 2.658020
v 12.582076 16.465769 2.658020
v 12.577466 -0.231861 2.611212
v 12.577466 16.465769 2.611212
v 12.582076 -0.231861 2.564404
v 12.582076 16.465769 2.564404
v 12.595730 -0.231861 2.519394
v 12.595730 16.465769 2.519394
v 12.617902 -0.231861 2.477913
v 12.617902 16.465769 2.477913
v 12.647740 -0.231861 2.441554
v 12.647740 16.465769 2.441554
v 12.684099 -0.231861 2.411716
v 12.684099 16.465769 2.411716
v 12.725580 -0.231861 2.389544
v 12.725580 16.465769 2.389544
v 12.770590 -0.231861 2.375890
v 12.770590 16.465769 2.375890
vn 0.0980 -0.0000 -0.9952
vn 0.2903 -0.0000 -0.9569
vn 0.4714 -0.0000 -0.8819
vn 0.6344 -0.0000 -0.7730
vn 0.7730 -0.0000 -0.6344
vn 0.8819 -0.0000 -0.4714
vn 0.9569 -0.0000 -0.2903
vn 0.9952 -0.0000 -0.0980
vn 0.9952 -0.0000 0.0980
vn 0.9569 -0.0000 0.2903
vn 0.8819 -0.0000 0.4714
vn 0.7730 -0.0000 0.6344
vn 0.6344 -0.0000 0.7730
vn 0.4714 -0.0000 0.8819
vn 0.2903 -0.0000 0.9569
vn 0.0980 -0.0000 0.9952
vn -0.0980 -0.0000 0.9952
vn -0.2903 -0.0000 0.9569
vn -0.4714 -0.0000 0.8819
vn -0.6344 -0.0000 0.7730
vn -0.7730 -0.0000 0.6344
vn -0.8819 -0.0000 0.4714
vn -0.9569 -0.0000 0.2903
vn -0.9952 -0.0000 0.0980
vn -0.9952 -0.0000 -0.0980
vn -0.9569 -0.0000 -0.2903
vn -0.8819 -0.0000 -0.4714
vn -0.7730 -0.0000 -0.6344
vn -0.6344 -0.0000 -0.7730
vn -0.4714 -0.0000 -0.8819
vn -0.0000 1.0000 -0.0000
vn -0.2903 -0.0000 -0.9569
vn -0.0980 -0.0000 -0.9952
vn -0.0000 -1.0000 -0.0000
vt 1.000000 0.500000
vt 1.000000 1.000000
vt 0.968750 1.000000
vt 0.968750 0.500000
vt 0.937500 1.000000
vt 0.937500 0.500000
vt 0.906250 1.000000
vt 0.906250 0.500000
vt 0.875000 1.000000
vt 0.875000 0.500000
vt 0.843750 1.000000
vt 0.843750 0.500000
vt 0.812500 1.000000
vt 0.812500 0.500000
vt 0.781250 1.000000
vt 0.781250 0.500000
vt 0.750000 1.000000
vt 0.750000 0.500000
vt 0.718750 1.000000
vt 0.718750 0.500000
vt 0.687500 1.000000
vt 0.687500 0.500000
vt 0.656250 1.000000
vt 0.656250 0.500000
vt 0.625000 1.000000
vt 0.625000 0.500000
vt 0.593750 1.000000
vt 0.593750 0.500000
vt 0.562500 1.000000
vt 0.562500 0.500000
vt 0.531250 1.000000
vt 0.531250 0.500000
vt 0.500000 1.000000
vt 0.500000 0.500000
vt 0.468750 1.000000
vt 0.468750 0.500000
vt 0.437500 1.000000
vt 0.437500 0.500000
vt 0.406250 1.000000
vt 0.406250 0.500000
vt 0.375000 1.000000
vt 0.375000 0.500000
vt 0.343750 1.000000
vt 0.343750 0.500000
vt 0.312500 1.000000
vt 0.312500 0.500000
vt 0.281250 1.000000
vt 0.281250 0.500000
vt 0.250000 1.000000
vt 0.250000 0.500000
vt 0.218750 1.000000
vt 0.218750 0.500000
vt 0.187500 1.000000
vt 0.187500 0.500000
vt 0.156250 1.000000
vt 0.156250 0.500000
vt 0.125000 1.000000
vt 0.125000 0.500000
vt 0.093750 1.000000
vt 0.093750 0.500000
vt 0.062500 1.000000
vt 0.062500 0.500000
vt 0.296822 0.485388
vt 0.250000 0.490000
vt 0.203178 0.485388
vt 0.158156 0.471731
vt 0.116663 0.449553
vt 0.080294 0.419706
vt 0.050447 0.383337
vt 0.028269 0.341844
vt 0.014612 0.296822
vt 0.010000 0.250000
vt 0.014612 0.203178
vt 0.028269 0.158156
vt 0.050447 0.116663
vt 0.080294 0.080294
vt 0.116663 0.050447
vt 0.158156 0.028269
vt 0.203178 0.014612
vt 0.250000 0.010000
vt 0.296822 0.014612
vt 0.341844 0.028269
vt 0.383337 0.050447
vt 0.419706 0.080294
vt 0.449553 0.116663
vt 0.471731 0.158156
vt 0.485388 0.203178
vt 0.490000 0.250000
vt 0.485388 0.296822
vt 0.471731 0.341844
vt 0.449553 0.383337
vt 0.419706 0.419706
vt 0.383337 0.449553
vt 0.341844 0.471731
vt 0.031250 1.000000
vt 0.031250 0.500000
vt 0.000000 1.000000
vt 0.000000 0.500000
vt 0.750000 0.490000
vt 0.796822 0.485388
vt 0.841844 0.471731
vt 0.883337 0.449553
vt 0.919706 0.419706
vt 0.949553 0.383337
vt 0.971731 0.341844
vt 0.985388 0.296822
vt 0.990000 0.250000
vt 0.985388 0.203178
vt 0.971731 0.158156
vt 0.949553 0.116663
vt 0.919706 0.080294
vt 0.883337 0.050447
vt 0.841844 0.028269
vt 0.796822 0.014612
vt 0.750000 0.010000
vt 0.703178 0.014612
vt 0.658156 0.028269
vt 0.616663 0.050447
vt 0.580294 0.080294
vt 0.550447 0.116663
vt 0.528269 0.158156
vt 0.514612 0.203178
vt 0.510000 0.250000
vt 0.514612 0.296822
vt 0.528269 0.341844
vt 0.550447 0.383337
vt 0.580294 0.419706
vt 0.616663 0.449553
vt 0.658156 0.471731
vt 0.703178 0.485388
s 0
f 2226/2102/199 2227/2103/199 2229/2104/199 2228/2105/199
f 2228/2105/200 2229/2104/200 2231/2106/200 2230/2107/200
f 2230/2107/201 2231/2106/201 2233/2108/201 2232/2109/201
f 2232/2109/202 2233/2108/202 2235/2110/202 2234/2111/202
f 2234/2111/203 2235/2110/203 2237/2112/203 2236/2113/203
f 2236/2113/204 2237/2112/204 2239/2114/204 2238/2115/204
f 2238/2115/205 2239/2114/205 2241/2116/205 2240/2117/205
f 2240/2117/206 2241/2116/206 2243/2118/206 2242/2119/206
f 2242/2119/207 2243/2118/207 2245/2120/207 2244/2121/207
f 2244/2121/208 2245/2120/208 2247/2122/208 2246/2123/208
f 2246/2123/209 2247/2122/209 2249/2124/209 2248/2125/209
f 2248/2125/210 2249/2124/210 2251/2126/210 2250/2127/210
f 2250/2127/211 2251/2126/211 2253/2128/211 2252/2129/211
f 2252/2129/212 2253/2128/212 2255/2130/212 2254/2131/212
f 2254/2131/213 2255/2130/213 2257/2132/213 2256/2133/213
f 2256/2133/214 2257/2132/214 2259/2134/214 2258/2135/214
f 2258/2135/215 2259/2134/215 2261/2136/215 2260/2137/215
f 2260/2137/216 2261/2136/216 2263/2138/216 2262/2139/216
f 2262/2139/217 2263/2138/217 2265/2140/217 2264/2141/217
f 2264/2141/218 2265/2140/218 2267/2142/218 2266/2143/218
f 2266/2143/219 2267/2142/219 2269/2144/219 2268/2145/219
f 2268/2145/220 2269/2144/220 2271/2146/220 2270/2147/220
f 2270/2147/221 2271/2146/221 2273/2148/221 2272/2149/221
f 2272/2149/222 2273/2148/222 2275/2150/222 2274/2151/222
f 2274/2151/223 2275/2150/223 2277/2152/223 2276/2153/223
f 2276/2153/224 2277/2152/224 2279/2154/224 2278/2155/224
f 2278/2155/225 2279/2154/225 2281/2156/225 2280/2157/225
f 2280/2157/226 2281/2156/226 2283/2158/226 2282/2159/226
f 2282/2159/227 2283/2158/227 2285/2160/227 2284/2161/227
f 2284/2161/228 2285/2160/228 2287/2162/228 2286/2163/228
f 2229/2164/229 2227/2165/229 2289/2166/229 2287/2167/229 2285/2168/229 2283/2169/229 2281/2170/229 2279/2171/229 2277/2172/229 2275/2173/229 2273/2174/229 2271/2175/229 2269/2176/229 2267/2177/229 2265/2178/229 2263/2179/229 2261/2180/229 2259/2181/229 2257/2182/229 2255/2183/229 2253/2184/229 2251/2185/229 2249/2186/229 2247/2187/229 2245/2188/229 2243/2189/229 2241/2190/229 2239/2191/229 2237/2192/229 2235/2193/229 2233/2194/229 2231/2195/229
f 2286/2163/230 2287/2162/230 2289/2196/230 2288/2197/230
f 2288/2197/231 2289/2196/231 2227/2198/231 2226/2199/231
f 2226/2200/232 2228/2201/232 2230/2202/232 2232/2203/232 2234/2204/232 2236/2205/232 2238/2206/232 2240/2207/232 2242/2208/232 2244/2209/232 2246/2210/232 2248/2211/232 2250/2212/232 2252/2213/232 2254/2214/232 2256/2215/232 2258/2216/232 2260/2217/232 2262/2218/232 2264/2219/232 2266/2220/232 2268/2221/232 2270/2222/232 2272/2223/232 2274/2224/232 2276/2225/232 2278/2226/232 2280/2227/232 2282/2228/232 2284/2229/232 2286/2230/232 2288/2231/232
o Cylinder.006
v 12.817398 -0.231861 1.246958
v 12.817398 16.465769 1.246958
v 12.864206 -0.231861 1.251569
v 12.864206 16.465769 1.251569
v 12.909216 -0.231861 1.265222
v 12.909216 16.465769 1.265222
v 12.950697 -0.231861 1.287394
v 12.950697 16.465769 1.287394
v 12.987056 -0.231861 1.317233
v 12.987056 16.465769 1.317233
v 13.016894 -0.231861 1.353592
v 13.016894 16.465769 1.353592
v 13.039066 -0.231861 1.395073
v 13.039066 16.465769 1.395073
v 13.052720 -0.231861 1.440082
v 13.052720 16.465769 1.440082
v 13.057330 -0.231861 1.486891
v 13.057330 16.465769 1.486891
v 13.052720 -0.231861 1.533699
v 13.052720 16.465769 1.533699
v 13.039066 -0.231861 1.578709
v 13.039066 16.465769 1.578709
v 13.016894 -0.231861 1.620190
v 13.016894 16.465769 1.620190
v 12.987056 -0.231861 1.656549
v 12.987056 16.465769 1.656549
v 12.950697 -0.231861 1.686387
v 12.950697 16.465769 1.686387
v 12.909216 -0.231861 1.708559
v 12.909216 16.465769 1.708559
v 12.864206 -0.231861 1.722213
v 12.864206 16.465769 1.722213
v 12.817398 -0.231861 1.726823
v 12.817398 16.465769 1.726823
v 12.770590 -0.231861 1.722213
v 12.770590 16.465769 1.722213
v 12.725580 -0.231861 1.708559
v 12.725580 16.465769 1.708559
v 12.684099 -0.231861 1.686387
v 12.684099 16.465769 1.686387
v 12.647740 -0.231861 1.656549
v 12.647740 16.465769 1.656549
v 12.617902 -0.231861 1.620190
v 12.617902 16.465769 1.620190
v 12.595730 -0.231861 1.578709
v 12.595730 16.465769 1.578709
v 12.582076 -0.231861 1.533699
v 12.582076 16.465769 1.533699
v 12.577466 -0.231861 1.486891
v 12.577466 16.465769 1.486891
v 12.582076 -0.231861 1.440082
v 12.582076 16.465769 1.440082
v 12.595730 -0.231861 1.395073
v 12.595730 16.465769 1.395073
v 12.617902 -0.231861 1.353592
v 12.617902 16.465769 1.353592
v 12.647740 -0.231861 1.317233
v 12.647740 16.465769 1.317233
v 12.684099 -0.231861 1.287394
v 12.684099 16.465769 1.287394
v 12.725580 -0.231861 1.265222
v 12.725580 16.465769 1.265222
v 12.770590 -0.231861 1.251569
v 12.770590 16.465769 1.251569
vn 0.0980 -0.0000 -0.9952
vn 0.2903 -0.0000 -0.9569
vn 0.4714 -0.0000 -0.8819
vn 0.6344 -0.0000 -0.7730
vn 0.7730 -0.0000 -0.6344
vn 0.8819 -0.0000 -0.4714
vn 0.9569 -0.0000 -0.2903
vn 0.9952 -0.0000 -0.0980
vn 0.9952 -0.0000 0.0980
vn 0.9569 -0.0000 0.2903
vn 0.8819 -0.0000 0.4714
vn 0.7730 -0.0000 0.6344
vn 0.6344 -0.0000 0.7730
vn 0.4714 -0.0000 0.8819
vn 0.2903 -0.0000 0.9569
vn 0.0980 -0.0000 0.9952
vn -0.0980 -0.0000 0.9952
vn -0.2903 -0.0000 0.9569
vn -0.4714 -0.0000 0.8819
vn -0.6344 -0.0000 0.7730
vn -0.7730 -0.0000 0.6344
vn -0.8819 -0.0000 0.4714
vn -0.9569 -0.0000 0.2903
vn -0.9952 -0.0000 0.0980
vn -0.9952 -0.0000 -0.0980
vn -0.9569 -0.0000 -0.2903
vn -0.8819 -0.0000 -0.4714
vn -0.7730 -0.0000 -0.6344
vn -0.6344 -0.0000 -0.7730
vn -0.4714 -0.0000 -0.8819
vn -0.0000 1.0000 -0.0000
vn -0.2903 -0.0000 -0.9569
vn -0.0980 -0.0000 -0.9952
vn -0.0000 -1.0000 -0.0000
vt 1.000000 0.500000
vt 1.000000 1.000000
vt 0.968750 1.000000
vt 0.968750 0.500000
vt 0.937500 1.000000
vt 0.937500 0.500000
vt 0.906250 1.000000
vt 0.906250 0.500000
vt 0.875000 1.000000
vt 0.875000 0.500000
vt 0.843750 1.000000
vt 0.843750 0.500000
vt 0.812500 1.000000
vt 0.812500 0.500000
vt 0.781250 1.000000
vt 0.781250 0.500000
vt 0.750000 1.000000
vt 0.750000 0.500000
vt 0.718750 1.000000
vt 0.718750 0.500000
vt 0.687500 1.000000
vt 0.687500 0.500000
vt 0.656250 1.000000
vt 0.656250 0.500000
vt 0.625000 1.000000
vt 0.625000 0.500000
vt 0.593750 1.000000
vt 0.593750 0.500000
vt 0.562500 1.000000
vt 0.562500 0.500000
vt 0.531250 1.000000
vt 0.531250 0.500000
vt 0.500000 1.000000
vt 0.500000 0.500000
vt 0.468750 1.000000
vt 0.468750 0.500000
vt 0.437500 1.000000
vt 0.437500 0.500000
vt 0.406250 1.000000
vt 0.406250 0.500000
vt 0.375000 1.000000
vt 0.375000 0.500000
vt 0.343750 1.000000
vt 0.343750 0.500000
vt 0.312500 1.000000
vt 0.312500 0.500000
vt 0.281250 1.000000
vt 0.281250 0.500000
vt 0.250000 1.000000
vt 0.250000 0.500000
vt 0.218750 1.000000
vt 0.218750 0.500000
vt 0.187500 1.000000
vt 0.187500 0.500000
vt 0.156250 1.000000
vt 0.156250 0.500000
vt 0.125000 1.000000
vt 0.125000 0.500000
vt 0.093750 1.000000
vt 0.093750 0.500000
vt 0.062500 1.000000
vt 0.062500 0.500000
vt 0.296822 0.485388
vt 0.250000 0.490000
vt 0.203178 0.485388
vt 0.158156 0.471731
vt 0.116663 0.449553
vt 0.080294 0.419706
vt 0.050447 0.383337
vt 0.028269 0.341844
vt 0.014612 0.296822
vt 0.010000 0.250000
vt 0.014612 0.203178
vt 0.028269 0.158156
vt 0.050447 0.116663
vt 0.080294 0.080294
vt 0.116663 0.050447
vt 0.158156 0.028269
vt 0.203178 0.014612
vt 0.250000 0.010000
vt 0.296822 0.014612
vt 0.341844 0.028269
vt 0.383337 0.050447
vt 0.419706 0.080294
vt 0.449553 0.116663
vt 0.471731 0.158156
vt 0.485388 0.203178
vt 0.490000 0.250000
vt 0.485388 0.296822
vt 0.471731 0.341844
vt 0.449553 0.383337
vt 0.419706 0.419706
vt 0.383337 0.449553
vt 0.341844 0.471731
vt 0.031250 1.000000
vt 0.031250 0.500000
vt 0.000000 1.000000
vt 0.000000 0.500000
vt 0.750000 0.490000
vt 0.796822 0.485388
vt 0.841844 0.471731
vt 0.883337 0.449553
vt 0.919706 0.419706
vt 0.949553 0.383337
vt 0.971731 0.341844
vt 0.985388 0.296822
vt 0.990000 0.250000
vt 0.985388 0.203178
vt 0.971731 0.158156
vt 0.949553 0.116663
vt 0.919706 0.080294
vt 0.883337 0.050447
vt 0.841844 0.028269
vt 0.796822 0.014612
vt 0.750000 0.010000
vt 0.703178 0.014612
vt 0.658156 0.028269
vt 0.616663 0.050447
vt 0.580294 0.080294
vt 0.550447 0.116663
vt 0.528269 0.158156
vt 0.514612 0.203178
vt 0.510000 0.250000
vt 0.514612 0.296822
vt 0.528269 0.341844
vt 0.550447 0.383337
vt 0.580294 0.419706
vt 0.616663 0.449553
vt 0.658156 0.471731
vt 0.703178 0.485388
s 0
f 2290/2232/233 2291/2233/233 2293/2234/233 2292/2235/233
f 2292/2235/234 2293/2234/234 2295/2236/234 2294/2237/234
f 2294/2237/235 2295/2236/235 2297/2238/235 2296/2239/235
f 2296/2239/236 2297/2238/236 2299/2240/236 2298/2241/236
f 2298/2241/237 2299/2240/237 2301/2242/237 2300/2243/237
f 2300/2243/238 2301/2242/238 2303/2244/238 2302/2245/238
f 2302/2245/239 2303/2244/239 2305/2246/239 2304/2247/239
f 2304/2247/240 2305/2246/240 2307/2248/240 2306/2249/240
f 2306/2249/241 2307/2248/241 2309/2250/241 2308/2251/241
f 2308/2251/242 2309/2250/242 2311/2252/242 2310/2253/242
f 2310/2253/243 2311/2252/243 2313/2254/243 2312/2255/243
f 2312/2255/244 2313/2254/244 2315/2256/244 2314/2257/244
f 2314/2257/245 2315/2256/245 2317/2258/245 2316/2259/245
f 2316/2259/246 2317/2258/246 2319/2260/246 2318/2261/246
f 2318/2261/247 2319/2260/247 2321/2262/247 2320/2263/247
f 2320/2263/248 2321/2262/248 2323/2264/248 2322/2265/248
f 2322/2265/249 2323/2264/249 2325/2266/249 2324/2267/249
f 2324/2267/250 2325/2266/250 2327/2268/250 2326/2269/250
f 2326/2269/251 2327/2268/251 2329/2270/251 2328/2271/251
f 2328/2271/252 2329/2270/252 2331/2272/252 2330/2273/252
f 2330/2273/253 2331/2272/253 2333/2274/253 2332/2275/253
f 2332/2275/254 2333/2274/254 2335/2276/254 2334/2277/254
f 2334/2277/255 2335/2276/255 2337/2278/255 2336/2279/255
f 2336/2279/256 2337/2278/256 2339/2280/256 2338/2281/256
f 2338/2281/257 2339/2280/257 2341/2282/257 2340/2283/257
f 2340/2283/258 2341/2282/258 2343/2284/258 2342/2285/258
f 2342/2285/259 2343/2284/259 2345/2286/259 2344/2287/259
f 2344/2287/260 2345/2286/260 2347/2288/260 2346/2289/260
f 2346/2289/261 2347/2288/261 2349/2290/261 2348/2291/261
f 2348/2291/262 2349/2290/262 2351/2292/262 2350/2293/262
f 2293/2294/263 2291/2295/263 2353/2296/263 2351/2297/263 2349/2298/263 2347/2299/263 2345/2300/263 2343/2301/263 2341/2302/263 2339/2303/263 2337/2304/263 2335/2305/263 2333/2306/263 2331/2307/263 2329/2308/263 2327/2309/263 2325/2310/263 2323/2311/263 2321/2312/263 2319/2313/263 2317/2314/263 2315/2315/263 2313/2316/263 2311/2317/263 2309/2318/263 2307/2319/263 2305/2320/263 2303/2321/263 2301/2322/263 2299/2323/263 2297/2324/263 2295/2325/263
f 2350/2293/264 2351/2292/264 2353/2326/264 2352/2327/264
f 2352/2327/265 2353/2326/265 2291/2328/265 2290/2329/265
f 2290/2330/266 2292/2331/266 2294/2332/266 2296/2333/266 2298/2334/266 2300/2335/266 2302/2336/266 2304/2337/266 2306/2338/266 2308/2339/266 2310/2340/266 2312/2341/266 2314/2342/266 2316/2343/266 2318/2344/266 2320/2345/266 2322/2346/266 2324/2347/266 2326/2348/266 2328/2349/266 2330/2350/266 2332/2351/266 2334/2352/266 2336/2353/266 2338/2354/266 2340/2355/266 2342/2356/266 2344/2357/266 2346/2358/266 2348/2359/266 2350/2360/266 2352/2361/266
o Cylinder.007
v 12.817398 -0.231861 -3.025780
v 12.817398 16.465769 -3.025780
v 12.864206 -0.231861 -3.021170
v 12.864206 16.465769 -3.021170
v 12.909216 -0.231861 -3.007516
v 12.909216 16.465769 -3.007516
v 12.950697 -0.231861 -2.985344
v 12.950697 16.465769 -2.985344
v 12.987056 -0.231861 -2.955506
v 12.987056 16.465769 -2.955506
v 13.016894 -0.231861 -2.919147
v 13.016894 16.465769 -2.919147
v 13.039066 -0.231861 -2.877666
v 13.039066 16.465769 -2.877666
v 13.052720 -0.231861 -2.832656
v 13.052720 16.465769 -2.832656
v 13.057330 -0.231861 -2.785848
v 13.057330 16.465769 -2.785848
v 13.052720 -0.231861 -2.739039
v 13.052720 16.465769 -2.739039
v 13.039066 -0.231861 -2.694030
v 13.039066 16.465769 -2.694030
v 13.016894 -0.231861 -2.652549
v 13.016894 16.465769 -2.652549
v 12.987056 -0.231861 -2.616190
v 12.987056 16.465769 -2.616190
v 12.950697 -0.231861 -2.586351
v 12.950697 16.465769 -2.586351
v 12.909216 -0.231861 -2.564179
v 12.909216 16.465769 -2.564179
v 12.864206 -0.231861 -2.550526
v 12.864206 16.465769 -2.550526
v 12.817398 -0.231861 -2.545916
v 12.817398 16.465769 -2.545916
v 12.770590 -0.231861 -2.550526
v 12.770590 16.465769 -2.550526
v 12.725580 -0.231861 -2.564179
v 12.725580 16.465769 -2.564179
v 12.684099 -0.231861 -2.586351
v 12.684099 16.465769 -2.586351
v 12.647740 -0.231861 -2.616190
v 12.647740 16.465769 -2.616190
v 12.617902 -0.231861 -2.652549
v 12.617902 16.465769 -2.652549
v 12.595730 -0.231861 -2.694030
v 12.595730 16.465769 -2.694030
v 12.582076 -0.231861 -2.739039
v 12.582076 16.465769 -2.739039
v 12.577466 -0.231861 -2.785848
v 12.577466 16.465769 -2.785848
v 12.582076 -0.231861 -2.832656
v 12.582076 16.465769 -2.832656
v 12.595730 -0.231861 -2.877666
v 12.595730 16.465769 -2.877666
v 12.617902 -0.231861 -2.919147
v 12.617902 16.465769 -2.919147
v 12.647740 -0.231861 -2.955506
v 12.647740 16.465769 -2.955506
v 12.684099 -0.231861 -2.985344
v 12.684099 16.465769 -2.985344
v 12.725580 -0.231861 -3.007516
v 12.725580 16.465769 -3.007516
v 12.770590 -0.231861 -3.021170
v 12.770590 16.465769 -3.021170
vn 0.0980 -0.0000 -0.9952
vn 0.2903 -0.0000 -0.9569
vn 0.4714 -0.0000 -0.8819
vn 0.6344 -0.0000 -0.7730
vn 0.7730 -0.0000 -0.6344
vn 0.8819 -0.0000 -0.4714
vn 0.9569 -0.0000 -0.2903
vn 0.9952 -0.0000 -0.0980
vn 0.9952 -0.0000 0.0980
vn 0.9569 -0.0000 0.2903
vn 0.8819 -0.0000 0.4714
vn 0.7730 -0.0000 0.6344
vn 0.6344 -0.0000 0.7730
vn 0.4714 -0.0000 0.8819
vn 0.2903 -0.0000 0.9569
vn 0.0980 -0.0000 0.9952
vn -0.0980 -0.0000 0.9952
vn -0.2903 -0.0000 0.9569
vn -0.4714 -0.0000 0.8819
vn -0.6344 -0.0000 0.7730
vn -0.7730 -0.0000 0.6344
vn -0.8819 -0.0000 0.4714
vn -0.9569 -0.0000 0.2903
vn -0.9952 -0.0000 0.0980
vn -0.9952 -0.0000 -0.0980
vn -0.9569 -0.0000 -0.2903
vn -0.8819 -0.0000 -0.4714
vn -0.7730 -0.0000 -0.6344
vn -0.6344 -0.0000 -0.7730
vn -0.4714 -0.0000 -0.8819
vn -0.0000 1.0000 -0.0000
vn -0.2903 -0.0000 -0.9569
vn -0.0980 -0.0000 -0.9952
vn -0.0000 -1.0000 -0.0000
vt 1.000000 0.500000
vt 1.000000 1.000000
vt 0.968750 1.000000
vt 0.968750 0.500000
vt 0.937500 1.000000
vt 0.937500 0.500000
vt 0.906250 1.000000
vt 0.906250 0.500000
vt 0.875000 1.000000
vt 0.875000 0.500000
vt 0.843750 1.000000
vt 0.843750 0.500000
vt 0.812500 1.000000
vt 0.812500 0.500000
vt 0.781250 1.000000
vt 0.781250 0.500000
vt 0.750000 1.000000
vt 0.750000 0.500000
vt 0.718750 1.000000
vt 0.718750 0.500000
vt 0.687500 1.000000
vt 0.687500 0.500000
vt 0.656250 1.000000
vt 0.656250 0.500000
vt 0.625000 1.000000
vt 0.625000 0.500000
vt 0.593750 1.000000
vt 0.593750 0.500000
vt 0.562500 1.000000
vt 0.562500 0.500000
vt 0.531250 1.000000
vt 0.531250 0.500000
vt 0.500000 1.000000
vt 0.500000 0.500000
vt 0.468750 1.000000
vt 0.468750 0.500000
vt 0.437500 1.000000
vt 0.437500 0.500000
vt 0.406250 1.000000
vt 0.406250 0.500000
vt 0.375000 1.000000
vt 0.375000 0.500000
vt 0.343750 1.000000
vt 0.343750 0.500000
vt 0.312500 1.000000
vt 0.312500 0.500000
vt 0.281250 1.000000
vt 0.281250 0.500000
vt 0.250000 1.000000
vt 0.250000 0.500000
vt 0.218750 1.000000
vt 0.218750 0.500000
vt 0.187500 1.000000
vt 0.187500 0.500000
vt 0.156250 1.000000
vt 0.156250 0.500000
vt 0.125000 1.000000
vt 0.125000 0.500000
vt 0.093750 1.000000
vt 0.093750 0.500000
vt 0.062500 1.000000
vt 0.062500 0.500000
vt 0.296822 0.485388
vt 0.250000 0.490000
vt 0.203178 0.485388
vt 0.158156 0.471731
vt 0.116663 0.449553
vt 0.080294 0.419706
vt 0.050447 0.383337
vt 0.028269 0.341844
vt 0.014612 0.296822
vt 0.010000 0.250000
vt 0.014612 0.203178
vt 0.028269 0.158156
vt 0.050447 0.116663
vt 0.080294 0.080294
vt 0.116663 0.050447
vt 0.158156 0.028269
vt 0.203178 0.014612
vt 0.250000 0.010000
vt 0.296822 0.014612
vt 0.341844 0.028269
vt 0.383337 0.050447
vt 0.419706 0.080294
vt 0.449553 0.116663
vt 0.471731 0.158156
vt 0.485388 0.203178
vt 0.490000 0.250000
vt 0.485388 0.296822
vt 0.471731 0.341844
vt 0.449553 0.383337
vt 0.419706 0.419706
vt 0.383337 0.449553
vt 0.341844 0.471731
vt 0.031250 1.000000
vt 0.031250 0.500000
vt 0.000000 1.000000
vt 0.000000 0.500000
vt 0.750000 0.490000
vt 0.796822 0.485388
vt 0.841844 0.471731
vt 0.883337 0.449553
vt 0.919706 0.419706
vt 0.949553 0.383337
vt 0.971731 0.341844
vt 0.985388 0.296822
vt 0.990000 0.250000
vt 0.985388 0.203178
vt 0.971731 0.158156
vt 0.949553 0.116663
vt 0.919706 0.080294
vt 0.883337 0.050447
vt 0.841844 0.028269
vt 0.796822 0.014612
vt 0.750000 0.010000
vt 0.703178 0.014612
vt 0.658156 0.028269
vt 0.616663 0.050447
vt 0.580294 0.080294
vt 0.550447 0.116663
vt 0.528269 0.158156
vt 0.514612 0.203178
vt 0.510000 0.250000
vt 0.514612 0.296822
vt 0.528269 0.341844
vt 0.550447 0.383337
vt 0.580294 0.419706
vt 0.616663 0.449553
vt 0.658156 0.471731
vt 0.703178 0.485388
s 0
f 2354/2362/267 2355/2363/267 2357/2364/267 2356/2365/267
f 2356/2365/268 2357/2364/268 2359/2366/268 2358/2367/268
f 2358/2367/269 2359/2366/269 2361/2368/269 2360/2369/269
f 2360/2369/270 2361/2368/270 2363/2370/270 2362/2371/270
f 2362/2371/271 2363/2370/271 2365/2372/271 2364/2373/271
f 2364/2373/272 2365/2372/272 2367/2374/272 2366/2375/272
f 2366/2375/273 2367/2374/273 2369/2376/273 2368/2377/273
f 2368/2377/274 2369/2376/274 2371/2378/274 2370/2379/274
f 2370/2379/275 2371/2378/275 2373/2380/275 2372/2381/275
f 2372/2381/276 2373/2380/276 2375/2382/276 2374/2383/276
f 2374/2383/277 2375/2382/277 2377/2384/277 2376/2385/277
f 2376/2385/278 2377/2384/278 2379/2386/278 2378/2387/278
f 2378/2387/279 2379/2386/279 2381/2388/279 2380/2389/279
f 2380/2389/280 2381/2388/280 2383/2390/280 2382/2391/280
f 2382/2391/281 2383/2390/281 2385/2392/281 2384/2393/281
f 2384/2393/282 2385/2392/282 2387/2394/282 2386/2395/282
f 2386/2395/283 2387/2394/283 2389/2396/283 2388/2397/283
f 2388/2397/284 2389/2396/284 2391/2398/284 2390/2399/284
f 2390/2399/285 2391/2398/285 2393/2400/285 2392/2401/285
f 2392/2401/286 2393/2400/286 2395/2402/286 2394/2403/286
f 2394/2403/287 2395/2402/287 2397/2404/287 2396/2405/287
f 2396/2405/288 2397/2404/288 2399/2406/288 2398/2407/288
f 2398/2407/289 2399/2406/289 2401/2408/289 2400/2409/289
f 2400/2409/290 2401/2408/290 2403/2410/290 2402/2411/290
f 2402/2411/291 2403/2410/291 2405/2412/291 2404/2413/291
f 2404/2413/292 2405/2412/292 2407/2414/292 2406/2415/292
f 2406/2415/293 2407/2414/293 2409/2416/293 2408/2417/293
f 2408/2417/294 2409/2416/294 2411/2418/294 2410/2419/294
f 2410/2419/295 2411/2418/295 2413/2420/295 2412/2421/295
f 2412/2421/296 2413/2420/296 2415/2422/296 2414/2423/296
f 2357/2424/297 2355/2425/297 2417/2426/297 2415/2427/297 2413/2428/297 2411/2429/297 2409/2430/297 2407/2431/297 2405/2432/297 2403/2433/297 2401/2434/297 2399/2435/297 2397/2436/297 2395/2437/297 2393/2438/297 2391/2439/297 2389/2440/297 2387/2441/297 2385/2442/297 2383/2443/297 2381/2444/297 2379/2445/297 2377/2446/297 2375/2447/297 2373/2448/297 2371/2449/297 2369/2450/297 2367/2451/297 2365/2452/297 2363/2453/297 2361/2454/297 2359/2455/297
f 2414/2423/298 2415/2422/298 2417/2456/298 2416/2457/298
f 2416/2457/299 2417/2456/299 2355/2458/299 2354/2459/299
f 2354/2460/300 2356/2461/300 2358/2462/300 2360/2463/300 2362/2464/300 2364/2465/300 2366/2466/300 2368/2467/300 2370/2468/300 2372/2469/300 2374/2470/300 2376/2471/300 2378/2472/300 2380/2473/300 2382/2474/300 2384/2475/300 2386/2476/300 2388/2477/300 2390/2478/300 2392/2479/300 2394/2480/300 2396/2481/300 2398/2482/300 2400/2483/300 2402/2484/300 2404/2485/300 2406/2486/300 2408/2487/300 2410/2488/300 2412/2489/300 2414/2490/300 2416/2491/300
o Cylinder.008
v 12.817398 -0.231861 -4.136438
v 12.817398 16.465769 -4.136438
v 12.864206 -0.231861 -4.131828
v 12.864206 16.465769 -4.131828
v 12.909216 -0.231861 -4.118175
v 12.909216 16.465769 -4.118175
v 12.950697 -0.231861 -4.096003
v 12.950697 16.465769 -4.096003
v 12.987056 -0.231861 -4.066164
v 12.987056 16.465769 -4.066164
v 13.016894 -0.231861 -4.029805
v 13.016894 16.465769 -4.029805
v 13.039066 -0.231861 -3.988324
v 13.039066 16.465769 -3.988324
v 13.052720 -0.231861 -3.943315
v 13.052720 16.465769 -3.943315
v 13.057330 -0.231861 -3.896506
v 13.057330 16.465769 -3.896506
v 13.052720 -0.231861 -3.849698
v 13.052720 16.465769 -3.849698
v 13.039066 -0.231861 -3.804688
v 13.039066 16.465769 -3.804688
v 13.016894 -0.231861 -3.763207
v 13.016894 16.465769 -3.763207
v 12.987056 -0.231861 -3.726848
v 12.987056 16.465769 -3.726848
v 12.950697 -0.231861 -3.697010
v 12.950697 16.465769 -3.697010
v 12.909216 -0.231861 -3.674838
v 12.909216 16.465769 -3.674838
v 12.864206 -0.231861 -3.661184
v 12.864206 16.465769 -3.661184
v 12.817398 -0.231861 -3.656574
v 12.817398 16.465769 -3.656574
v 12.770590 -0.231861 -3.661184
v 12.770590 16.465769 -3.661184
v 12.725580 -0.231861 -3.674838
v 12.725580 16.465769 -3.674838
v 12.684099 -0.231861 -3.697010
v 12.684099 16.465769 -3.697010
v 12.647740 -0.231861 -3.726848
v 12.647740 16.465769 -3.726848
v 12.617902 -0.231861 -3.763207
v 12.617902 16.465769 -3.763207
v 12.595730 -0.231861 -3.804688
v 12.595730 16.465769 -3.804688
v 12.582076 -0.231861 -3.849698
v 12.582076 16.465769 -3.849698
v 12.577466 -0.231861 -3.896506
v 12.577466 16.465769 -3.896506
v 12.582076 -0.231861 -3.943315
v 12.582076 16.465769 -3.943315
v 12.595730 -0.231861 -3.988324
v 12.595730 16.465769 -3.988324
v 12.617902 -0.231861 -4.029805
v 12.617902 16.465769 -4.029805
v 12.647740 -0.231861 -4.066164
v 12.647740 16.465769 -4.066164
v 12.684099 -0.231861 -4.096003
v 12.684099 16.465769 -4.096003
v 12.725580 -0.231861 -4.118175
v 12.725580 16.465769 -4.118175
v 12.770590 -0.231861 -4.131828
v 12.770590 16.465769 -4.131828
vn 0.0980 -0.0000 -0.9952
vn 0.2903 -0.0000 -0.9569
vn 0.4714 -0.0000 -0.8819
vn 0.6344 -0.0000 -0.7730
vn 0.7730 -0.0000 -0.6344
vn 0.8819 -0.0000 -0.4714
vn 0.9569 -0.0000 -0.2903
vn 0.9952 -0.0000 -0.0980
vn 0.9952 -0.0000 0.0980
vn 0.9569 -0.0000 0.2903
vn 0.8819 -0.0000 0.4714
vn 0.7730 -0.0000 0.6344
vn 0.6344 -0.0000 0.7730
vn 0.4714 -0.0000 0.8819
vn 0.2903 -0.0000 0.9569
vn 0.0980 -0.0000 0.9952
vn -0.0980 -0.0000 0.9952
vn -0.2903 -0.0000 0.9569
vn -0.4714 -0.0000 0.8819
vn -0.6344 -0.0000 0.7730
vn -0.7730 -0.0000 0.6344
vn -0.8819 -0.0000 0.4714
vn -0.9569 -0.0000 0.2903
vn -0.9952 -0.0000 0.0980
vn -0.9952 -0.0000 -0.0980
vn -0.9569 -0.0000 -0.2903
vn -0.8819 -0.0000 -0.4714
vn -0.7730 -0.0000 -0.6344
vn -0.6344 -0.0000 -0.7730
vn -0.4714 -0.0000 -0.8819
vn -0.0000 1.0000 -0.0000
vn -0.2903 -0.0000 -0.9569
vn -0.0980 -0.0000 -0.9952
vn -0.0000 -1.0000 -0.0000
vt 1.000000 0.500000
vt 1.000000 1.000000
vt 0.968750 1.000000
vt 0.968750 0.500000
vt 0.937500 1.000000
vt 0.937500 0.500000
vt 0.906250 1.000000
vt 0.906250 0.500000
vt 0.875000 1.000000
vt 0.875000 0.500000
vt 0.843750 1.000000
vt 0.843750 0.500000
vt 0.812500 1.000000
vt 0.812500 0.500000
vt 0.781250 1.000000
vt 0.781250 0.500000
vt 0.750000 1.000000
vt 0.750000 0.500000
vt 0.718750 1.000000
vt 0.718750 0.500000
vt 0.687500 1.000000
vt 0.687500 0.500000
vt 0.656250 1.000000
vt 0.656250 0.500000
vt 0.625000 1.000000
vt 0.625000 0.500000
vt 0.593750 1.000000
vt 0.593750 0.500000
vt 0.562500 1.000000
vt 0.562500 0.500000
vt 0.531250 1.000000
vt 0.531250 0.500000
vt 0.500000 1.000000
vt 0.500000 0.500000
vt 0.468750 1.000000
vt 0.468750 0.500000
vt 0.437500 1.000000
vt 0.437500 0.500000
vt 0.406250 1.000000
vt 0.406250 0.500000
vt 0.375000 1.000000
vt 0.375000 0.500000
vt 0.343750 1.000000
vt 0.343750 0.500000
vt 0.312500 1.000000
vt 0.312500 0.500000
vt 0.281250 1.000000
vt 0.281250 0.500000
vt 0.250000 1.000000
vt 0.250000 0.500000
vt 0.218750 1.000000
vt 0.218750 0.500000
vt 0.187500 1.000000
vt 0.187500 0.500000
vt 0.156250 1.000000
vt 0.156250 0.500000
vt 0.125000 1.000000
vt 0.125000 0.500000
vt 0.093750 1.000000
vt 0.093750 0.500000
vt 0.062500 1.000000
vt 0.062500 0.500000
vt 0.296822 0.485388
vt 0.250000 0.490000
vt 0.203178 0.485388
vt 0.158156 0.471731
vt 0.116663 0.449553
vt 0.080294 0.419706
vt 0.050447 0.383337
vt 0.028269 0.341844
vt 0.014612 0.296822
vt 0.010000 0.250000
vt 0.014612 0.203178
vt 0.028269 0.158156
vt 0.050447 0.116663
vt 0.080294 0.080294
vt 0.116663 0.050447
vt 0.158156 0.028269
vt 0.203178 0.014612
vt 0.250000 0.010000
vt 0.296822 0.014612
vt 0.341844 0.028269
vt 0.383337 0.050447
vt 0.419706 0.080294
vt 0.449553 0.116663
vt 0.471731 0.158156
vt 0.485388 0.203178
vt 0.490000 0.250000
vt 0.485388 0.296822
vt 0.471731 0.341844
vt 0.449553 0.383337
vt 0.419706 0.419706
vt 0.383337 0.449553
vt 0.341844 0.471731
vt 0.031250 1.000000
vt 0.031250 0.500000
vt 0.000000 1.000000
vt 0.000000 0.500000
vt 0.750000 0.490000
vt 0.796822 0.485388
vt 0.841844 0.471731
vt 0.883337 0.449553
vt 0.919706 0.419706
vt 0.949553 0.383337
vt 0.971731 0.341844
vt 0.985388 0.296822
vt 0.990000 0.250000
vt 0.985388 0.203178
vt 0.971731 0.158156
vt 0.949553 0.116663
vt 0.919706 0.080294
vt 0.883337 0.050447
vt 0.841844 0.028269
vt 0.796822 0.014612
vt 0.750000 0.010000
vt 0.703178 0.014612
vt 0.658156 0.028269
vt 0.616663 0.050447
vt 0.580294 0.080294
vt 0.550447 0.116663
vt 0.528269 0.158156
vt 0.514612 0.203178
vt 0.510000 0.250000
vt 0.514612 0.296822
vt 0.528269 0.341844
vt 0.550447 0.383337
vt 0.580294 0.419706
vt 0.616663 0.449553
vt 0.658156 0.471731
vt 0.703178 0.485388
s 0
f 2418/2492/301 2419/2493/301 2421/2494/301 2420/2495/301
f 2420/2495/302 2421/2494/302 2423/2496/302 2422/2497/302
f 2422/2497/303 2423/2496/303 2425/2498/303 2424/2499/303
f 2424/2499/304 2425/2498/304 2427/2500/304 2426/2501/304
f 2426/2501/305 2427/2500/305 2429/2502/305 2428/2503/305
f 2428/2503/306 2429/2502/306 2431/2504/306 2430/2505/306
f 2430/2505/307 2431/2504/307 2433/2506/307 2432/2507/307
f 2432/2507/308 2433/2506/308 2435/2508/308 2434/2509/308
f 2434/2509/309 2435/2508/309 2437/2510/309 2436/2511/309
f 2436/2511/310 2437/2510/310 2439/2512/310 2438/2513/310
f 2438/2513/311 2439/2512/311 2441/2514/311 2440/2515/311
f 2440/2515/312 2441/2514/312 2443/2516/312 2442/2517/312
f 2442/2517/313 2443/2516/313 2445/2518/313 2444/2519/313
f 2444/2519/314 2445/2518/314 2447/2520/314 2446/2521/314
f 2446/2521/315 2447/2520/315 2449/2522/315 2448/2523/315
f 2448/2523/316 2449/2522/316 2451/2524/316 2450/2525/316
f 2450/2525/317 2451/2524/317 2453/2526/317 2452/2527/317
f 2452/2527/318 2453/2526/318 2455/2528/318 2454/2529/318
f 2454/2529/319 2455/2528/319 2457/2530/319 2456/2531/319
f 2456/2531/320 2457/2530/320 2459/2532/320 2458/2533/320
f 2458/2533/321 2459/2532/321 2461/2534/321 2460/2535/321
f 2460/2535/322 2461/2534/322 2463/2536/322 2462/2537/322
f 2462/2537/323 2463/2536/323 2465/2538/323 2464/2539/323
f 2464/2539/324 2465/2538/324 2467/2540/324 2466/2541/324
f 2466/2541/325 2467/2540/325 2469/2542/325 2468/2543/325
f 2468/2543/326 2469/2542/326 2471/2544/326 2470/2545/326
f 2470/2545/327 2471/2544/327 2473/2546/327 2472/2547/327
f 2472/2547/328 2473/2546/328 2475/2548/328 2474/2549/328
f 2474/2549/329 2475/2548/329 2477/2550/329 2476/2551/329
f 2476/2551/330 2477/2550/330 2479/2552/330 2478/2553/330
f 2421/2554/331 2419/2555/331 2481/2556/331 2479/2557/331 2477/2558/331 2475/2559/331 2473/2560/331 2471/2561/331 2469/2562/331 2467/2563/331 2465/2564/331 2463/2565/331 2461/2566/331 2459/2567/331 2457/2568/331 2455/2569/331 2453/2570/331 2451/2571/331 2449/2572/331 2447/2573/331 2445/2574/331 2443/2575/331 2441/2576/331 2439/2577/331 2437/2578/331 2435/2579/331 2433/2580/331 2431/2581/331 2429/2582/331 2427/2583/331 2425/2584/331 2423/2585/331
f 2478/2553/332 2479/2552/332 2481/2586/332 2480/2587/332
f 2480/2587/333 2481/2586/333 2419/2588/333 2418/2589/333
f 2418/2590/334 2420/2591/334 2422/2592/334 2424/2593/334 2426/2594/334 2428/2595/334 2430/2596/334 2432/2597/334 2434/2598/334 2436/2599/334 2438/2600/334 2440/2601/334 2442/2602/334 2444/2603/334 2446/2604/334 2448/2605/334 2450/2606/334 2452/2607/334 2454/2608/334 2456/2609/334 2458/2610/334 2460/2611/334 2462/2612/334 2464/2613/334 2466/2614/334 2468/2615/334 2470/2616/334 2472/2617/334 2474/2618/334 2476/2619/334 2478/2620/334 2480/2621/334
o Cylinder.009
v 12.817398 -0.231861 -5.260759
v 12.817398 16.465769 -5.260759
v 12.864206 -0.231861 -5.256149
v 12.864206 16.465769 -5.256149
v 12.909216 -0.231861 -5.242496
v 12.909216 16.465769 -5.242496
v 12.950697 -0.231861 -5.220324
v 12.950697 16.465769 -5.220324
v 12.987056 -0.231861 -5.190485
v 12.987056 16.465769 -5.190485
v 13.016894 -0.231861 -5.154127
v 13.016894 16.465769 -5.154127
v 13.039066 -0.231861 -5.112646
v 13.039066 16.465769 -5.112646
v 13.052720 -0.231861 -5.067636
v 13.052720 16.465769 -5.067636
v 13.057330 -0.231861 -5.020827
v 13.057330 16.465769 -5.020827
v 13.052720 -0.231861 -4.974019
v 13.052720 16.465769 -4.974019
v 13.039066 -0.231861 -4.929009
v 13.039066 16.465769 -4.929009
v 13.016894 -0.231861 -4.887528
v 13.016894 16.465769 -4.887528
v 12.987056 -0.231861 -4.851170
v 12.987056 16.465769 -4.851170
v 12.950697 -0.231861 -4.821331
v 12.950697 16.465769 -4.821331
v 12.909216 -0.231861 -4.799159
v 12.909216 16.465769 -4.799159
v 12.864206 -0.231861 -4.785505
v 12.864206 16.465769 -4.785505
v 12.817398 -0.231861 -4.780895
v 12.817398 16.465769 -4.780895
v 12.770590 -0.231861 -4.785505
v 12.770590 16.465769 -4.785505
v 12.725580 -0.231861 -4.799159
v 12.725580 16.465769 -4.799159
v 12.684099 -0.231861 -4.821331
v 12.684099 16.465769 -4.821331
v 12.647740 -0.231861 -4.851170
v 12.647740 16.465769 -4.851170
v 12.617902 -0.231861 -4.887528
v 12.617902 16.465769 -4.887528
v 12.595730 -0.231861 -4.929009
v 12.595730 16.465769 -4.929009
v 12.582076 -0.231861 -4.974019
v 12.582076 16.465769 -4.974019
v 12.577466 -0.231861 -5.020827
v 12.577466 16.465769 -5.020827
v 12.582076 -0.231861 -5.067636
v 12.582076 16.465769 -5.067636
v 12.595730 -0.231861 -5.112646
v 12.595730 16.465769 -5.112646
v 12.617902 -0.231861 -5.154127
v 12.617902 16.465769 -5.154127
v 12.647740 -0.231861 -5.190485
v 12.647740 16.465769 -5.190485
v 12.684099 -0.231861 -5.220324
v 12.684099 16.465769 -5.220324
v 12.725580 -0.231861 -5.242496
v 12.725580 16.465769 -5.242496
v 12.770590 -0.231861 -5.256149
v 12.770590 16.465769 -5.256149
vn 0.0980 -0.0000 -0.9952
vn 0.2903 -0.0000 -0.9569
vn 0.4714 -0.0000 -0.8819
vn 0.6344 -0.0000 -0.7730
vn 0.7730 -0.0000 -0.6344
vn 0.8819 -0.0000 -0.4714
vn 0.9569 -0.0000 -0.2903
vn 0.9952 -0.0000 -0.0980
vn 0.9952 -0.0000 0.0980
vn 0.9569 -0.0000 0.2903
vn 0.8819 -0.0000 0.4714
vn 0.7730 -0.0000 0.6344
vn 0.6344 -0.0000 0.7730
vn 0.4714 -0.0000 0.8819
vn 0.2903 -0.0000 0.9569
vn 0.0980 -0.0000 0.9952
vn -0.0980 -0.0000 0.9952
vn -0.2903 -0.0000 0.9569
vn -0.4714 -0.0000 0.8819
vn -0.6344 -0.0000 0.7730
vn -0.7730 -0.0000 0.6344
vn -0.8819 -0.0000 0.4714
vn -0.9569 -0.0000 0.2903
vn -0.9952 -0.0000 0.0980
vn -0.9952 -0.0000 -0.0980
vn -0.9569 -0.0000 -0.2903
vn -0.8819 -0.0000 -0.4714
vn -0.7730 -0.0000 -0.6344
vn -0.6344 -0.0000 -0.7730
vn -0.4714 -0.0000 -0.8819
vn -0.0000 1.0000 -0.0000
vn -0.2903 -0.0000 -0.9569
vn -0.0980 -0.0000 -0.9952
vn -0.0000 -1.0000 -0.0000
vt 1.000000 0.500000
vt 1.000000 1.000000
vt 0.968750 1.000000
vt 0.968750 0.500000
vt 0.937500 1.000000
vt 0.937500 0.500000
vt 0.906250 1.000000
vt 0.906250 0.500000
vt 0.875000 1.000000
vt 0.875000 0.500000
vt 0.843750 1.000000
vt 0.843750 0.500000
vt 0.812500 1.000000
vt 0.812500 0.500000
vt 0.781250 1.000000
vt 0.781250 0.500000
vt 0.750000 1.000000
vt 0.750000 0.500000
vt 0.718750 1.000000
vt 0.718750 0.500000
vt 0.687500 1.000000
vt 0.687500 0.500000
vt 0.656250 1.000000
vt 0.656250 0.500000
vt 0.625000 1.000000
vt 0.625000 0.500000
vt 0.593750 1.000000
vt 0.593750 0.500000
vt 0.562500 1.000000
vt 0.562500 0.500000
vt 0.531250 1.000000
vt 0.531250 0.500000
vt 0.500000 1.000000
vt 0.500000 0.500000
vt 0.468750 1.000000
vt 0.468750 0.500000
vt 0.437500 1.000000
vt 0.437500 0.500000
vt 0.406250 1.000000
vt 0.406250 0.500000
vt 0.375000 1.000000
vt 0.375000 0.500000
vt 0.343750 1.000000
vt 0.343750 0.500000
vt 0.312500 1.000000
vt 0.312500 0.500000
vt 0.281250 1.000000
vt 0.281250 0.500000
vt 0.250000 1.000000
vt 0.250000 0.500000
vt 0.218750 1.000000
vt 0.218750 0.500000
vt 0.187500 1.000000
vt 0.187500 0.500000
vt 0.156250 1.000000
vt 0.156250 0.500000
vt 0.125000 1.000000
vt 0.125000 0.500000
vt 0.093750 1.000000
vt 0.093750 0.500000
vt 0.062500 1.000000
vt 0.062500 0.500000
vt 0.296822 0.485388
vt 0.250000 0.490000
vt 0.203178 0.485388
vt 0.158156 0.471731
vt 0.116663 0.449553
vt 0.080294 0.419706
vt 0.050447 0.383337
vt 0.028269 0.341844
vt 0.014612 0.296822
vt 0.010000 0.250000
vt 0.014612 0.203178
vt 0.028269 0.158156
vt 0.050447 0.116663
vt 0.080294 0.080294
vt 0.116663 0.050447
vt 0.158156 0.028269
vt 0.203178 0.014612
vt 0.250000 0.010000
vt 0.296822 0.014612
vt 0.341844 0.028269
vt 0.383337 0.050447
vt 0.419706 0.080294
vt 0.449553 0.116663
vt 0.471731 0.158156
vt 0.485388 0.203178
vt 0.490000 0.250000
vt 0.485388 0.296822
vt 0.471731 0.341844
vt 0.449553 0.383337
vt 0.419706 0.419706
vt 0.383337 0.449553
vt 0.341844 0.471731
vt 0.031250 1.000000
vt 0.031250 0.500000
vt 0.000000 1.000000
vt 0.000000 0.500000
vt 0.750000 0.490000
vt 0.796822 0.485388
vt 0.841844 0.471731
vt 0.883337 0.449553
vt 0.919706 0.419706
vt 0.949553 0.383337
vt 0.971731 0.341844
vt 0.985388 0.296822
vt 0.990000 0.250000
vt 0.985388 0.203178
vt 0.971731 0.158156
vt 0.949553 0.116663
vt 0.919706 0.080294
vt 0.883337 0.050447
vt 0.841844 0.028269
vt 0.796822 0.014612
vt 0.750000 0.010000
vt 0.703178 0.014612
vt 0.658156 0.028269
vt 0.616663 0.050447
vt 0.580294 0.080294
vt 0.550447 0.116663
vt 0.528269 0.158156
vt 0.514612 0.203178
vt 0.510000 0.250000
vt 0.514612 0.296822
vt 0.528269 0.341844
vt 0.550447 0.383337
vt 0.580294 0.419706
vt 0.616663 0.449553
vt 0.658156 0.471731
vt 0.703178 0.485388
s 0
f 2482/2622/335 2483/2623/335 2485/2624/335 2484/2625/335
f 2484/2625/336 2485/2624/336 2487/2626/336 2486/2627/336
f 2486/2627/337 2487/2626/337 2489/2628/337 2488/2629/337
f 2488/2629/338 2489/2628/338 2491/2630/338 2490/2631/338
f 2490/2631/339 2491/2630/339 2493/2632/339 2492/2633/339
f 2492/2633/340 2493/2632/340 2495/2634/340 2494/2635/340
f 2494/2635/341 2495/2634/341 2497/2636/341 2496/2637/341
f 2496/2637/342 2497/2636/342 2499/2638/342 2498/2639/342
f 2498/2639/343 2499/2638/343 2501/2640/343 2500/2641/343
f 2500/2641/344 2501/2640/344 2503/2642/344 2502/2643/344
f 2502/2643/345 2503/2642/345 2505/2644/345 2504/2645/345
f 2504/2645/346 2505/2644/346 2507/2646/346 2506/2647/346
f 2506/2647/347 2507/2646/347 2509/2648/347 2508/2649/347
f 2508/2649/348 2509/2648/348 2511/2650/348 2510/2651/348
f 2510/2651/349 2511/2650/349 2513/2652/349 2512/2653/349
f 2512/2653/350 2513/2652/350 2515/2654/350 2514/2655/350
f 2514/2655/351 2515/2654/351 2517/2656/351 2516/2657/351
f 2516/2657/352 2517/2656/352 2519/2658/352 2518/2659/352
f 2518/2659/353 2519/2658/353 2521/2660/353 2520/2661/353
f 2520/2661/354 2521/2660/354 2523/2662/354 2522/2663/354
f 2522/2663/355 2523/2662/355 2525/2664/355 2524/2665/355
f 2524/2665/356 2525/2664/356 2527/2666/356 2526/2667/356
f 2526/2667/357 2527/2666/357 2529/2668/357 2528/2669/357
f 2528/2669/358 2529/2668/358 2531/2670/358 2530/2671/358
f 2530/2671/359 2531/2670/359 2533/2672/359 2532/2673/359
f 2532/2673/360 2533/2672/360 2535/2674/360 2534/2675/360
f 2534/2675/361 2535/2674/361 2537/2676/361 2536/2677/361
f 2536/2677/362 2537/2676/362 2539/2678/362 2538/2679/362
f 2538/2679/363 2539/2678/363 2541/2680/363 2540/2681/363
f 2540/2681/364 2541/2680/364 2543/2682/364 2542/2683/364
f 2485/2684/365 2483/2685/365 2545/2686/365 2543/2687/365 2541/2688/365 2539/2689/365 2537/2690/365 2535/2691/365 2533/2692/365 2531/2693/365 2529/2694/365 2527/2695/365 2525/2696/365 2523/2697/365 2521/2698/365 2519/2699/365 2517/2700/365 2515/2701/365 2513/2702/365 2511/2703/365 2509/2704/365 2507/2705/365 2505/2706/365 2503/2707/365 2501/2708/365 2499/2709/365 2497/2710/365 2495/2711/365 2493/2712/365 2491/2713/365 2489/2714/365 2487/2715/365
f 2542/2683/366 2543/2682/366 2545/2716/366 2544/2717/366
f 2544/2717/367 2545/2716/367 2483/2718/367 2482/2719/367
f 2482/2720/368 2484/2721/368 2486/2722/368 2488/2723/368 2490/2724/368 2492/2725/368 2494/2726/368 2496/2727/368 2498/2728/368 2500/2729/368 2502/2730/368 2504/2731/368 2506/2732/368 2508/2733/368 2510/2734/368 2512/2735/368 2514/2736/368 2516/2737/368 2518/2738/368 2520/2739/368 2522/2740/368 2524/2741/368 2526/2742/368 2528/2743/368 2530/2744/368 2532/2745/368 2534/2746/368 2536/2747/368 2538/2748/368 2540/2749/368 2542/2750/368 2544/2751/368
o Cylinder.010
v 12.817398 -0.231861 5.703467
v 12.817398 16.465769 5.703467
v 12.864206 -0.231861 5.708077
v 12.864206 16.465769 5.708077
v 12.909216 -0.231861 5.721731
v 12.909216 16.465769 5.721731
v 12.950697 -0.231861 5.743903
v 12.950697 16.465769 5.743903
v 12.987056 -0.231861 5.773742
v 12.987056 16.465769 5.773742
v 13.016894 -0.231861 5.810100
v 13.016894 16.465769 5.810100
v 13.039066 -0.231861 5.851581
v 13.039066 16.465769 5.851581
v 13.052720 -0.231861 5.896591
v 13.052720 16.465769 5.896591
v 13.057330 -0.231861 5.943399
v 13.057330 16.465769 5.943399
v 13.052720 -0.231861 5.990208
v 13.052720 16.465769 5.990208
v 13.039066 -0.231861 6.035218
v 13.039066 16.465769 6.035218
v 13.016894 -0.231861 6.076699
v 13.016894 16.465769 6.076699
v 12.987056 -0.231861 6.113057
v 12.987056 16.465769 6.113057
v 12.950697 -0.231861 6.142896
v 12.950697 16.465769 6.142896
v 12.909216 -0.231861 6.165068
v 12.909216 16.465769 6.165068
v 12.864206 -0.231861 6.178721
v 12.864206 16.465769 6.178721
v 12.817398 -0.231861 6.183331
v 12.817398 16.465769 6.183331
v 12.770590 -0.231861 6.178721
v 12.770590 16.465769 6.178721
v 12.725580 -0.231861 6.165068
v 12.725580 16.465769 6.165068
v 12.684099 -0.231861 6.142896
v 12.684099 16.465769 6.142896
v 12.647740 -0.231861 6.113057
v 12.647740 16.465769 6.113057
v 12.617902 -0.231861 6.076699
v 12.617902 16.465769 6.076699
v 12.595730 -0.231861 6.035218
v 12.595730 16.465769 6.035218
v 12.582076 -0.231861 5.990208
v 12.582076 16.465769 5.990208
v 12.577466 -0.231861 5.943399
v 12.577466 16.465769 5.943399
v 12.582076 -0.231861 5.896591
v 12.582076 16.465769 5.896591
v 12.595730 -0.231861 5.851581
v 12.595730 16.465769 5.851581
v 12.617902 -0.231861 5.810100
v 12.617902 16.465769 5.810100
v 12.647740 -0.231861 5.773742
v 12.647740 16.465769 5.773742
v 12.684099 -0.231861 5.743903
v 12.684099 16.465769 5.743903
v 12.725580 -0.231861 5.721731
v 12.725580 16.465769 5.721731
v 12.770590 -0.231861 5.708077
v 12.770590 16.465769 5.708077
vn 0.0980 -0.0000 -0.9952
vn 0.2903 -0.0000 -0.9569
vn 0.4714 -0.0000 -0.8819
vn 0.6344 -0.0000 -0.7730
vn 0.7730 -0.0000 -0.6344
vn 0.8819 -0.0000 -0.4714
vn 0.9569 -0.0000 -0.2903
vn 0.9952 -0.0000 -0.0980
vn 0.9952 -0.0000 0.0980
vn 0.9569 -0.0000 0.2903
vn 0.8819 -0.0000 0.4714
vn 0.7730 -0.0000 0.6344
vn 0.6344 -0.0000 0.7730
vn 0.4714 -0.0000 0.8819
vn 0.2903 -0.0000 0.9569
vn 0.0980 -0.0000 0.9952
vn -0.0980 -0.0000 0.9952
vn -0.2903 -0.0000 0.9569
vn -0.4714 -0.0000 0.8819
vn -0.6344 -0.0000 0.7730
vn -0.7730 -0.0000 0.6344
vn -0.8819 -0.0000 0.4714
vn -0.9569 -0.0000 0.2903
vn -0.9952 -0.0000 0.0980
vn -0.9952 -0.0000 -0.0980
vn -0.9569 -0.0000 -0.2903
vn -0.8819 -0.0000 -0.4714
vn -0.7730 -0.0000 -0.6344
vn -0.6344 -0.0000 -0.7730
vn -0.4714 -0.0000 -0.8819
vn -0.0000 1.0000 -0.0000
vn -0.2903 -0.0000 -0.9569
vn -0.0980 -0.0000 -0.9952
vn -0.0000 -1.0000 -0.0000
vt 1.000000 0.500000
vt 1.000000 1.000000
vt 0.968750 1.000000
vt 0.968750 0.500000
vt 0.937500 1.000000
vt 0.937500 0.500000
vt 0.906250 1.000000
vt 0.906250 0.500000
vt 0.875000 1.000000
vt 0.875000 0.500000
vt 0.843750 1.000000
vt 0.843750 0.500000
vt 0.812500 1.000000
vt 0.812500 0.500000
vt 0.781250 1.000000
vt 0.781250 0.500000
vt 0.750000 1.000000
vt 0.750000 0.500000
vt 0.718750 1.000000
vt 0.718750 0.500000
vt 0.687500 1.000000
vt 0.687500 0.500000
vt 0.656250 1.000000
vt 0.656250 0.500000
vt 0.625000 1.000000
vt 0.625000 0.500000
vt 0.593750 1.000000
vt 0.593750 0.500000
vt 0.562500 1.000000
vt 0.562500 0.500000
vt 0.531250 1.000000
vt 0.531250 0.500000
vt 0.500000 1.000000
vt 0.500000 0.500000
vt 0.468750 1.000000
vt 0.468750 0.500000
vt 0.437500 1.000000
vt 0.437500 0.500000
vt 0.406250 1.000000
vt 0.406250 0.500000
vt 0.375000 1.000000
vt 0.375000 0.500000
vt 0.343750 1.000000
vt 0.343750 0.500000
vt 0.312500 1.000000
vt 0.312500 0.500000
vt 0.281250 1.000000
vt 0.281250 0.500000
vt 0.250000 1.000000
vt 0.250000 0.500000
vt 0.218750 1.000000
vt 0.218750 0.500000
vt 0.187500 1.000000
vt 0.187500 0.500000
vt 0.156250 1.000000
vt 0.156250 0.500000
vt 0.125000 1.000000
vt 0.125000 0.500000
vt 0.093750 1.000000
vt 0.093750 0.500000
vt 0.062500 1.000000
vt 0.062500 0.500000
vt 0.296822 0.485388
vt 0.250000 0.490000
vt 0.203178 0.485388
vt 0.158156 0.471731
vt 0.116663 0.449553
vt 0.080294 0.419706
vt 0.050447 0.383337
vt 0.028269 0.341844
vt 0.014612 0.296822
vt 0.010000 0.250000
vt 0.014612 0.203178
vt 0.028269 0.158156
vt 0.050447 0.116663
vt 0.080294 0.080294
vt 0.116663 0.050447
vt 0.158156 0.028269
vt 0.203178 0.014612
vt 0.250000 0.010000
vt 0.296822 0.014612
vt 0.341844 0.028269
vt 0.383337 0.050447
vt 0.419706 0.080294
vt 0.449553 0.116663
vt 0.471731 0.158156
vt 0.485388 0.203178
vt 0.490000 0.250000
vt 0.485388 0.296822
vt 0.471731 0.341844
vt 0.449553 0.383337
vt 0.419706 0.419706
vt 0.383337 0.449553
vt 0.341844 0.471731
vt 0.031250 1.000000
vt 0.031250 0.500000
vt 0.000000 1.000000
vt 0.000000 0.500000
vt 0.750000 0.490000
vt 0.796822 0.485388
vt 0.841844 0.471731
vt 0.883337 0.449553
vt 0.919706 0.419706
vt 0.949553 0.383337
vt 0.971731 0.341844
vt 0.985388 0.296822
vt 0.990000 0.250000
vt 0.985388 0.203178
vt 0.971731 0.158156
vt 0.949553 0.116663
vt 0.919706 0.080294
vt 0.883337 0.050447
vt 0.841844 0.028269
vt 0.796822 0.014612
vt 0.750000 0.010000
vt 0.703178 0.014612
vt 0.658156 0.028269
vt 0.616663 0.050447
vt 0.580294 0.080294
vt 0.550447 0.116663
vt 0.528269 0.158156
vt 0.514612 0.203178
vt 0.510000 0.250000
vt 0.514612 0.296822
vt 0.528269 0.341844
vt 0.550447 0.383337
vt 0.580294 0.419706
vt 0.616663 0.449553
vt 0.658156 0.471731
vt 0.703178 0.485388
s 0
f 2546/2752/369 2547/2753/369 2549/2754/369 2548/2755/369
f 2548/2755/370 2549/2754/370 2551/2756/370 2550/2757/370
f 2550/2757/371 2551/2756/371 2553/2758/371 2552/2759/371
f 2552/2759/372 2553/2758/372 2555/2760/372 2554/2761/372
f 2554/2761/373 2555/2760/373 2557/2762/373 2556/2763/373
f 2556/2763/374 2557/2762/374 2559/2764/374 2558/2765/374
f 2558/2765/375 2559/2764/375 2561/2766/375 2560/2767/375
f 2560/2767/376 2561/2766/376 2563/2768/376 2562/2769/376
f 2562/2769/377 2563/2768/377 2565/2770/377 2564/2771/377
f 2564/2771/378 2565/2770/378 2567/2772/378 2566/2773/378
f 2566/2773/379 2567/2772/379 2569/2774/379 2568/2775/379
f 2568/2775/380 2569/2774/380 2571/2776/380 2570/2777/380
f 2570/2777/381 2571/2776/381 2573/2778/381 2572/2779/381
f 2572/2779/382 2573/2778/382 2575/2780/382 2574/2781/382
f 2574/2781/383 2575/2780/383 2577/2782/383 2576/2783/383
f 2576/2783/384 2577/2782/384 2579/2784/384 2578/2785/384
f 2578/2785/385 2579/2784/385 2581/2786/385 2580/2787/385
f 2580/2787/386 2581/2786/386 2583/2788/386 2582/2789/386
f 2582/2789/387 2583/2788/387 2585/2790/387 2584/2791/387
f 2584/2791/388 2585/2790/388 2587/2792/388 2586/2793/388
f 2586/2793/389 2587/2792/389 2589/2794/389 2588/2795/389
f 2588/2795/390 2589/2794/390 2591/2796/390 2590/2797/390
f 2590/2797/391 2591/2796/391 2593/2798/391 2592/2799/391
f 2592/2799/392 2593/2798/392 2595/2800/392 2594/2801/392
f 2594/2801/393 2595/2800/393 2597/2802/393 2596/2803/393
f 2596/2803/394 2597/2802/394 2599/2804/394 2598/2805/394
f 2598/2805/395 2599/2804/395 2601/2806/395 2600/2807/395
f 2600/2807/396 2601/2806/396 2603/2808/396 2602/2809/396
f 2602/2809/397 2603/2808/397 2605/2810/397 2604/2811/397
f 2604/2811/398 2605/2810/398 2607/2812/398 2606/2813/398
f 2549/2814/399 2547/2815/399 2609/2816/399 2607/2817/399 2605/2818/399 2603/2819/399 2601/2820/399 2599/2821/399 2597/2822/399 2595/2823/399 2593/2824/399 2591/2825/399 2589/2826/399 2587/2827/399 2585/2828/399 2583/2829/399 2581/2830/399 2579/2831/399 2577/2832/399 2575/2833/399 2573/2834/399 2571/2835/399 2569/2836/399 2567/2837/399 2565/2838/399 2563/2839/399 2561/2840/399 2559/2841/399 2557/2842/399 2555/2843/399 2553/2844/399 2551/2845/399
f 2606/2813/400 2607/2812/400 2609/2846/400 2608/2847/400
f 2608/2847/401 2609/2846/401 2547/2848/401 2546/2849/401
f 2546/2850/402 2548/2851/402 2550/2852/402 2552/2853/402 2554/2854/402 2556/2855/402 2558/2856/402 2560/2857/402 2562/2858/402 2564/2859/402 2566/2860/402 2568/2861/402 2570/2862/402 2572/2863/402 2574/2864/402 2576/2865/402 2578/2866/402 2580/2867/402 2582/2868/402 2584/2869/402 2586/2870/402 2588/2871/402 2590/2872/402 2592/2873/402 2594/2874/402 2596/2875/402 2598/2876/402 2600/2877/402 2602/2878/402 2604/2879/402 2606/2880/402 2608/2881/402
o Cylinder.011
v 12.817398 -0.231861 4.592809
v 12.817398 16.465769 4.592809
v 12.864206 -0.231861 4.597419
v 12.864206 16.465769 4.597419
v 12.909216 -0.231861 4.611072
v 12.909216 16.465769 4.611072
v 12.950697 -0.231861 4.633245
v 12.950697 16.465769 4.633245
v 12.987056 -0.231861 4.663083
v 12.987056 16.465769 4.663083
v 13.016894 -0.231861 4.699441
v 13.016894 16.465769 4.699441
v 13.039066 -0.231861 4.740922
v 13.039066 16.465769 4.740922
v 13.052720 -0.231861 4.785933
v 13.052720 16.465769 4.785933
v 13.057330 -0.231861 4.832741
v 13.057330 16.465769 4.832741
v 13.052720 -0.231861 4.879549
v 13.052720 16.465769 4.879549
v 13.039066 -0.231861 4.924559
v 13.039066 16.465769 4.924559
v 13.016894 -0.231861 4.966040
v 13.016894 16.465769 4.966040
v 12.987056 -0.231861 5.002398
v 12.987056 16.465769 5.002398
v 12.950697 -0.231861 5.032237
v 12.950697 16.465769 5.032237
v 12.909216 -0.231861 5.054410
v 12.909216 16.465769 5.054410
v 12.864206 -0.231861 5.068063
v 12.864206 16.465769 5.068063
v 12.817398 -0.231861 5.072673
v 12.817398 16.465769 5.072673
v 12.770590 -0.231861 5.068063
v 12.770590 16.465769 5.068063
v 12.725580 -0.231861 5.054410
v 12.725580 16.465769 5.054410
v 12.684099 -0.231861 5.032237
v 12.684099 16.465769 5.032237
v 12.647740 -0.231861 5.002398
v 12.647740 16.465769 5.002398
v 12.617902 -0.231861 4.966040
v 12.617902 16.465769 4.966040
v 12.595730 -0.231861 4.924559
v 12.595730 16.465769 4.924559
v 12.582076 -0.231861 4.879549
v 12.582076 16.465769 4.879549
v 12.577466 -0.231861 4.832741
v 12.577466 16.465769 4.832741
v 12.582076 -0.231861 4.785933
v 12.582076 16.465769 4.785933
v 12.595730 -0.231861 4.740922
v 12.595730 16.465769 4.740922
v 12.617902 -0.231861 4.699441
v 12.617902 16.465769 4.699441
v 12.647740 -0.231861 4.663083
v 12.647740 16.465769 4.663083
v 12.684099 -0.231861 4.633245
v 12.684099 16.465769 4.633245
v 12.725580 -0.231861 4.611072
v 12.725580 16.465769 4.611072
v 12.770590 -0.231861 4.597419
v 12.770590 16.465769 4.597419
vn 0.0980 -0.0000 -0.9952
vn 0.2903 -0.0000 -0.9569
vn 0.4714 -0.0000 -0.8819
vn 0.6344 -0.0000 -0.7730
vn 0.7730 -0.0000 -0.6344
vn 0.8819 -0.0000 -0.4714
vn 0.9569 -0.0000 -0.2903
vn 0.9952 -0.0000 -0.0980
vn 0.9952 -0.0000 0.0980
vn 0.9569 -0.0000 0.2903
vn 0.8819 -0.0000 0.4714
vn 0.7730 -0.0000 0.6344
vn 0.6344 -0.0000 0.7730
vn 0.4714 -0.0000 0.8819
vn 0.2903 -0.0000 0.9569
vn 0.0980 -0.0000 0.9952
vn -0.0980 -0.0000 0.9952
vn -0.2903 -0.0000 0.9569
vn -0.4714 -0.0000 0.8819
vn -0.6344 -0.0000 0.7730
vn -0.7730 -0.0000 0.6344
vn -0.8819 -0.0000 0.4714
vn -0.9569 -0.0000 0.2903
vn -0.9952 -0.0000 0.0980
vn -0.9952 -0.0000 -0.0980
vn -0.9569 -0.0000 -0.2903
vn -0.8819 -0.0000 -0.4714
vn -0.7730 -0.0000 -0.6344
vn -0.6344 -0.0000 -0.7730
vn -0.4714 -0.0000 -0.8819
vn -0.0000 1.0000 -0.0000
vn -0.2903 -0.0000 -0.9569
vn -0.0980 -0.0000 -0.9952
vn -0.0000 -1.0000 -0.0000
vt 1.000000 0.500000
vt 1.000000 1.000000
vt 0.968750 1.000000
vt 0.968750 0.500000
vt 0.937500 1.000000
vt 0.937500 0.500000
vt 0.906250 1.000000
vt 0.906250 0.500000
vt 0.875000 1.000000
vt 0.875000 0.500000
vt 0.843750 1.000000
vt 0.843750 0.500000
vt 0.812500 1.000000
vt 0.812500 0.500000
vt 0.781250 1.000000
vt 0.781250 0.500000
vt 0.750000 1.000000
vt 0.750000 0.500000
vt 0.718750 1.000000
vt 0.718750 0.500000
vt 0.687500 1.000000
vt 0.687500 0.500000
vt 0.656250 1.000000
vt 0.656250 0.500000
vt 0.625000 1.000000
vt 0.625000 0.500000
vt 0.593750 1.000000
vt 0.593750 0.500000
vt 0.562500 1.000000
vt 0.562500 0.500000
vt 0.531250 1.000000
vt 0.531250 0.500000
vt 0.500000 1.000000
vt 0.500000 0.500000
vt 0.468750 1.000000
vt 0.468750 0.500000
vt 0.437500 1.000000
vt 0.437500 0.500000
vt 0.406250 1.000000
vt 0.406250 0.500000
vt 0.375000 1.000000
vt 0.375000 0.500000
vt 0.343750 1.000000
vt 0.343750 0.500000
vt 0.312500 1.000000
vt 0.312500 0.500000
vt 0.281250 1.000000
vt 0.281250 0.500000
vt 0.250000 1.000000
vt 0.250000 0.500000
vt 0.218750 1.000000
vt 0.218750 0.500000
vt 0.187500 1.000000
vt 0.187500 0.500000
vt 0.156250 1.000000
vt 0.156250 0.500000
vt 0.125000 1.000000
vt 0.125000 0.500000
vt 0.093750 1.000000
vt 0.093750 0.500000
vt 0.062500 1.000000
vt 0.062500 0.500000
vt 0.296822 0.485388
vt 0.250000 0.490000
vt 0.203178 0.485388
vt 0.158156 0.471731
vt 0.116663 0.449553
vt 0.080294 0.419706
vt 0.050447 0.383337
vt 0.028269 0.341844
vt 0.014612 0.296822
vt 0.010000 0.250000
vt 0.014612 0.203178
vt 0.028269 0.158156
vt 0.050447 0.116663
vt 0.080294 0.080294
vt 0.116663 0.050447
vt 0.158156 0.028269
vt 0.203178 0.014612
vt 0.250000 0.010000
vt 0.296822 0.014612
vt 0.341844 0.028269
vt 0.383337 0.050447
vt 0.419706 0.080294
vt 0.449553 0.116663
vt 0.471731 0.158156
vt 0.485388 0.203178
vt 0.490000 0.250000
vt 0.485388 0.296822
vt 0.471731 0.341844
vt 0.449553 0.383337
vt 0.419706 0.419706
vt 0.383337 0.449553
vt 0.341844 0.471731
vt 0.031250 1.000000
vt 0.031250 0.500000
vt 0.000000 1.000000
vt 0.000000 0.500000
vt 0.750000 0.490000
vt 0.796822 0.485388
vt 0.841844 0.471731
vt 0.883337 0.449553
vt 0.919706 0.419706
vt 0.949553 0.383337
vt 0.971731 0.341844
vt 0.985388 0.296822
vt 0.990000 0.250000
vt 0.985388 0.203178
vt 0.971731 0.158156
vt 0.949553 0.116663
vt 0.919706 0.080294
vt 0.883337 0.050447
vt 0.841844 0.028269
vt 0.796822 0.014612
vt 0.750000 0.010000
vt 0.703178 0.014612
vt 0.658156 0.028269
vt 0.616663 0.050447
vt 0.580294 0.080294
vt 0.550447 0.116663
vt 0.528269 0.158156
vt 0.514612 0.203178
vt 0.510000 0.250000
vt 0.514612 0.296822
vt 0.528269 0.341844
vt 0.550447 0.383337
vt 0.580294 0.419706
vt 0.616663 0.449553
vt 0.658156 0.471731
vt 0.703178 0.485388
s 0
f 2610/2882/403 2611/2883/403 2613/2884/403 2612/2885/403
f 2612/2885/404 2613/2884/404 2615/2886/404 2614/2887/404
f 2614/2887/405 2615/2886/405 2617/2888/405 2616/2889/405
f 2616/2889/406 2617/2888/406 2619/2890/406 2618/2891/406
f 2618/2891/407 2619/2890/407 2621/2892/407 2620/2893/407
f 2620/2893/408 2621/2892/408 2623/2894/408 2622/2895/408
f 2622/2895/409 2623/2894/409 2625/2896/409 2624/2897/409
f 2624/2897/410 2625/2896/410 2627/2898/410 2626/2899/410
f 2626/2899/411 2627/2898/411 2629/2900/411 2628/2901/411
f 2628/2901/412 2629/2900/412 2631/2902/412 2630/2903/412
f 2630/2903/413 2631/2902/413 2633/2904/413 2632/2905/413
f 2632/2905/414 2633/2904/414 2635/2906/414 2634/2907/414
f 2634/2907/415 2635/2906/415 2637/2908/415 2636/2909/415
f 2636/2909/416 2637/2908/416 2639/2910/416 2638/2911/416
f 2638/2911/417 2639/2910/417 2641/2912/417 2640/2913/417
f 2640/2913/418 2641/2912/418 2643/2914/418 2642/2915/418
f 2642/2915/419 2643/2914/419 2645/2916/419 2644/2917/419
f 2644/2917/420 2645/2916/420 2647/2918/420 2646/2919/420
f 2646/2919/421 2647/2918/421 2649/2920/421 2648/2921/421
f 2648/2921/422 2649/2920/422 2651/2922/422 2650/2923/422
f 2650/2923/423 2651/2922/423 2653/2924/423 2652/2925/423
f 2652/2925/424 2653/2924/424 2655/2926/424 2654/2927/424
f 2654/2927/425 2655/2926/425 2657/2928/425 2656/2929/425
f 2656/2929/426 2657/2928/426 2659/2930/426 2658/2931/426
f 2658/2931/427 2659/2930/427 2661/2932/427 2660/2933/427
f 2660/2933/428 2661/2932/428 2663/2934/428 2662/2935/428
f 2662/2935/429 2663/2934/429 2665/2936/429 2664/2937/429
f 2664/2937/430 2665/2936/430 2667/2938/430 2666/2939/430
f 2666/2939/431 2667/2938/431 2669/2940/431 2668/2941/431
f 2668/2941/432 2669/2940/432 2671/2942/432 2670/2943/432
f 2613/2944/433 2611/2945/433 2673/2946/433 2671/2947/433 2669/2948/433 2667/2949/433 2665/2950/433 2663/2951/433 2661/2952/433 2659/2953/433 2657/2954/433 2655/2955/433 2653/2956/433 2651/2957/433 2649/2958/433 2647/2959/433 2645/2960/433 2643/2961/433 2641/2962/433 2639/2963/433 2637/2964/433 2635/2965/433 2633/2966/433 2631/2967/433 2629/2968/433 2627/2969/433 2625/2970/433 2623/2971/433 2621/2972/433 2619/2973/433 2617/2974/433 2615/2975/433
f 2670/2943/434 2671/2942/434 2673/2976/434 2672/2977/434
f 2672/2977/435 2673/2976/435 2611/2978/435 2610/2979/435
f 2610/2980/436 2612/2981/436 2614/2982/436 2616/2983/436 2618/2984/436 2620/2985/436 2622/2986/436 2624/2987/436 2626/2988/436 2628/2989/436 2630/2990/436 2632/2991/436 2634/2992/436 2636/2993/436 2638/2994/436 2640/2995/436 2642/2996/436 2644/2997/436 2646/2998/436 2648/2999/436 2650/3000/436 2652/3001/436 2654/3002/436 2656/3003/436 2658/3004/436 2660/3005/436 2662/3006/436 2664/3007/436 2666/3008/436 2668/3009/436 2670/3010/436 2672/3011/436
o Cylinder.012
v 12.817398 -0.231861 -6.415318
v 12.817398 16.465769 -6.415318
v 12.864206 -0.231861 -6.410708
v 12.864206 16.465769 -6.410708
v 12.909216 -0.231861 -6.397055
v 12.909216 16.465769 -6.397055
v 12.950697 -0.231861 -6.374882
v 12.950697 16.465769 -6.374882
v 12.987056 -0.231861 -6.345044
v 12.987056 16.465769 -6.345044
v 13.016894 -0.231861 -6.308685
v 13.016894 16.465769 -6.308685
v 13.039066 -0.231861 -6.267204
v 13.039066 16.465769 -6.267204
v 13.052720 -0.231861 -6.222194
v 13.052720 16.465769 -6.222194
v 13.057330 -0.231861 -6.175386
v 13.057330 16.465769 -6.175386
v 13.052720 -0.231861 -6.128578
v 13.052720 16.465769 -6.128578
v 13.039066 -0.231861 -6.083568
v 13.039066 16.465769 -6.083568
v 13.016894 -0.231861 -6.042087
v 13.016894 16.465769 -6.042087
v 12.987056 -0.231861 -6.005728
v 12.987056 16.465769 -6.005728
v 12.950697 -0.231861 -5.975890
v 12.950697 16.465769 -5.975890
v 12.909216 -0.231861 -5.953717
v 12.909216 16.465769 -5.953717
v 12.864206 -0.231861 -5.940064
v 12.864206 16.465769 -5.940064
v 12.817398 -0.231861 -5.935453
v 12.817398 16.465769 -5.935453
v 12.770590 -0.231861 -5.940064
v 12.770590 16.465769 -5.940064
v 12.725580 -0.231861 -5.953717
v 12.725580 16.465769 -5.953717
v 12.684099 -0.231861 -5.975890
v 12.684099 16.465769 -5.975890
v 12.647740 -0.231861 -6.005728
v 12.647740 16.465769 -6.005728
v 12.617902 -0.231861 -6.042087
v 12.617902 16.465769 -6.042087
v 12.595730 -0.231861 -6.083568
v 12.595730 16.465769 -6.083568
v 12.582076 -0.231861 -6.128578
v 12.582076 16.465769 -6.128578
v 12.577466 -0.231861 -6.175386
v 12.577466 16.465769 -6.175386
v 12.582076 -0.231861 -6.222194
v 12.582076 16.465769 -6.222194
v 12.595730 -0.231861 -6.267204
v 12.595730 16.465769 -6.267204
v 12.617902 -0.231861 -6.308685
v 12.617902 16.465769 -6.308685
v 12.647740 -0.231861 -6.345044
v 12.647740 16.465769 -6.345044
v 12.684099 -0.231861 -6.374882
v 12.684099 16.465769 -6.374882
v 12.725580 -0.231861 -6.397055
v 12.725580 16.465769 -6.397055
v 12.770590 -0.231861 -6.410708
v 12.770590 16.465769 -6.410708
vn 0.0980 -0.0000 -0.9952
vn 0.2903 -0.0000 -0.9569
vn 0.4714 -0.0000 -0.8819
vn 0.6344 -0.0000 -0.7730
vn 0.7730 -0.0000 -0.6344
vn 0.8819 -0.0000 -0.4714
vn 0.9569 -0.0000 -0.2903
vn 0.9952 -0.0000 -0.0980
vn 0.9952 -0.0000 0.0980
vn 0.9569 -0.0000 0.2903
vn 0.8819 -0.0000 0.4714
vn 0.7730 -0.0000 0.6344
vn 0.6344 -0.0000 0.7730
vn 0.4714 -0.0000 0.8819
vn 0.2903 -0.0000 0.9569
vn 0.0980 -0.0000 0.9952
vn -0.0980 -0.0000 0.9952
vn -0.2903 -0.0000 0.9569
vn -0.4714 -0.0000 0.8819
vn -0.6344 -0.0000 0.7730
vn -0.7730 -0.0000 0.6344
vn -0.8819 -0.0000 0.4714
vn -0.9569 -0.0000 0.2903
vn -0.9952 -0.0000 0.0980
vn -0.9952 -0.0000 -0.0980
vn -0.9569 -0.0000 -0.2903
vn -0.8819 -0.0000 -0.4714
vn -0.7730 -0.0000 -0.6344
vn -0.6344 -0.0000 -0.7730
vn -0.4714 -0.0000 -0.8819
vn -0.0000 1.0000 -0.0000
vn -0.2903 -0.0000 -0.9569
vn -0.0980 -0.0000 -0.9952
vn -0.0000 -1.0000 -0.0000
vt 1.000000 0.500000
vt 1.000000 1.000000
vt 0.968750 1.000000
vt 0.968750 0.500000
vt 0.937500 1.000000
vt 0.937500 0.500000
vt 0.906250 1.000000
vt 0.906250 0.500000
vt 0.875000 1.000000
vt 0.875000 0.500000
vt 0.843750 1.000000
vt 0.843750 0.500000
vt 0.812500 1.000000
vt 0.812500 0.500000
vt 0.781250 1.000000
vt 0.781250 0.500000
vt 0.750000 1.000000
vt 0.750000 0.500000
vt 0.718750 1.000000
vt 0.718750 0.500000
vt 0.687500 1.000000
vt 0.687500 0.500000
vt 0.656250 1.000000
vt 0.656250 0.500000
vt 0.625000 1.000000
vt 0.625000 0.500000
vt 0.593750 1.000000
vt 0.593750 0.500000
vt 0.562500 1.000000
vt 0.562500 0.500000
vt 0.531250 1.000000
vt 0.531250 0.500000
vt 0.500000 1.000000
vt 0.500000 0.500000
vt 0.468750 1.000000
vt 0.468750 0.500000
vt 0.437500 1.000000
vt 0.437500 0.500000
vt 0.406250 1.000000
vt 0.406250 0.500000
vt 0.375000 1.000000
vt 0.375000 0.500000
vt 0.343750 1.000000
vt 0.343750 0.500000
vt 0.312500 1.000000
vt 0.312500 0.500000
vt 0.281250 1.000000
vt 0.281250 0.500000
vt 0.250000 1.000000
vt 0.250000 0.500000
vt 0.218750 1.000000
vt 0.218750 0.500000
vt 0.187500 1.000000
vt 0.187500 0.500000
vt 0.156250 1.000000
vt 0.156250 0.500000
vt 0.125000 1.000000
vt 0.125000 0.500000
vt 0.093750 1.000000
vt 0.093750 0.500000
vt 0.062500 1.000000
vt 0.062500 0.500000
vt 0.296822 0.485388
vt 0.250000 0.490000
vt 0.203178 0.485388
vt 0.158156 0.471731
vt 0.116663 0.449553
vt 0.080294 0.419706
vt 0.050447 0.383337
vt 0.028269 0.341844
vt 0.014612 0.296822
vt 0.010000 0.250000
vt 0.014612 0.203178
vt 0.028269 0.158156
vt 0.050447 0.116663
vt 0.080294 0.080294
vt 0.116663 0.050447
vt 0.158156 0.028269
vt 0.203178 0.014612
vt 0.250000 0.010000
vt 0.296822 0.014612
vt 0.341844 0.028269
vt 0.383337 0.050447
vt 0.419706 0.080294
vt 0.449553 0.116663
vt 0.471731 0.158156
vt 0.485388 0.203178
vt 0.490000 0.250000
vt 0.485388 0.296822
vt 0.471731 0.341844
vt 0.449553 0.383337
vt 0.419706 0.419706
vt 0.383337 0.449553
vt 0.341844 0.471731
vt 0.031250 1.000000
vt 0.031250 0.500000
vt 0.000000 1.000000
vt 0.000000 0.500000
vt 0.750000 0.490000
vt 0.796822 0.485388
vt 0.841844 0.471731
vt 0.883337 0.449553
vt 0.919706 0.419706
vt 0.949553 0.383337
vt 0.971731 0.341844
vt 0.985388 0.296822
vt 0.990000 0.250000
vt 0.985388 0.203178
vt 0.971731 0.158156
vt 0.949553 0.116663
vt 0.919706 0.080294
vt 0.883337 0.050447
vt 0.841844 0.028269
vt 0.796822 0.014612
vt 0.750000 0.010000
vt 0.703178 0.014612
vt 0.658156 0.028269
vt 0.616663 0.050447
vt 0.580294 0.080294
vt 0.550447 0.116663
vt 0.528269 0.158156
vt 0.514612 0.203178
vt 0.510000 0.250000
vt 0.514612 0.296822
vt 0.528269 0.341844
vt 0.550447 0.383337
vt 0.580294 0.419706
vt 0.616663 0.449553
vt 0.658156 0.471731
vt 0.703178 0.485388
s 0
f 2674/3012/437 2675/3013/437 2677/3014/437 2676/3015/437
f 2676/3015/438 2677/3014/438 2679/3016/438 2678/3017/438
f 2678/3017/439 2679/3016/439 2681/3018/439 2680/3019/439
f 2680/3019/440 2681/3018/440 2683/3020/440 2682/3021/440
f 2682/3021/441 2683/3020/441 2685/3022/441 2684/3023/441
f 2684/3023/442 2685/3022/442 2687/3024/442 2686/3025/442
f 2686/3025/443 2687/3024/443 2689/3026/443 2688/3027/443
f 2688/3027/444 2689/3026/444 2691/3028/444 2690/3029/444
f 2690/3029/445 2691/3028/445 2693/3030/445 2692/3031/445
f 2692/3031/446 2693/3030/446 2695/3032/446 2694/3033/446
f 2694/3033/447 2695/3032/447 2697/3034/447 2696/3035/447
f 2696/3035/448 2697/3034/448 2699/3036/448 2698/3037/448
f 2698/3037/449 2699/3036/449 2701/3038/449 2700/3039/449
f 2700/3039/450 2701/3038/450 2703/3040/450 2702/3041/450
f 2702/3041/451 2703/3040/451 2705/3042/451 2704/3043/451
f 2704/3043/452 2705/3042/452 2707/3044/452 2706/3045/452
f 2706/3045/453 2707/3044/453 2709/3046/453 2708/3047/453
f 2708/3047/454 2709/3046/454 2711/3048/454 2710/3049/454
f 2710/3049/455 2711/3048/455 2713/3050/455 2712/3051/455
f 2712/3051/456 2713/3050/456 2715/3052/456 2714/3053/456
f 2714/3053/457 2715/3052/457 2717/3054/457 2716/3055/457
f 2716/3055/458 2717/3054/458 2719/3056/458 2718/3057/458
f 2718/3057/459 2719/3056/459 2721/3058/459 2720/3059/459
f 2720/3059/460 2721/3058/460 2723/3060/460 2722/3061/460
f 2722/3061/461 2723/3060/461 2725/3062/461 2724/3063/461
f 2724/3063/462 2725/3062/462 2727/3064/462 2726/3065/462
f 2726/3065/463 2727/3064/463 2729/3066/463 2728/3067/463
f 2728/3067/464 2729/3066/464 2731/3068/464 2730/3069/464
f 2730/3069/465 2731/3068/465 2733/3070/465 2732/3071/465
f 2732/3071/466 2733/3070/466 2735/3072/466 2734/3073/466
f 2677/3074/467 2675/3075/467 2737/3076/467 2735/3077/467 2733/3078/467 2731/3079/467 2729/3080/467 2727/3081/467 2725/3082/467 2723/3083/467 2721/3084/467 2719/3085/467 2717/3086/467 2715/3087/467 2713/3088/467 2711/3089/467 2709/3090/467 2707/3091/467 2705/3092/467 2703/3093/467 2701/3094/467 2699/3095/467 2697/3096/467 2695/3097/467 2693/3098/467 2691/3099/467 2689/3100/467 2687/3101/467 2685/3102/467 2683/3103/467 2681/3104/467 2679/3105/467
f 2734/3073/468 2735/3072/468 2737/3106/468 2736/3107/468
f 2736/3107/469 2737/3106/469 2675/3108/469 2674/3109/469
f 2674/3110/470 2676/3111/470 2678/3112/470 2680/3113/470 2682/3114/470 2684/3115/470 2686/3116/470 2688/3117/470 2690/3118/470 2692/3119/470 2694/3120/470 2696/3121/470 2698/3122/470 2700/3123/470 2702/3124/470 2704/3125/470 2706/3126/470 2708/3127/470 2710/3128/470 2712/3129/470 2714/3130/470 2716/3131/470 2718/3132/470 2720/3133/470 2722/3134/470 2724/3135/470 2726/3136/470 2728/3137/470 2730/3138/470 2732/3139/470 2734/3140/470 2736/3141/470
o Cylinder.013
v 12.817398 -0.231861 -19.794987
v 12.817398 16.465769 -19.794987
v 12.864206 -0.231861 -19.790377
v 12.864206 16.465769 -19.790377
v 12.909216 -0.231861 -19.776722
v 12.909216 16.465769 -19.776722
v 12.950697 -0.231861 -19.754551
v 12.950697 16.465769 -19.754551
v 12.987056 -0.231861 -19.724712
v 12.987056 16.465769 -19.724712
v 13.016894 -0.231861 -19.688353
v 13.016894 16.465769 -19.688353
v 13.039066 -0.231861 -19.646872
v 13.039066 16.465769 -19.646872
v 13.052720 -0.231861 -19.601862
v 13.052720 16.465769 -19.601862
v 13.057330 -0.231861 -19.555054
v 13.057330 16.465769 -19.555054
v 13.052720 -0.231861 -19.508245
v 13.052720 16.465769 -19.508245
v 13.039066 -0.231861 -19.463236
v 13.039066 16.465769 -19.463236
v 13.016894 -0.231861 -19.421755
v 13.016894 16.465769 -19.421755
v 12.987056 -0.231861 -19.385395
v 12.987056 16.465769 -19.385395
v 12.950697 -0.231861 -19.355556
v 12.950697 16.465769 -19.355556
v 12.909216 -0.231861 -19.333385
v 12.909216 16.465769 -19.333385
v 12.864206 -0.231861 -19.319731
v 12.864206 16.465769 -19.319731
v 12.817398 -0.231861 -19.315121
v 12.817398 16.465769 -19.315121
v 12.770590 -0.231861 -19.319731
v 12.770590 16.465769 -19.319731
v 12.725580 -0.231861 -19.333385
v 12.725580 16.465769 -19.333385
v 12.684099 -0.231861 -19.355556
v 12.684099 16.465769 -19.355556
v 12.647740 -0.231861 -19.385395
v 12.647740 16.465769 -19.385395
v 12.617902 -0.231861 -19.421755
v 12.617902 16.465769 -19.421755
v 12.595730 -0.231861 -19.463236
v 12.595730 16.465769 -19.463236
v 12.582076 -0.231861 -19.508245
v 12.582076 16.465769 -19.508245
v 12.577466 -0.231861 -19.555054
v 12.577466 16.465769 -19.555054
v 12.582076 -0.231861 -19.601862
v 12.582076 16.465769 -19.601862
v 12.595730 -0.231861 -19.646872
v 12.595730 16.465769 -19.646872
v 12.617902 -0.231861 -19.688353
v 12.617902 16.465769 -19.688353
v 12.647740 -0.231861 -19.724712
v 12.647740 16.465769 -19.724712
v 12.684099 -0.231861 -19.754551
v 12.684099 16.465769 -19.754551
v 12.725580 -0.231861 -19.776722
v 12.725580 16.465769 -19.776722
v 12.770590 -0.231861 -19.790377
v 12.770590 16.465769 -19.790377
vn 0.0980 -0.0000 -0.9952
vn 0.2903 -0.0000 -0.9569
vn 0.4714 -0.0000 -0.8819
vn 0.6344 -0.0000 -0.7730
vn 0.7730 -0.0000 -0.6344
vn 0.8819 -0.0000 -0.4714
vn 0.9569 -0.0000 -0.2903
vn 0.9952 -0.0000 -0.0980
vn 0.9952 -0.0000 0.0980
vn 0.9569 -0.0000 0.2903
vn 0.8819 -0.0000 0.4714
vn 0.7730 -0.0000 0.6344
vn 0.6344 -0.0000 0.7730
vn 0.4714 -0.0000 0.8819
vn 0.2903 -0.0000 0.9569
vn 0.0980 -0.0000 0.9952
vn -0.0980 -0.0000 0.9952
vn -0.2903 -0.0000 0.9569
vn -0.4714 -0.0000 0.8819
vn -0.6344 -0.0000 0.7730
vn -0.7730 -0.0000 0.6344
vn -0.8819 -0.0000 0.4714
vn -0.9569 -0.0000 0.2903
vn -0.9952 -0.0000 0.0980
vn -0.9952 -0.0000 -0.0980
vn -0.9569 -0.0000 -0.2903
vn -0.8819 -0.0000 -0.4714
vn -0.7730 -0.0000 -0.6344
vn -0.6344 -0.0000 -0.7730
vn -0.4714 -0.0000 -0.8819
vn -0.0000 1.0000 -0.0000
vn -0.2903 -0.0000 -0.9569
vn -0.0980 -0.0000 -0.9952
vn -0.0000 -1.0000 -0.0000
vt 1.000000 0.500000
vt 1.000000 1.000000
vt 0.968750 1.000000
vt 0.968750 0.500000
vt 0.937500 1.000000
vt 0.937500 0.500000
vt 0.906250 1.000000
vt 0.906250 0.500000
vt 0.875000 1.000000
vt 0.875000 0.500000
vt 0.843750 1.000000
vt 0.843750 0.500000
vt 0.812500 1.000000
vt 0.812500 0.500000
vt 0.781250 1.000000
vt 0.781250 0.500000
vt 0.750000 1.000000
vt 0.750000 0.500000
vt 0.718750 1.000000
vt 0.718750 0.500000
vt 0.687500 1.000000
vt 0.687500 0.500000
vt 0.656250 1.000000
vt 0.656250 0.500000
vt 0.625000 1.000000
vt 0.625000 0.500000
vt 0.593750 1.000000
vt 0.593750 0.500000
vt 0.562500 1.000000
vt 0.562500 0.500000
vt 0.531250 1.000000
vt 0.531250 0.500000
vt 0.500000 1.000000
vt 0.500000 0.500000
vt 0.468750 1.000000
vt 0.468750 0.500000
vt 0.437500 1.000000
vt 0.437500 0.500000
vt 0.406250 1.000000
vt 0.406250 0.500000
vt 0.375000 1.000000
vt 0.375000 0.500000
vt 0.343750 1.000000
vt 0.343750 0.500000
vt 0.312500 1.000000
vt 0.312500 0.500000
vt 0.281250 1.000000
vt 0.281250 0.500000
vt 0.250000 1.000000
vt 0.250000 0.500000
vt 0.218750 1.000000
vt 0.218750 0.500000
vt 0.187500 1.000000
vt 0.187500 0.500000
vt 0.156250 1.000000
vt 0.156250 0.500000
vt 0.125000 1.000000
vt 0.125000 0.500000
vt 0.093750 1.000000
vt 0.093750 0.500000
vt 0.062500 1.000000
vt 0.062500 0.500000
vt 0.296822 0.485388
vt 0.250000 0.490000
vt 0.203178 0.485388
vt 0.158156 0.471731
vt 0.116663 0.449553
vt 0.080294 0.419706
vt 0.050447 0.383337
vt 0.028269 0.341844
vt 0.014612 0.296822
vt 0.010000 0.250000
vt 0.014612 0.203178
vt 0.028269 0.158156
vt 0.050447 0.116663
vt 0.080294 0.080294
vt 0.116663 0.050447
vt 0.158156 0.028269
vt 0.203178 0.014612
vt 0.250000 0.010000
vt 0.296822 0.014612
vt 0.341844 0.028269
vt 0.383337 0.050447
vt 0.419706 0.080294
vt 0.449553 0.116663
vt 0.471731 0.158156
vt 0.485388 0.203178
vt 0.490000 0.250000
vt 0.485388 0.296822
vt 0.471731 0.341844
vt 0.449553 0.383337
vt 0.419706 0.419706
vt 0.383337 0.449553
vt 0.341844 0.471731
vt 0.031250 1.000000
vt 0.031250 0.500000
vt 0.000000 1.000000
vt 0.000000 0.500000
vt 0.750000 0.490000
vt 0.796822 0.485388
vt 0.841844 0.471731
vt 0.883337 0.449553
vt 0.919706 0.419706
vt 0.949553 0.383337
vt 0.971731 0.341844
vt 0.985388 0.296822
vt 0.990000 0.250000
vt 0.985388 0.203178
vt 0.971731 0.158156
vt 0.949553 0.116663
vt 0.919706 0.080294
vt 0.883337 0.050447
vt 0.841844 0.028269
vt 0.796822 0.014612
vt 0.750000 0.010000
vt 0.703178 0.014612
vt 0.658156 0.028269
vt 0.616663 0.050447
vt 0.580294 0.080294
vt 0.550447 0.116663
vt 0.528269 0.158156
vt 0.514612 0.203178
vt 0.510000 0.250000
vt 0.514612 0.296822
vt 0.528269 0.341844
vt 0.550447 0.383337
vt 0.580294 0.419706
vt 0.616663 0.449553
vt 0.658156 0.471731
vt 0.703178 0.485388
s 0
f 2738/3142/471 2739/3143/471 2741/3144/471 2740/3145/471
f 2740/3145/472 2741/3144/472 2743/3146/472 2742/3147/472
f 2742/3147/473 2743/3146/473 2745/3148/473 2744/3149/473
f 2744/3149/474 2745/3148/474 2747/3150/474 2746/3151/474
f 2746/3151/475 2747/3150/475 2749/3152/475 2748/3153/475
f 2748/3153/476 2749/3152/476 2751/3154/476 2750/3155/476
f 2750/3155/477 2751/3154/477 2753/3156/477 2752/3157/477
f 2752/3157/478 2753/3156/478 2755/3158/478 2754/3159/478
f 2754/3159/479 2755/3158/479 2757/3160/479 2756/3161/479
f 2756/3161/480 2757/3160/480 2759/3162/480 2758/3163/480
f 2758/3163/481 2759/3162/481 2761/3164/481 2760/3165/481
f 2760/3165/482 2761/3164/482 2763/3166/482 2762/3167/482
f 2762/3167/483 2763/3166/483 2765/3168/483 2764/3169/483
f 2764/3169/484 2765/3168/484 2767/3170/484 2766/3171/484
f 2766/3171/485 2767/3170/485 2769/3172/485 2768/3173/485
f 2768/3173/486 2769/3172/486 2771/3174/486 2770/3175/486
f 2770/3175/487 2771/3174/487 2773/3176/487 2772/3177/487
f 2772/3177/488 2773/3176/488 2775/3178/488 2774/3179/488
f 2774/3179/489 2775/3178/489 2777/3180/489 2776/3181/489
f 2776/3181/490 2777/3180/490 2779/3182/490 2778/3183/490
f 2778/3183/491 2779/3182/491 2781/3184/491 2780/3185/491
f 2780/3185/492 2781/3184/492 2783/3186/492 2782/3187/492
f 2782/3187/493 2783/3186/493 2785/3188/493 2784/3189/493
f 2784/3189/494 2785/3188/494 2787/3190/494 2786/3191/494
f 2786/3191/495 2787/3190/495 2789/3192/495 2788/3193/495
f 2788/3193/496 2789/3192/496 2791/3194/496 2790/3195/496
f 2790/3195/497 2791/3194/497 2793/3196/497 2792/3197/497
f 2792/3197/498 2793/3196/498 2795/3198/498 2794/3199/498
f 2794/3199/499 2795/3198/499 2797/3200/499 2796/3201/499
f 2796/3201/500 2797/3200/500 2799/3202/500 2798/3203/500
f 2741/3204/501 2739/3205/501 2801/3206/501 2799/3207/501 2797/3208/501 2795/3209/501 2793/3210/501 2791/3211/501 2789/3212/501 2787/3213/501 2785/3214/501 2783/3215/501 2781/3216/501 2779/3217/501 2777/3218/501 2775/3219/501 2773/3220/501 2771/3221/501 2769/3222/501 2767/3223/501 2765/3224/501 2763/3225/501 2761/3226/501 2759/3227/501 2757/3228/501 2755/3229/501 2753/3230/501 2751/3231/501 2749/3232/501 2747/3233/501 2745/3234/501 2743/3235/501
f 2798/3203/502 2799/3202/502 2801/3236/502 2800/3237/502
f 2800/3237/503 2801/3236/503 2739/3238/503 2738/3239/503
f 2738/3240/504 2740/3241/504 2742/3242/504 2744/3243/504 2746/3244/504 2748/3245/504 2750/3246/504 2752/3247/504 2754/3248/504 2756/3249/504 2758/3250/504 2760/3251/504 2762/3252/504 2764/3253/504 2766/3254/504 2768/3255/504 2770/3256/504 2772/3257/504 2774/3258/504 2776/3259/504 2778/3260/504 2780/3261/504 2782/3262/504 2784/3263/504 2786/3264/504 2788/3265/504 2790/3266/504 2792/3267/504 2794/3268/504 2796/3269/504 2798/3270/504 2800/3271/504
o Cylinder.014
v 12.817398 -0.231861 -20.905645
v 12.817398 16.465769 -20.905645
v 12.864206 -0.231861 -20.901035
v 12.864206 16.465769 -20.901035
v 12.909216 -0.231861 -20.887381
v 12.909216 16.465769 -20.887381
v 12.950697 -0.231861 -20.865210
v 12.950697 16.465769 -20.865210
v 12.987056 -0.231861 -20.835371
v 12.987056 16.465769 -20.835371
v 13.016894 -0.231861 -20.799011
v 13.016894 16.465769 -20.799011
v 13.039066 -0.231861 -20.757530
v 13.039066 16.465769 -20.757530
v 13.052720 -0.231861 -20.712521
v 13.052720 16.465769 -20.712521
v 13.057330 -0.231861 -20.665712
v 13.057330 16.465769 -20.665712
v 13.052720 -0.231861 -20.618904
v 13.052720 16.465769 -20.618904
v 13.039066 -0.231861 -20.573895
v 13.039066 16.465769 -20.573895
v 13.016894 -0.231861 -20.532413
v 13.016894 16.465769 -20.532413
v 12.987056 -0.231861 -20.496054
v 12.987056 16.465769 -20.496054
v 12.950697 -0.231861 -20.466215
v 12.950697 16.465769 -20.466215
v 12.909216 -0.231861 -20.444044
v 12.909216 16.465769 -20.444044
v 12.864206 -0.231861 -20.430389
v 12.864206 16.465769 -20.430389
v 12.817398 -0.231861 -20.425779
v 12.817398 16.465769 -20.425779
v 12.770590 -0.231861 -20.430389
v 12.770590 16.465769 -20.430389
v 12.725580 -0.231861 -20.444044
v 12.725580 16.465769 -20.444044
v 12.684099 -0.231861 -20.466215
v 12.684099 16.465769 -20.466215
v 12.647740 -0.231861 -20.496054
v 12.647740 16.465769 -20.496054
v 12.617902 -0.231861 -20.532413
v 12.617902 16.465769 -20.532413
v 12.595730 -0.231861 -20.573895
v 12.595730 16.465769 -20.573895
v 12.582076 -0.231861 -20.618904
v 12.582076 16.465769 -20.618904
v 12.577466 -0.231861 -20.665712
v 12.577466 16.465769 -20.665712
v 12.582076 -0.231861 -20.712521
v 12.582076 16.465769 -20.712521
v 12.595730 -0.231861 -20.757530
v 12.595730 16.465769 -20.757530
v 12.617902 -0.231861 -20.799011
v 12.617902 16.465769 -20.799011
v 12.647740 -0.231861 -20.835371
v 12.647740 16.465769 -20.835371
v 12.684099 -0.231861 -20.865210
v 12.684099 16.465769 -20.865210
v 12.725580 -0.231861 -20.887381
v 12.725580 16.465769 -20.887381
v 12.770590 -0.231861 -20.901035
v 12.770590 16.465769 -20.901035
vn 0.0980 -0.0000 -0.9952
vn 0.2903 -0.0000 -0.9569
vn 0.4714 -0.0000 -0.8819
vn 0.6344 -0.0000 -0.7730
vn 0.7730 -0.0000 -0.6344
vn 0.8819 -0.0000 -0.4714
vn 0.9569 -0.0000 -0.2903
vn 0.9952 -0.0000 -0.0980
vn 0.9952 -0.0000 0.0980
vn 0.9569 -0.0000 0.2903
vn 0.8819 -0.0000 0.4714
vn 0.7730 -0.0000 0.6344
vn 0.6344 -0.0000 0.7730
vn 0.4714 -0.0000 0.8819
vn 0.2903 -0.0000 0.9569
vn 0.0980 -0.0000 0.9952
vn -0.0980 -0.0000 0.9952
vn -0.2903 -0.0000 0.9569
vn -0.4714 -0.0000 0.8819
vn -0.6344 -0.0000 0.7730
vn -0.7730 -0.0000 0.6344
vn -0.8819 -0.0000 0.4714
vn -0.9569 -0.0000 0.2903
vn -0.9952 -0.0000 0.0980
vn -0.9952 -0.0000 -0.0980
vn -0.9569 -0.0000 -0.2903
vn -0.8819 -0.0000 -0.4714
vn -0.7730 -0.0000 -0.6344
vn -0.6344 -0.0000 -0.7730
vn -0.4714 -0.0000 -0.8819
vn -0.0000 1.0000 -0.0000
vn -0.2903 -0.0000 -0.9569
vn -0.0980 -0.0000 -0.9952
vn -0.0000 -1.0000 -0.0000
vt 1.000000 0.500000
vt 1.000000 1.000000
vt 0.968750 1.000000
vt 0.968750 0.500000
vt 0.937500 1.000000
vt 0.937500 0.500000
vt 0.906250 1.000000
vt 0.906250 0.500000
vt 0.875000 1.000000
vt 0.875000 0.500000
vt 0.843750 1.000000
vt 0.843750 0.500000
vt 0.812500 1.000000
vt 0.812500 0.500000
vt 0.781250 1.000000
vt 0.781250 0.500000
vt 0.750000 1.000000
vt 0.750000 0.500000
vt 0.718750 1.000000
vt 0.718750 0.500000
vt 0.687500 1.000000
vt 0.687500 0.500000
vt 0.656250 1.000000
vt 0.656250 0.500000
vt 0.625000 1.000000
vt 0.625000 0.500000
vt 0.593750 1.000000
vt 0.593750 0.500000
vt 0.562500 1.000000
vt 0.562500 0.500000
vt 0.531250 1.000000
vt 0.531250 0.500000
vt 0.500000 1.000000
vt 0.500000 0.500000
vt 0.468750 1.000000
vt 0.468750 0.500000
vt 0.437500 1.000000
vt 0.437500 0.500000
vt 0.406250 1.000000
vt 0.406250 0.500000
vt 0.375000 1.000000
vt 0.375000 0.500000
vt 0.343750 1.000000
vt 0.343750 0.500000
vt 0.312500 1.000000
vt 0.312500 0.500000
vt 0.281250 1.000000
vt 0.281250 0.500000
vt 0.250000 1.000000
vt 0.250000 0.500000
vt 0.218750 1.000000
vt 0.218750 0.500000
vt 0.187500 1.000000
vt 0.187500 0.500000
vt 0.156250 1.000000
vt 0.156250 0.500000
vt 0.125000 1.000000
vt 0.125000 0.500000
vt 0.093750 1.000000
vt 0.093750 0.500000
vt 0.062500 1.000000
vt 0.062500 0.500000
vt 0.296822 0.485388
vt 0.250000 0.490000
vt 0.203178 0.485388
vt 0.158156 0.471731
vt 0.116663 0.449553
vt 0.080294 0.419706
vt 0.050447 0.383337
vt 0.028269 0.341844
vt 0.014612 0.296822
vt 0.010000 0.250000
vt 0.014612 0.203178
vt 0.028269 0.158156
vt 0.050447 0.116663
vt 0.080294 0.080294
vt 0.116663 0.050447
vt 0.158156 0.028269
vt 0.203178 0.014612
vt 0.250000 0.010000
vt 0.296822 0.014612
vt 0.341844 0.028269
vt 0.383337 0.050447
vt 0.419706 0.080294
vt 0.449553 0.116663
vt 0.471731 0.158156
vt 0.485388 0.203178
vt 0.490000 0.250000
vt 0.485388 0.296822
vt 0.471731 0.341844
vt 0.449553 0.383337
vt 0.419706 0.419706
vt 0.383337 0.449553
vt 0.341844 0.471731
vt 0.031250 1.000000
vt 0.031250 0.500000
vt 0.000000 1.000000
vt 0.000000 0.500000
vt 0.750000 0.490000
vt 0.796822 0.485388
vt 0.841844 0.471731
vt 0.883337 0.449553
vt 0.919706 0.419706
vt 0.949553 0.383337
vt 0.971731 0.341844
vt 0.985388 0.296822
vt 0.990000 0.250000
vt 0.985388 0.203178
vt 0.971731 0.158156
vt 0.949553 0.116663
vt 0.919706 0.080294
vt 0.883337 0.050447
vt 0.841844 0.028269
vt 0.796822 0.014612
vt 0.750000 0.010000
vt 0.703178 0.014612
vt 0.658156 0.028269
vt 0.616663 0.050447
vt 0.580294 0.080294
vt 0.550447 0.116663
vt 0.528269 0.158156
vt 0.514612 0.203178
vt 0.510000 0.250000
vt 0.514612 0.296822
vt 0.528269 0.341844
vt 0.550447 0.383337
vt 0.580294 0.419706
vt 0.616663 0.449553
vt 0.658156 0.471731
vt 0.703178 0.485388
s 0
f 2802/3272/505 2803/3273/505 2805/3274/505 2804/3275/505
f 2804/3275/506 2805/3274/506 2807/3276/506 2806/3277/506
f 2806/3277/507 2807/3276/507 2809/3278/507 2808/3279/507
f 2808/3279/508 2809/3278/508 2811/3280/508 2810/3281/508
f 2810/3281/509 2811/3280/509 2813/3282/509 2812/3283/509
f 2812/3283/510 2813/3282/510 2815/3284/510 2814/3285/510
f 2814/3285/511 2815/3284/511 2817/3286/511 2816/3287/511
f 2816/3287/512 2817/3286/512 2819/3288/512 2818/3289/512
f 2818/3289/513 2819/3288/513 2821/3290/513 2820/3291/513
f 2820/3291/514 2821/3290/514 2823/3292/514 2822/3293/514
f 2822/3293/515 2823/3292/515 2825/3294/515 2824/3295/515
f 2824/3295/516 2825/3294/516 2827/3296/516 2826/3297/516
f 2826/3297/517 2827/3296/517 2829/3298/517 2828/3299/517
f 2828/3299/518 2829/3298/518 2831/3300/518 2830/3301/518
f 2830/3301/519 2831/3300/519 2833/3302/519 2832/3303/519
f 2832/3303/520 2833/3302/520 2835/3304/520 2834/3305/520
f 2834/3305/521 2835/3304/521 2837/3306/521 2836/3307/521
f 2836/3307/522 2837/3306/522 2839/3308/522 2838/3309/522
f 2838/3309/523 2839/3308/523 2841/3310/523 2840/3311/523
f 2840/3311/524 2841/3310/524 2843/3312/524 2842/3313/524
f 2842/3313/525 2843/3312/525 2845/3314/525 2844/3315/525
f 2844/3315/526 2845/3314/526 2847/3316/526 2846/3317/526
f 2846/3317/527 2847/3316/527 2849/3318/527 2848/3319/527
f 2848/3319/528 2849/3318/528 2851/3320/528 2850/3321/528
f 2850/3321/529 2851/3320/529 2853/3322/529 2852/3323/529
f 2852/3323/530 2853/3322/530 2855/3324/530 2854/3325/530
f 2854/3325/531 2855/3324/531 2857/3326/531 2856/3327/531
f 2856/3327/532 2857/3326/532 2859/3328/532 2858/3329/532
f 2858/3329/533 2859/3328/533 2861/3330/533 2860/3331/533
f 2860/3331/534 2861/3330/534 2863/3332/534 2862/3333/534
f 2805/3334/535 2803/3335/535 2865/3336/535 2863/3337/535 2861/3338/535 2859/3339/535 2857/3340/535 2855/3341/535 2853/3342/535 2851/3343/535 2849/3344/535 2847/3345/535 2845/3346/535 2843/3347/535 2841/3348/535 2839/3349/535 2837/3350/535 2835/3351/535 2833/3352/535 2831/3353/535 2829/3354/535 2827/3355/535 2825/3356/535 2823/3357/535 2821/3358/535 2819/3359/535 2817/3360/535 2815/3361/535 2813/3362/535 2811/3363/535 2809/3364/535 2807/3365/535
f 2862/3333/536 2863/3332/536 2865/3366/536 2864/3367/536
f 2864/3367/537 2865/3366/537 2803/3368/537 2802/3369/537
f 2802/3370/538 2804/3371/538 2806/3372/538 2808/3373/538 2810/3374/538 2812/3375/538 2814/3376/538 2816/3377/538 2818/3378/538 2820/3379/538 2822/3380/538 2824/3381/538 2826/3382/538 2828/3383/538 2830/3384/538 2832/3385/538 2834/3386/538 2836/3387/538 2838/3388/538 2840/3389/538 2842/3390/538 2844/3391/538 2846/3392/538 2848/3393/538 2850/3394/538 2852/3395/538 2854/3396/538 2856/3397/538 2858/3398/538 2860/3399/538 2862/3400/538 2864/3401/538
o Cylinder.015
v 12.817398 -0.231861 -22.029966
v 12.817398 16.465769 -22.029966
v 12.864206 -0.231861 -22.025356
v 12.864206 16.465769 -22.025356
v 12.909216 -0.231861 -22.011702
v 12.909216 16.465769 -22.011702
v 12.950697 -0.231861 -21.989531
v 12.950697 16.465769 -21.989531
v 12.987056 -0.231861 -21.959692
v 12.987056 16.465769 -21.959692
v 13.016894 -0.231861 -21.923332
v 13.016894 16.465769 -21.923332
v 13.039066 -0.231861 -21.881851
v 13.039066 16.465769 -21.881851
v 13.052720 -0.231861 -21.836842
v 13.052720 16.465769 -21.836842
v 13.057330 -0.231861 -21.790033
v 13.057330 16.465769 -21.790033
v 13.052720 -0.231861 -21.743225
v 13.052720 16.465769 -21.743225
v 13.039066 -0.231861 -21.698215
v 13.039066 16.465769 -21.698215
v 13.016894 -0.231861 -21.656734
v 13.016894 16.465769 -21.656734
v 12.987056 -0.231861 -21.620375
v 12.987056 16.465769 -21.620375
v 12.950697 -0.231861 -21.590536
v 12.950697 16.465769 -21.590536
v 12.909216 -0.231861 -21.568365
v 12.909216 16.465769 -21.568365
v 12.864206 -0.231861 -21.554710
v 12.864206 16.465769 -21.554710
v 12.817398 -0.231861 -21.550100
v 12.817398 16.465769 -21.550100
v 12.770590 -0.231861 -21.554710
v 12.770590 16.465769 -21.554710
v 12.725580 -0.231861 -21.568365
v 12.725580 16.465769 -21.568365
v 12.684099 -0.231861 -21.590536
v 12.684099 16.465769 -21.590536
v 12.647740 -0.231861 -21.620375
v 12.647740 16.465769 -21.620375
v 12.617902 -0.231861 -21.656734
v 12.617902 16.465769 -21.656734
v 12.595730 -0.231861 -21.698215
v 12.595730 16.465769 -21.698215
v 12.582076 -0.231861 -21.743225
v 12.582076 16.465769 -21.743225
v 12.577466 -0.231861 -21.790033
v 12.577466 16.465769 -21.790033
v 12.582076 -0.231861 -21.836842
v 12.582076 16.465769 -21.836842
v 12.595730 -0.231861 -21.881851
v 12.595730 16.465769 -21.881851
v 12.617902 -0.231861 -21.923332
v 12.617902 16.465769 -21.923332
v 12.647740 -0.231861 -21.959692
v 12.647740 16.465769 -21.959692
v 12.684099 -0.231861 -21.989531
v 12.684099 16.465769 -21.989531
v 12.725580 -0.231861 -22.011702
v 12.725580 16.465769 -22.011702
v 12.770590 -0.231861 -22.025356
v 12.770590 16.465769 -22.025356
vn 0.0980 -0.0000 -0.9952
vn 0.2903 -0.0000 -0.9569
vn 0.4714 -0.0000 -0.8819
vn 0.6344 -0.0000 -0.7730
vn 0.7730 -0.0000 -0.6344
vn 0.8819 -0.0000 -0.4714
vn 0.9569 -0.0000 -0.2903
vn 0.9952 -0.0000 -0.0980
vn 0.9952 -0.0000 0.0980
vn 0.9569 -0.0000 0.2903
vn 0.8819 -0.0000 0.4714
vn 0.7730 -0.0000 0.6344
vn 0.6344 -0.0000 0.7730
vn 0.4714 -0.0000 0.8819
vn 0.2903 -0.0000 0.9569
vn 0.0980 -0.0000 0.9952
vn -0.0980 -0.0000 0.9952
vn -0.2903 -0.0000 0.9569
vn -0.4714 -0.0000 0.8819
vn -0.6344 -0.0000 0.7730
vn -0.7730 -0.0000 0.6344
vn -0.8819 -0.0000 0.4714
vn -0.9569 -0.0000 0.2903
vn -0.9952 -0.0000 0.0980
vn -0.9952 -0.0000 -0.0980
vn -0.9569 -0.0000 -0.2903
vn -0.8819 -0.0000 -0.4714
vn -0.7730 -0.0000 -0.6344
vn -0.6344 -0.0000 -0.7730
vn -0.4714 -0.0000 -0.8819
vn -0.0000 1.0000 -0.0000
vn -0.2903 -0.0000 -0.9569
vn -0.0980 -0.0000 -0.9952
vn -0.0000 -1.0000 -0.0000
vt 1.000000 0.500000
vt 1.000000 1.000000
vt 0.968750 1.000000
vt 0.968750 0.500000
vt 0.937500 1.000000
vt 0.937500 0.500000
vt 0.906250 1.000000
vt 0.906250 0.500000
vt 0.875000 1.000000
vt 0.875000 0.500000
vt 0.843750 1.000000
vt 0.843750 0.500000
vt 0.812500 1.000000
vt 0.812500 0.500000
vt 0.781250 1.000000
vt 0.781250 0.500000
vt 0.750000 1.000000
vt 0.750000 0.500000
vt 0.718750 1.000000
vt 0.718750 0.500000
vt 0.687500 1.000000
vt 0.687500 0.500000
vt 0.656250 1.000000
vt 0.656250 0.500000
vt 0.625000 1.000000
vt 0.625000 0.500000
vt 0.593750 1.000000
vt 0.593750 0.500000
vt 0.562500 1.000000
vt 0.562500 0.500000
vt 0.531250 1.000000
vt 0.531250 0.500000
vt 0.500000 1.000000
vt 0.500000 0.500000
vt 0.468750 1.000000
vt 0.468750 0.500000
vt 0.437500 1.000000
vt 0.437500 0.500000
vt 0.406250 1.000000
vt 0.406250 0.500000
vt 0.375000 1.000000
vt 0.375000 0.500000
vt 0.343750 1.000000
vt 0.343750 0.500000
vt 0.312500 1.000000
vt 0.312500 0.500000
vt 0.281250 1.000000
vt 0.281250 0.500000
vt 0.250000 1.000000
vt 0.250000 0.500000
vt 0.218750 1.000000
vt 0.218750 0.500000
vt 0.187500 1.000000
vt 0.187500 0.500000
vt 0.156250 1.000000
vt 0.156250 0.500000
vt 0.125000 1.000000
vt 0.125000 0.500000
vt 0.093750 1.000000
vt 0.093750 0.500000
vt 0.062500 1.000000
vt 0.062500 0.500000
vt 0.296822 0.485388
vt 0.250000 0.490000
vt 0.203178 0.485388
vt 0.158156 0.471731
vt 0.116663 0.449553
vt 0.080294 0.419706
vt 0.050447 0.383337
vt 0.028269 0.341844
vt 0.014612 0.296822
vt 0.010000 0.250000
vt 0.014612 0.203178
vt 0.028269 0.158156
vt 0.050447 0.116663
vt 0.080294 0.080294
vt 0.116663 0.050447
vt 0.158156 0.028269
vt 0.203178 0.014612
vt 0.250000 0.010000
vt 0.296822 0.014612
vt 0.341844 0.028269
vt 0.383337 0.050447
vt 0.419706 0.080294
vt 0.449553 0.116663
vt 0.471731 0.158156
vt 0.485388 0.203178
vt 0.490000 0.250000
vt 0.485388 0.296822
vt 0.471731 0.341844
vt 0.449553 0.383337
vt 0.419706 0.419706
vt 0.383337 0.449553
vt 0.341844 0.471731
vt 0.031250 1.000000
vt 0.031250 0.500000
vt 0.000000 1.000000
vt 0.000000 0.500000
vt 0.750000 0.490000
vt 0.796822 0.485388
vt 0.841844 0.471731
vt 0.883337 0.449553
vt 0.919706 0.419706
vt 0.949553 0.383337
vt 0.971731 0.341844
vt 0.985388 0.296822
vt 0.990000 0.250000
vt 0.985388 0.203178
vt 0.971731 0.158156
vt 0.949553 0.116663
vt 0.919706 0.080294
vt 0.883337 0.050447
vt 0.841844 0.028269
vt 0.796822 0.014612
vt 0.750000 0.010000
vt 0.703178 0.014612
vt 0.658156 0.028269
vt 0.616663 0.050447
vt 0.580294 0.080294
vt 0.550447 0.116663
vt 0.528269 0.158156
vt 0.514612 0.203178
vt 0.510000 0.250000
vt 0.514612 0.296822
vt 0.528269 0.341844
vt 0.550447 0.383337
vt 0.580294 0.419706
vt 0.616663 0.449553
vt 0.658156 0.471731
vt 0.703178 0.485388
s 0
f 2866/3402/539 2867/3403/539 2869/3404/539 2868/3405/539
f 2868/3405/540 2869/3404/540 2871/3406/540 2870/3407/540
f 2870/3407/541 2871/3406/541 2873/3408/541 2872/3409/541
f 2872/3409/542 2873/3408/542 2875/3410/542 2874/3411/542
f 2874/3411/543 2875/3410/543 2877/3412/543 2876/3413/543
f 2876/3413/544 2877/3412/544 2879/3414/544 2878/3415/544
f 2878/3415/545 2879/3414/545 2881/3416/545 2880/3417/545
f 2880/3417/546 2881/3416/546 2883/3418/546 2882/3419/546
f 2882/3419/547 2883/3418/547 2885/3420/547 2884/3421/547
f 2884/3421/548 2885/3420/548 2887/3422/548 2886/3423/548
f 2886/3423/549 2887/3422/549 2889/3424/549 2888/3425/549
f 2888/3425/550 2889/3424/550 2891/3426/550 2890/3427/550
f 2890/3427/551 2891/3426/551 2893/3428/551 2892/3429/551
f 2892/3429/552 2893/3428/552 2895/3430/552 2894/3431/552
f 2894/3431/553 2895/3430/553 2897/3432/553 2896/3433/553
f 2896/3433/554 2897/3432/554 2899/3434/554 2898/3435/554
f 2898/3435/555 2899/3434/555 2901/3436/555 2900/3437/555
f 2900/3437/556 2901/3436/556 2903/3438/556 2902/3439/556
f 2902/3439/557 2903/3438/557 2905/3440/557 2904/3441/557
f 2904/3441/558 2905/3440/558 2907/3442/558 2906/3443/558
f 2906/3443/559 2907/3442/559 2909/3444/559 2908/3445/559
f 2908/3445/560 2909/3444/560 2911/3446/560 2910/3447/560
f 2910/3447/561 2911/3446/561 2913/3448/561 2912/3449/561
f 2912/3449/562 2913/3448/562 2915/3450/562 2914/3451/562
f 2914/3451/563 2915/3450/563 2917/3452/563 2916/3453/563
f 2916/3453/564 2917/3452/564 2919/3454/564 2918/3455/564
f 2918/3455/565 2919/3454/565 2921/3456/565 2920/3457/565
f 2920/3457/566 2921/3456/566 2923/3458/566 2922/3459/566
f 2922/3459/567 2923/3458/567 2925/3460/567 2924/3461/567
f 2924/3461/568 2925/3460/568 2927/3462/568 2926/3463/568
f 2869/3464/569 2867/3465/569 2929/3466/569 2927/3467/569 2925/3468/569 2923/3469/569 2921/3470/569 2919/3471/569 2917/3472/569 2915/3473/569 2913/3474/569 2911/3475/569 2909/3476/569 2907/3477/569 2905/3478/569 2903/3479/569 2901/3480/569 2899/3481/569 2897/3482/569 2895/3483/569 2893/3484/569 2891/3485/569 2889/3486/569 2887/3487/569 2885/3488/569 2883/3489/569 2881/3490/569 2879/3491/569 2877/3492/569 2875/3493/569 2873/3494/569 2871/3495/569
f 2926/3463/570 2927/3462/570 2929/3496/570 2928/3497/570
f 2928/3497/571 2929/3496/571 2867/3498/571 2866/3499/571
f 2866/3500/572 2868/3501/572 2870/3502/572 2872/3503/572 2874/3504/572 2876/3505/572 2878/3506/572 2880/3507/572 2882/3508/572 2884/3509/572 2886/3510/572 2888/3511/572 2890/3512/572 2892/3513/572 2894/3514/572 2896/3515/572 2898/3516/572 2900/3517/572 2902/3518/572 2904/3519/572 2906/3520/572 2908/3521/572 2910/3522/572 2912/3523/572 2914/3524/572 2916/3525/572 2918/3526/572 2920/3527/572 2922/3528/572 2924/3529/572 2926/3530/572 2928/3531/572
o Cylinder.016
v 12.817398 -0.231861 -16.504025
v 12.817398 16.465769 -16.504025
v 12.864206 -0.231861 -16.499414
v 12.864206 16.465769 -16.499414
v 12.909216 -0.231861 -16.485760
v 12.909216 16.465769 -16.485760
v 12.950697 -0.231861 -16.463589
v 12.950697 16.465769 -16.463589
v 12.987056 -0.231861 -16.433750
v 12.987056 16.465769 -16.433750
v 13.016894 -0.231861 -16.397390
v 13.016894 16.465769 -16.397390
v 13.039066 -0.231861 -16.355909
v 13.039066 16.465769 -16.355909
v 13.052720 -0.231861 -16.310900
v 13.052720 16.465769 -16.310900
v 13.057330 -0.231861 -16.264091
v 13.057330 16.465769 -16.264091
v 13.052720 -0.231861 -16.217283
v 13.052720 16.465769 -16.217283
v 13.039066 -0.231861 -16.172274
v 13.039066 16.465769 -16.172274
v 13.016894 -0.231861 -16.130793
v 13.016894 16.465769 -16.130793
v 12.987056 -0.231861 -16.094433
v 12.987056 16.465769 -16.094433
v 12.950697 -0.231861 -16.064594
v 12.950697 16.465769 -16.064594
v 12.909216 -0.231861 -16.042423
v 12.909216 16.465769 -16.042423
v 12.864206 -0.231861 -16.028769
v 12.864206 16.465769 -16.028769
v 12.817398 -0.231861 -16.024158
v 12.817398 16.465769 -16.024158
v 12.770590 -0.231861 -16.028769
v 12.770590 16.465769 -16.028769
v 12.725580 -0.231861 -16.042423
v 12.725580 16.465769 -16.042423
v 12.684099 -0.231861 -16.064594
v 12.684099 16.465769 -16.064594
v 12.647740 -0.231861 -16.094433
v 12.647740 16.465769 -16.094433
v 12.617902 -0.231861 -16.130793
v 12.617902 16.465769 -16.130793
v 12.595730 -0.231861 -16.172274
v 12.595730 16.465769 -16.172274
v 12.582076 -0.231861 -16.217283
v 12.582076 16.465769 -16.217283
v 12.577466 -0.231861 -16.264091
v 12.577466 16.465769 -16.264091
v 12.582076 -0.231861 -16.310900
v 12.582076 16.465769 -16.310900
v 12.595730 -0.231861 -16.355909
v 12.595730 16.465769 -16.355909
v 12.617902 -0.231861 -16.397390
v 12.617902 16.465769 -16.397390
v 12.647740 -0.231861 -16.433750
v 12.647740 16.465769 -16.433750
v 12.684099 -0.231861 -16.463589
v 12.684099 16.465769 -16.463589
v 12.725580 -0.231861 -16.485760
v 12.725580 16.465769 -16.485760
v 12.770590 -0.231861 -16.499414
v 12.770590 16.465769 -16.499414
vn 0.0980 -0.0000 -0.9952
vn 0.2903 -0.0000 -0.9569
vn 0.4714 -0.0000 -0.8819
vn 0.6344 -0.0000 -0.7730
vn 0.7730 -0.0000 -0.6344
vn 0.8819 -0.0000 -0.4714
vn 0.9569 -0.0000 -0.2903
vn 0.9952 -0.0000 -0.0980
vn 0.9952 -0.0000 0.0980
vn 0.9569 -0.0000 0.2903
vn 0.8819 -0.0000 0.4714
vn 0.7730 -0.0000 0.6344
vn 0.6344 -0.0000 0.7730
vn 0.4714 -0.0000 0.8819
vn 0.2903 -0.0000 0.9569
vn 0.0980 -0.0000 0.9952
vn -0.0980 -0.0000 0.9952
vn -0.2903 -0.0000 0.9569
vn -0.4714 -0.0000 0.8819
vn -0.6344 -0.0000 0.7730
vn -0.7730 -0.0000 0.6344
vn -0.8819 -0.0000 0.4714
vn -0.9569 -0.0000 0.2903
vn -0.9952 -0.0000 0.0980
vn -0.9952 -0.0000 -0.0980
vn -0.9569 -0.0000 -0.2903
vn -0.8819 -0.0000 -0.4714
vn -0.7730 -0.0000 -0.6344
vn -0.6344 -0.0000 -0.7730
vn -0.4714 -0.0000 -0.8819
vn -0.0000 1.0000 -0.0000
vn -0.2903 -0.0000 -0.9569
vn -0.0980 -0.0000 -0.9952
vn -0.0000 -1.0000 -0.0000
vt 1.000000 0.500000
vt 1.000000 1.000000
vt 0.968750 1.000000
vt 0.968750 0.500000
vt 0.937500 1.000000
vt 0.937500 0.500000
vt 0.906250 1.000000
vt 0.906250 0.500000
vt 0.875000 1.000000
vt 0.875000 0.500000
vt 0.843750 1.000000
vt 0.843750 0.500000
vt 0.812500 1.000000
vt 0.812500 0.500000
vt 0.781250 1.000000
vt 0.781250 0.500000
vt 0.750000 1.000000
vt 0.750000 0.500000
vt 0.718750 1.000000
vt 0.718750 0.500000
vt 0.687500 1.000000
vt 0.687500 0.500000
vt 0.656250 1.000000
vt 0.656250 0.500000
vt 0.625000 1.000000
vt 0.625000 0.500000
vt 0.593750 1.000000
vt 0.593750 0.500000
vt 0.562500 1.000000
vt 0.562500 0.500000
vt 0.531250 1.000000
vt 0.531250 0.500000
vt 0.500000 1.000000
vt 0.500000 0.500000
vt 0.468750 1.000000
vt 0.468750 0.500000
vt 0.437500 1.000000
vt 0.437500 0.500000
vt 0.406250 1.000000
vt 0.406250 0.500000
vt 0.375000 1.000000
vt 0.375000 0.500000
vt 0.343750 1.000000
vt 0.343750 0.500000
vt 0.312500 1.000000
vt 0.312500 0.500000
vt 0.281250 1.000000
vt 0.281250 0.500000
vt 0.250000 1.000000
vt 0.250000 0.500000
vt 0.218750 1.000000
vt 0.218750 0.500000
vt 0.187500 1.000000
vt 0.187500 0.500000
vt 0.156250 1.000000
vt 0.156250 0.500000
vt 0.125000 1.000000
vt 0.125000 0.500000
vt 0.093750 1.000000
vt 0.093750 0.500000
vt 0.062500 1.000000
vt 0.062500 0.500000
vt 0.296822 0.485388
vt 0.250000 0.490000
vt 0.203178 0.485388
vt 0.158156 0.471731
vt 0.116663 0.449553
vt 0.080294 0.419706
vt 0.050447 0.383337
vt 0.028269 0.341844
vt 0.014612 0.296822
vt 0.010000 0.250000
vt 0.014612 0.203178
vt 0.028269 0.158156
vt 0.050447 0.116663
vt 0.080294 0.080294
vt 0.116663 0.050447
vt 0.158156 0.028269
vt 0.203178 0.014612
vt 0.250000 0.010000
vt 0.296822 0.014612
vt 0.341844 0.028269
vt 0.383337 0.050447
vt 0.419706 0.080294
vt 0.449553 0.116663
vt 0.471731 0.158156
vt 0.485388 0.203178
vt 0.490000 0.250000
vt 0.485388 0.296822
vt 0.471731 0.341844
vt 0.449553 0.383337
vt 0.419706 0.419706
vt 0.383337 0.449553
vt 0.341844 0.471731
vt 0.031250 1.000000
vt 0.031250 0.500000
vt 0.000000 1.000000
vt 0.000000 0.500000
vt 0.750000 0.490000
vt 0.796822 0.485388
vt 0.841844 0.471731
vt 0.883337 0.449553
vt 0.919706 0.419706
vt 0.949553 0.383337
vt 0.971731 0.341844
vt 0.985388 0.296822
vt 0.990000 0.250000
vt 0.985388 0.203178
vt 0.971731 0.158156
vt 0.949553 0.116663
vt 0.919706 0.080294
vt 0.883337 0.050447
vt 0.841844 0.028269
vt 0.796822 0.014612
vt 0.750000 0.010000
vt 0.703178 0.014612
vt 0.658156 0.028269
vt 0.616663 0.050447
vt 0.580294 0.080294
vt 0.550447 0.116663
vt 0.528269 0.158156
vt 0.514612 0.203178
vt 0.510000 0.250000
vt 0.514612 0.296822
vt 0.528269 0.341844
vt 0.550447 0.383337
vt 0.580294 0.419706
vt 0.616663 0.449553
vt 0.658156 0.471731
vt 0.703178 0.485388
s 0
f 2930/3532/573 2931/3533/573 2933/3534/573 2932/3535/573
f 2932/3535/574 2933/3534/574 2935/3536/574 2934/3537/574
f 2934/3537/575 2935/3536/575 2937/3538/575 2936/3539/575
f 2936/3539/576 2937/3538/576 2939/3540/576 2938/3541/576
f 2938/3541/577 2939/3540/577 2941/3542/577 2940/3543/577
f 2940/3543/578 2941/3542/578 2943/3544/578 2942/3545/578
f 2942/3545/579 2943/3544/579 2945/3546/579 2944/3547/579
f 2944/3547/580 2945/3546/580 2947/3548/580 2946/3549/580
f 2946/3549/581 2947/3548/581 2949/3550/581 2948/3551/581
f 2948/3551/582 2949/3550/582 2951/3552/582 2950/3553/582
f 2950/3553/583 2951/3552/583 2953/3554/583 2952/3555/583
f 2952/3555/584 2953/3554/584 2955/3556/584 2954/3557/584
f 2954/3557/585 2955/3556/585 2957/3558/585 2956/3559/585
f 2956/3559/586 2957/3558/586 2959/3560/586 2958/3561/586
f 2958/3561/587 2959/3560/587 2961/3562/587 2960/3563/587
f 2960/3563/588 2961/3562/588 2963/3564/588 2962/3565/588
f 2962/3565/589 2963/3564/589 2965/3566/589 2964/3567/589
f 2964/3567/590 2965/3566/590 2967/3568/590 2966/3569/590
f 2966/3569/591 2967/3568/591 2969/3570/591 2968/3571/591
f 2968/3571/592 2969/3570/592 2971/3572/592 2970/3573/592
f 2970/3573/593 2971/3572/593 2973/3574/593 2972/3575/593
f 2972/3575/594 2973/3574/594 2975/3576/594 2974/3577/594
f 2974/3577/595 2975/3576/595 2977/3578/595 2976/3579/595
f 2976/3579/596 2977/3578/596 2979/3580/596 2978/3581/596
f 2978/3581/597 2979/3580/597 2981/3582/597 2980/3583/597
f 2980/3583/598 2981/3582/598 2983/3584/598 2982/3585/598
f 2982/3585/599 2983/3584/599 2985/3586/599 2984/3587/599
f 2984/3587/600 2985/3586/600 2987/3588/600 2986/3589/600
f 2986/3589/601 2987/3588/601 2989/3590/601 2988/3591/601
f 2988/3591/602 2989/3590/602 2991/3592/602 2990/3593/602
f 2933/3594/603 2931/3595/603 2993/3596/603 2991/3597/603 2989/3598/603 2987/3599/603 2985/3600/603 2983/3601/603 2981/3602/603 2979/3603/603 2977/3604/603 2975/3605/603 2973/3606/603 2971/3607/603 2969/3608/603 2967/3609/603 2965/3610/603 2963/3611/603 2961/3612/603 2959/3613/603 2957/3614/603 2955/3615/603 2953/3616/603 2951/3617/603 2949/3618/603 2947/3619/603 2945/3620/603 2943/3621/603 2941/3622/603 2939/3623/603 2937/3624/603 2935/3625/603
f 2990/3593/604 2991/3592/604 2993/3626/604 2992/3627/604
f 2992/3627/605 2993/3626/605 2931/3628/605 2930/3629/605
f 2930/3630/606 2932/3631/606 2934/3632/606 2936/3633/606 2938/3634/606 2940/3635/606 2942/3636/606 2944/3637/606 2946/3638/606 2948/3639/606 2950/3640/606 2952/3641/606 2954/3642/606 2956/3643/606 2958/3644/606 2960/3645/606 2962/3646/606 2964/3647/606 2966/3648/606 2968/3649/606 2970/3650/606 2972/3651/606 2974/3652/606 2976/3653/606 2978/3654/606 2980/3655/606 2982/3656/606 2984/3657/606 2986/3658/606 2988/3659/606 2990/3660/606 2992/3661/606
o Cylinder.017
v 12.817398 -0.231861 -17.614683
v 12.817398 16.465769 -17.614683
v 12.864206 -0.231861 -17.610073
v 12.864206 16.465769 -17.610073
v 12.909216 -0.231861 -17.596418
v 12.909216 16.465769 -17.596418
v 12.950697 -0.231861 -17.574247
v 12.950697 16.465769 -17.574247
v 12.987056 -0.231861 -17.544409
v 12.987056 16.465769 -17.544409
v 13.016894 -0.231861 -17.508049
v 13.016894 16.465769 -17.508049
v 13.039066 -0.231861 -17.466568
v 13.039066 16.465769 -17.466568
v 13.052720 -0.231861 -17.421558
v 13.052720 16.465769 -17.421558
v 13.057330 -0.231861 -17.374750
v 13.057330 16.465769 -17.374750
v 13.052720 -0.231861 -17.327942
v 13.052720 16.465769 -17.327942
v 13.039066 -0.231861 -17.282932
v 13.039066 16.465769 -17.282932
v 13.016894 -0.231861 -17.241451
v 13.016894 16.465769 -17.241451
v 12.987056 -0.231861 -17.205091
v 12.987056 16.465769 -17.205091
v 12.950697 -0.231861 -17.175253
v 12.950697 16.465769 -17.175253
v 12.909216 -0.231861 -17.153082
v 12.909216 16.465769 -17.153082
v 12.864206 -0.231861 -17.139427
v 12.864206 16.465769 -17.139427
v 12.817398 -0.231861 -17.134817
v 12.817398 16.465769 -17.134817
v 12.770590 -0.231861 -17.139427
v 12.770590 16.465769 -17.139427
v 12.725580 -0.231861 -17.153082
v 12.725580 16.465769 -17.153082
v 12.684099 -0.231861 -17.175253
v 12.684099 16.465769 -17.175253
v 12.647740 -0.231861 -17.205091
v 12.647740 16.465769 -17.205091
v 12.617902 -0.231861 -17.241451
v 12.617902 16.465769 -17.241451
v 12.595730 -0.231861 -17.282932
v 12.595730 16.465769 -17.282932
v 12.582076 -0.231861 -17.327942
v 12.582076 16.465769 -17.327942
v 12.577466 -0.231861 -17.374750
v 12.577466 16.465769 -17.374750
v 12.582076 -0.231861 -17.421558
v 12.582076 16.465769 -17.421558
v 12.595730 -0.231861 -17.466568
v 12.595730 16.465769 -17.466568
v 12.617902 -0.231861 -17.508049
v 12.617902 16.465769 -17.508049
v 12.647740 -0.231861 -17.544409
v 12.647740 16.465769 -17.544409
v 12.684099 -0.231861 -17.574247
v 12.684099 16.465769 -17.574247
v 12.725580 -0.231861 -17.596418
v 12.725580 16.465769 -17.596418
v 12.770590 -0.231861 -17.610073
v 12.770590 16.465769 -17.610073
vn 0.0980 -0.0000 -0.9952
vn 0.2903 -0.0000 -0.9569
vn 0.4714 -0.0000 -0.8819
vn 0.6344 -0.0000 -0.7730
vn 0.7730 -0.0000 -0.6344
vn 0.8819 -0.0000 -0.4714
vn 0.9569 -0.0000 -0.2903
vn 0.9952 -0.0000 -0.0980
vn 0.9952 -0.0000 0.0980
vn 0.9569 -0.0000 0.2903
vn 0.8819 -0.0000 0.4714
vn 0.7730 -0.0000 0.6344
vn 0.6344 -0.0000 0.7730
vn 0.4714 -0.0000 0.8819
vn 0.2903 -0.0000 0.9569
vn 0.0980 -0.0000 0.9952
vn -0.0980 -0.0000 0.9952
vn -0.2903 -0.0000 0.9569
vn -0.4714 -0.0000 0.8819
vn -0.6344 -0.0000 0.7730
vn -0.7730 -0.0000 0.6344
vn -0.8819 -0.0000 0.4714
vn -0.9569 -0.0000 0.2903
vn -0.9952 -0.0000 0.0980
vn -0.9952 -0.0000 -0.0980
vn -0.9569 -0.0000 -0.2903
vn -0.8819 -0.0000 -0.4714
vn -0.7730 -0.0000 -0.6344
vn -0.6344 -0.0000 -0.7730
vn -0.4714 -0.0000 -0.8819
vn -0.0000 1.0000 -0.0000
vn -0.2903 -0.0000 -0.9569
vn -0.0980 -0.0000 -0.9952
vn -0.0000 -1.0000 -0.0000
vt 1.000000 0.500000
vt 1.000000 1.000000
vt 0.968750 1.000000
vt 0.968750 0.500000
vt 0.937500 1.000000
vt 0.937500 0.500000
vt 0.906250 1.000000
vt 0.906250 0.500000
vt 0.875000 1.000000
vt 0.875000 0.500000
vt 0.843750 1.000000
vt 0.843750 0.500000
vt 0.812500 1.000000
vt 0.812500 0.500000
vt 0.781250 1.000000
vt 0.781250 0.500000
vt 0.750000 1.000000
vt 0.750000 0.500000
vt 0.718750 1.000000
vt 0.718750 0.500000
vt 0.687500 1.000000
vt 0.687500 0.500000
vt 0.656250 1.000000
vt 0.656250 0.500000
vt 0.625000 1.000000
vt 0.625000 0.500000
vt 0.593750 1.000000
vt 0.593750 0.500000
vt 0.562500 1.000000
vt 0.562500 0.500000
vt 0.531250 1.000000
vt 0.531250 0.500000
vt 0.500000 1.000000
vt 0.500000 0.500000
vt 0.468750 1.000000
vt 0.468750 0.500000
vt 0.437500 1.000000
vt 0.437500 0.500000
vt 0.406250 1.000000
vt 0.406250 0.500000
vt 0.375000 1.000000
vt 0.375000 0.500000
vt 0.343750 1.000000
vt 0.343750 0.500000
vt 0.312500 1.000000
vt 0.312500 0.500000
vt 0.281250 1.000000
vt 0.281250 0.500000
vt 0.250000 1.000000
vt 0.250000 0.500000
vt 0.218750 1.000000
vt 0.218750 0.500000
vt 0.187500 1.000000
vt 0.187500 0.500000
vt 0.156250 1.000000
vt 0.156250 0.500000
vt 0.125000 1.000000
vt 0.125000 0.500000
vt 0.093750 1.000000
vt 0.093750 0.500000
vt 0.062500 1.000000
vt 0.062500 0.500000
vt 0.296822 0.485388
vt 0.250000 0.490000
vt 0.203178 0.485388
vt 0.158156 0.471731
vt 0.116663 0.449553
vt 0.080294 0.419706
vt 0.050447 0.383337
vt 0.028269 0.341844
vt 0.014612 0.296822
vt 0.010000 0.250000
vt 0.014612 0.203178
vt 0.028269 0.158156
vt 0.050447 0.116663
vt 0.080294 0.080294
vt 0.116663 0.050447
vt 0.158156 0.028269
vt 0.203178 0.014612
vt 0.250000 0.010000
vt 0.296822 0.014612
vt 0.341844 0.028269
vt 0.383337 0.050447
vt 0.419706 0.080294
vt 0.449553 0.116663
vt 0.471731 0.158156
vt 0.485388 0.203178
vt 0.490000 0.250000
vt 0.485388 0.296822
vt 0.471731 0.341844
vt 0.449553 0.383337
vt 0.419706 0.419706
vt 0.383337 0.449553
vt 0.341844 0.471731
vt 0.031250 1.000000
vt 0.031250 0.500000
vt 0.000000 1.000000
vt 0.000000 0.500000
vt 0.750000 0.490000
vt 0.796822 0.485388
vt 0.841844 0.471731
vt 0.883337 0.449553
vt 0.919706 0.419706
vt 0.949553 0.383337
vt 0.971731 0.341844
vt 0.985388 0.296822
vt 0.990000 0.250000
vt 0.985388 0.203178
vt 0.971731 0.158156
vt 0.949553 0.116663
vt 0.919706 0.080294
vt 0.883337 0.050447
vt 0.841844 0.028269
vt 0.796822 0.014612
vt 0.750000 0.010000
vt 0.703178 0.014612
vt 0.658156 0.028269
vt 0.616663 0.050447
vt 0.580294 0.080294
vt 0.550447 0.116663
vt 0.528269 0.158156
vt 0.514612 0.203178
vt 0.510000 0.250000
vt 0.514612 0.296822
vt 0.528269 0.341844
vt 0.550447 0.383337
vt 0.580294 0.419706
vt 0.616663 0.449553
vt 0.658156 0.471731
vt 0.703178 0.485388
s 0
f 2994/3662/607 2995/3663/607 2997/3664/607 2996/3665/607
f 2996/3665/608 2997/3664/608 2999/3666/608 2998/3667/608
f 2998/3667/609 2999/3666/609 3001/3668/609 3000/3669/609
f 3000/3669/610 3001/3668/610 3003/3670/610 3002/3671/610
f 3002/3671/611 3003/3670/611 3005/3672/611 3004/3673/611
f 3004/3673/612 3005/3672/612 3007/3674/612 3006/3675/612
f 3006/3675/613 3007/3674/613 3009/3676/613 3008/3677/613
f 3008/3677/614 3009/3676/614 3011/3678/614 3010/3679/614
f 3010/3679/615 3011/3678/615 3013/3680/615 3012/3681/615
f 3012/3681/616 3013/3680/616 3015/3682/616 3014/3683/616
f 3014/3683/617 3015/3682/617 3017/3684/617 3016/3685/617
f 3016/3685/618 3017/3684/618 3019/3686/618 3018/3687/618
f 3018/3687/619 3019/3686/619 3021/3688/619 3020/3689/619
f 3020/3689/620 3021/3688/620 3023/3690/620 3022/3691/620
f 3022/3691/621 3023/3690/621 3025/3692/621 3024/3693/621
f 3024/3693/622 3025/3692/622 3027/3694/622 3026/3695/622
f 3026/3695/623 3027/3694/623 3029/3696/623 3028/3697/623
f 3028/3697/624 3029/3696/624 3031/3698/624 3030/3699/624
f 3030/3699/625 3031/3698/625 3033/3700/625 3032/3701/625
f 3032/3701/626 3033/3700/626 3035/3702/626 3034/3703/626
f 3034/3703/627 3035/3702/627 3037/3704/627 3036/3705/627
f 3036/3705/628 3037/3704/628 3039/3706/628 3038/3707/628
f 3038/3707/629 3039/3706/629 3041/3708/629 3040/3709/629
f 3040/3709/630 3041/3708/630 3043/3710/630 3042/3711/630
f 3042/3711/631 3043/3710/631 3045/3712/631 3044/3713/631
f 3044/3713/632 3045/3712/632 3047/3714/632 3046/3715/632
f 3046/3715/633 3047/3714/633 3049/3716/633 3048/3717/633
f 3048/3717/634 3049/3716/634 3051/3718/634 3050/3719/634
f 3050/3719/635 3051/3718/635 3053/3720/635 3052/3721/635
f 3052/3721/636 3053/3720/636 3055/3722/636 3054/3723/636
f 2997/3724/637 2995/3725/637 3057/3726/637 3055/3727/637 3053/3728/637 3051/3729/637 3049/3730/637 3047/3731/637 3045/3732/637 3043/3733/637 3041/3734/637 3039/3735/637 3037/3736/637 3035/3737/637 3033/3738/637 3031/3739/637 3029/3740/637 3027/3741/637 3025/3742/637 3023/3743/637 3021/3744/637 3019/3745/637 3017/3746/637 3015/3747/637 3013/3748/637 3011/3749/637 3009/3750/637 3007/3751/637 3005/3752/637 3003/3753/637 3001/3754/637 2999/3755/637
f 3054/3723/638 3055/3722/638 3057/3756/638 3056/3757/638
f 3056/3757/639 3057/3756/639 2995/3758/639 2994/3759/639
f 2994/3760/640 2996/3761/640 2998/3762/640 3000/3763/640 3002/3764/640 3004/3765/640 3006/3766/640 3008/3767/640 3010/3768/640 3012/3769/640 3014/3770/640 3016/3771/640 3018/3772/640 3020/3773/640 3022/3774/640 3024/3775/640 3026/3776/640 3028/3777/640 3030/3778/640 3032/3779/640 3034/3780/640 3036/3781/640 3038/3782/640 3040/3783/640 3042/3784/640 3044/3785/640 3046/3786/640 3048/3787/640 3050/3788/640 3052/3789/640 3054/3790/640 3056/3791/640
o Cylinder.018
v 12.817398 -0.231861 -18.739004
v 12.817398 16.465769 -18.739004
v 12.864206 -0.231861 -18.734394
v 12.864206 16.465769 -18.734394
v 12.909216 -0.231861 -18.720739
v 12.909216 16.465769 -18.720739
v 12.950697 -0.231861 -18.698568
v 12.950697 16.465769 -18.698568
v 12.987056 -0.231861 -18.668730
v 12.987056 16.465769 -18.668730
v 13.016894 -0.231861 -18.632370
v 13.016894 16.465769 -18.632370
v 13.039066 -0.231861 -18.590889
v 13.039066 16.465769 -18.590889
v 13.052720 -0.231861 -18.545879
v 13.052720 16.465769 -18.545879
v 13.057330 -0.231861 -18.499071
v 13.057330 16.465769 -18.499071
v 13.052720 -0.231861 -18.452263
v 13.052720 16.465769 -18.452263
v 13.039066 -0.231861 -18.407253
v 13.039066 16.465769 -18.407253
v 13.016894 -0.231861 -18.365772
v 13.016894 16.465769 -18.365772
v 12.987056 -0.231861 -18.329412
v 12.987056 16.465769 -18.329412
v 12.950697 -0.231861 -18.299574
v 12.950697 16.465769 -18.299574
v 12.909216 -0.231861 -18.277403
v 12.909216 16.465769 -18.277403
v 12.864206 -0.231861 -18.263748
v 12.864206 16.465769 -18.263748
v 12.817398 -0.231861 -18.259138
v 12.817398 16.465769 -18.259138
v 12.770590 -0.231861 -18.263748
v 12.770590 16.465769 -18.263748
v 12.725580 -0.231861 -18.277403
v 12.725580 16.465769 -18.277403
v 12.684099 -0.231861 -18.299574
v 12.684099 16.465769 -18.299574
v 12.647740 -0.231861 -18.329412
v 12.647740 16.465769 -18.329412
v 12.617902 -0.231861 -18.365772
v 12.617902 16.465769 -18.365772
v 12.595730 -0.231861 -18.407253
v 12.595730 16.465769 -18.407253
v 12.582076 -0.231861 -18.452263
v 12.582076 16.465769 -18.452263
v 12.577466 -0.231861 -18.499071
v 12.577466 16.465769 -18.499071
v 12.582076 -0.231861 -18.545879
v 12.582076 16.465769 -18.545879
v 12.595730 -0.231861 -18.590889
v 12.595730 16.465769 -18.590889
v 12.617902 -0.231861 -18.632370
v 12.617902 16.465769 -18.632370
v 12.647740 -0.231861 -18.668730
v 12.647740 16.465769 -18.668730
v 12.684099 -0.231861 -18.698568
v 12.684099 16.465769 -18.698568
v 12.725580 -0.231861 -18.720739
v 12.725580 16.465769 -18.720739
v 12.770590 -0.231861 -18.734394
v 12.770590 16.465769 -18.734394
vn 0.0980 -0.0000 -0.9952
vn 0.2903 -0.0000 -0.9569
vn 0.4714 -0.0000 -0.8819
vn 0.6344 -0.0000 -0.7730
vn 0.7730 -0.0000 -0.6344
vn 0.8819 -0.0000 -0.4714
vn 0.9569 -0.0000 -0.2903
vn 0.9952 -0.0000 -0.0980
vn 0.9952 -0.0000 0.0980
vn 0.9569 -0.0000 0.2903
vn 0.8819 -0.0000 0.4714
vn 0.7730 -0.0000 0.6344
vn 0.6344 -0.0000 0.7730
vn 0.4714 -0.0000 0.8819
vn 0.2903 -0.0000 0.9569
vn 0.0980 -0.0000 0.9952
vn -0.0980 -0.0000 0.9952
vn -0.2903 -0.0000 0.9569
vn -0.4714 -0.0000 0.8819
vn -0.6344 -0.0000 0.7730
vn -0.7730 -0.0000 0.6344
vn -0.8819 -0.0000 0.4714
vn -0.9569 -0.0000 0.2903
vn -0.9952 -0.0000 0.0980
vn -0.9952 -0.0000 -0.0980
vn -0.9569 -0.0000 -0.2903
vn -0.8819 -0.0000 -0.4714
vn -0.7730 -0.0000 -0.6344
vn -0.6344 -0.0000 -0.7730
vn -0.4714 -0.0000 -0.8819
vn -0.0000 1.0000 -0.0000
vn -0.2903 -0.0000 -0.9569
vn -0.0980 -0.0000 -0.9952
vn -0.0000 -1.0000 -0.0000
vt 1.000000 0.500000
vt 1.000000 1.000000
vt 0.968750 1.000000
vt 0.968750 0.500000
vt 0.937500 1.000000
vt 0.937500 0.500000
vt 0.906250 1.000000
vt 0.906250 0.500000
vt 0.875000 1.000000
vt 0.875000 0.500000
vt 0.843750 1.000000
vt 0.843750 0.500000
vt 0.812500 1.000000
vt 0.812500 0.500000
vt 0.781250 1.000000
vt 0.781250 0.500000
vt 0.750000 1.000000
vt 0.750000 0.500000
vt 0.718750 1.000000
vt 0.718750 0.500000
vt 0.687500 1.000000
vt 0.687500 0.500000
vt 0.656250 1.000000
vt 0.656250 0.500000
vt 0.625000 1.000000
vt 0.625000 0.500000
vt 0.593750 1.000000
vt 0.593750 0.500000
vt 0.562500 1.000000
vt 0.562500 0.500000
vt 0.531250 1.000000
vt 0.531250 0.500000
vt 0.500000 1.000000
vt 0.500000 0.500000
vt 0.468750 1.000000
vt 0.468750 0.500000
vt 0.437500 1.000000
vt 0.437500 0.500000
vt 0.406250 1.000000
vt 0.406250 0.500000
vt 0.375000 1.000000
vt 0.375000 0.500000
vt 0.343750 1.000000
vt 0.343750 0.500000
vt 0.312500 1.000000
vt 0.312500 0.500000
vt 0.281250 1.000000
vt 0.281250 0.500000
vt 0.250000 1.000000
vt 0.250000 0.500000
vt 0.218750 1.000000
vt 0.218750 0.500000
vt 0.187500 1.000000
vt 0.187500 0.500000
vt 0.156250 1.000000
vt 0.156250 0.500000
vt 0.125000 1.000000
vt 0.125000 0.500000
vt 0.093750 1.000000
vt 0.093750 0.500000
vt 0.062500 1.000000
vt 0.062500 0.500000
vt 0.296822 0.485388
vt 0.250000 0.490000
vt 0.203178 0.485388
vt 0.158156 0.471731
vt 0.116663 0.449553
vt 0.080294 0.419706
vt 0.050447 0.383337
vt 0.028269 0.341844
vt 0.014612 0.296822
vt 0.010000 0.250000
vt 0.014612 0.203178
vt 0.028269 0.158156
vt 0.050447 0.116663
vt 0.080294 0.080294
vt 0.116663 0.050447
vt 0.158156 0.028269
vt 0.203178 0.014612
vt 0.250000 0.010000
vt 0.296822 0.014612
vt 0.341844 0.028269
vt 0.383337 0.050447
vt 0.419706 0.080294
vt 0.449553 0.116663
vt 0.471731 0.158156
vt 0.485388 0.203178
vt 0.490000 0.250000
vt 0.485388 0.296822
vt 0.471731 0.341844
vt 0.449553 0.383337
vt 0.419706 0.419706
vt 0.383337 0.449553
vt 0.341844 0.471731
vt 0.031250 1.000000
vt 0.031250 0.500000
vt 0.000000 1.000000
vt 0.000000 0.500000
vt 0.750000 0.490000
vt 0.796822 0.485388
vt 0.841844 0.471731
vt 0.883337 0.449553
vt 0.919706 0.419706
vt 0.949553 0.383337
vt 0.971731 0.341844
vt 0.985388 0.296822
vt 0.990000 0.250000
vt 0.985388 0.203178
vt 0.971731 0.158156
vt 0.949553 0.116663
vt 0.919706 0.080294
vt 0.883337 0.050447
vt 0.841844 0.028269
vt 0.796822 0.014612
vt 0.750000 0.010000
vt 0.703178 0.014612
vt 0.658156 0.028269
vt 0.616663 0.050447
vt 0.580294 0.080294
vt 0.550447 0.116663
vt 0.528269 0.158156
vt 0.514612 0.203178
vt 0.510000 0.250000
vt 0.514612 0.296822
vt 0.528269 0.341844
vt 0.550447 0.383337
vt 0.580294 0.419706
vt 0.616663 0.449553
vt 0.658156 0.471731
vt 0.703178 0.485388
s 0
f 3058/3792/641 3059/3793/641 3061/3794/641 3060/3795/641
f 3060/3795/642 3061/3794/642 3063/3796/642 3062/3797/642
f 3062/3797/643 3063/3796/643 3065/3798/643 3064/3799/643
f 3064/3799/644 3065/3798/644 3067/3800/644 3066/3801/644
f 3066/3801/645 3067/3800/645 3069/3802/645 3068/3803/645
f 3068/3803/646 3069/3802/646 3071/3804/646 3070/3805/646
f 3070/3805/647 3071/3804/647 3073/3806/647 3072/3807/647
f 3072/3807/648 3073/3806/648 3075/3808/648 3074/3809/648
f 3074/3809/649 3075/3808/649 3077/3810/649 3076/3811/649
f 3076/3811/650 3077/3810/650 3079/3812/650 3078/3813/650
f 3078/3813/651 3079/3812/651 3081/3814/651 3080/3815/651
f 3080/3815/652 3081/3814/652 3083/3816/652 3082/3817/652
f 3082/3817/653 3083/3816/653 3085/3818/653 3084/3819/653
f 3084/3819/654 3085/3818/654 3087/3820/654 3086/3821/654
f 3086/3821/655 3087/3820/655 3089/3822/655 3088/3823/655
f 3088/3823/656 3089/3822/656 3091/3824/656 3090/3825/656
f 3090/3825/657 3091/3824/657 3093/3826/657 3092/3827/657
f 3092/3827/658 3093/3826/658 3095/3828/658 3094/3829/658
f 3094/3829/659 3095/3828/659 3097/3830/659 3096/3831/659
f 3096/3831/660 3097/3830/660 3099/3832/660 3098/3833/660
f 3098/3833/661 3099/3832/661 3101/3834/661 3100/3835/661
f 3100/3835/662 3101/3834/662 3103/3836/662 3102/3837/662
f 3102/3837/663 3103/3836/663 3105/3838/663 3104/3839/663
f 3104/3839/664 3105/3838/664 3107/3840/664 3106/3841/664
f 3106/3841/665 3107/3840/665 3109/3842/665 3108/3843/665
f 3108/3843/666 3109/3842/666 3111/3844/666 3110/3845/666
f 3110/3845/667 3111/3844/667 3113/3846/667 3112/3847/667
f 3112/3847/668 3113/3846/668 3115/3848/668 3114/3849/668
f 3114/3849/669 3115/3848/669 3117/3850/669 3116/3851/669
f 3116/3851/670 3117/3850/670 3119/3852/670 3118/3853/670
f 3061/3854/671 3059/3855/671 3121/3856/671 3119/3857/671 3117/3858/671 3115/3859/671 3113/3860/671 3111/3861/671 3109/3862/671 3107/3863/671 3105/3864/671 3103/3865/671 3101/3866/671 3099/3867/671 3097/3868/671 3095/3869/671 3093/3870/671 3091/3871/671 3089/3872/671 3087/3873/671 3085/3874/671 3083/3875/671 3081/3876/671 3079/3877/671 3077/3878/671 3075/3879/671 3073/3880/671 3071/3881/671 3069/3882/671 3067/3883/671 3065/3884/671 3063/3885/671
f 3118/3853/672 3119/3852/672 3121/3886/672 3120/3887/672
f 3120/3887/673 3121/3886/673 3059/3888/673 3058/3889/673
f 3058/3890/674 3060/3891/674 3062/3892/674 3064/3893/674 3066/3894/674 3068/3895/674 3070/3896/674 3072/3897/674 3074/3898/674 3076/3899/674 3078/3900/674 3080/3901/674 3082/3902/674 3084/3903/674 3086/3904/674 3088/3905/674 3090/3906/674 3092/3907/674 3094/3908/674 3096/3909/674 3098/3910/674 3100/3911/674 3102/3912/674 3104/3913/674 3106/3914/674 3108/3915/674 3110/3916/674 3112/3917/674 3114/3918/674 3116/3919/674 3118/3920/674 3120/3921/674
o Cylinder.019
v 12.817398 -0.231861 -23.011744
v 12.817398 16.465769 -23.011744
v 12.864206 -0.231861 -23.007133
v 12.864206 16.465769 -23.007133
v 12.909216 -0.231861 -22.993479
v 12.909216 16.465769 -22.993479
v 12.950697 -0.231861 -22.971308
v 12.950697 16.465769 -22.971308
v 12.987056 -0.231861 -22.941469
v 12.987056 16.465769 -22.941469
v 13.016894 -0.231861 -22.905109
v 13.016894 16.465769 -22.905109
v 13.039066 -0.231861 -22.863628
v 13.039066 16.465769 -22.863628
v 13.052720 -0.231861 -22.818619
v 13.052720 16.465769 -22.818619
v 13.057330 -0.231861 -22.771811
v 13.057330 16.465769 -22.771811
v 13.052720 -0.231861 -22.725002
v 13.052720 16.465769 -22.725002
v 13.039066 -0.231861 -22.679993
v 13.039066 16.465769 -22.679993
v 13.016894 -0.231861 -22.638512
v 13.016894 16.465769 -22.638512
v 12.987056 -0.231861 -22.602152
v 12.987056 16.465769 -22.602152
v 12.950697 -0.231861 -22.572313
v 12.950697 16.465769 -22.572313
v 12.909216 -0.231861 -22.550142
v 12.909216 16.465769 -22.550142
v 12.864206 -0.231861 -22.536488
v 12.864206 16.465769 -22.536488
v 12.817398 -0.231861 -22.531878
v 12.817398 16.465769 -22.531878
v 12.770590 -0.231861 -22.536488
v 12.770590 16.465769 -22.536488
v 12.725580 -0.231861 -22.550142
v 12.725580 16.465769 -22.550142
v 12.684099 -0.231861 -22.572313
v 12.684099 16.465769 -22.572313
v 12.647740 -0.231861 -22.602152
v 12.647740 16.465769 -22.602152
v 12.617902 -0.231861 -22.638512
v 12.617902 16.465769 -22.638512
v 12.595730 -0.231861 -22.679993
v 12.595730 16.465769 -22.679993
v 12.582076 -0.231861 -22.725002
v 12.582076 16.465769 -22.725002
v 12.577466 -0.231861 -22.771811
v 12.577466 16.465769 -22.771811
v 12.582076 -0.231861 -22.818619
v 12.582076 16.465769 -22.818619
v 12.595730 -0.231861 -22.863628
v 12.595730 16.465769 -22.863628
v 12.617902 -0.231861 -22.905109
v 12.617902 16.465769 -22.905109
v 12.647740 -0.231861 -22.941469
v 12.647740 16.465769 -22.941469
v 12.684099 -0.231861 -22.971308
v 12.684099 16.465769 -22.971308
v 12.725580 -0.231861 -22.993479
v 12.725580 16.465769 -22.993479
v 12.770590 -0.231861 -23.007133
v 12.770590 16.465769 -23.007133
vn 0.0980 -0.0000 -0.9952
vn 0.2903 -0.0000 -0.9569
vn 0.4714 -0.0000 -0.8819
vn 0.6344 -0.0000 -0.7730
vn 0.7730 -0.0000 -0.6344
vn 0.8819 -0.0000 -0.4714
vn 0.9569 -0.0000 -0.2903
vn 0.9952 -0.0000 -0.0980
vn 0.9952 -0.0000 0.0980
vn 0.9569 -0.0000 0.2903
vn 0.8819 -0.0000 0.4714
vn 0.7730 -0.0000 0.6344
vn 0.6344 -0.0000 0.7730
vn 0.4714 -0.0000 0.8819
vn 0.2903 -0.0000 0.9569
vn 0.0980 -0.0000 0.9952
vn -0.0980 -0.0000 0.9952
vn -0.2903 -0.0000 0.9569
vn -0.4714 -0.0000 0.8819
vn -0.6344 -0.0000 0.7730
vn -0.7730 -0.0000 0.6344
vn -0.8819 -0.0000 0.4714
vn -0.9569 -0.0000 0.2903
vn -0.9952 -0.0000 0.0980
vn -0.9952 -0.0000 -0.0980
vn -0.9569 -0.0000 -0.2903
vn -0.8819 -0.0000 -0.4714
vn -0.7730 -0.0000 -0.6344
vn -0.6344 -0.0000 -0.7730
vn -0.4714 -0.0000 -0.8819
vn -0.0000 1.0000 -0.0000
vn -0.2903 -0.0000 -0.9569
vn -0.0980 -0.0000 -0.9952
vn -0.0000 -1.0000 -0.0000
vt 1.000000 0.500000
vt 1.000000 1.000000
vt 0.968750 1.000000
vt 0.968750 0.500000
vt 0.937500 1.000000
vt 0.937500 0.500000
vt 0.906250 1.000000
vt 0.906250 0.500000
vt 0.875000 1.000000
vt 0.875000 0.500000
vt 0.843750 1.000000
vt 0.843750 0.500000
vt 0.812500 1.000000
vt 0.812500 0.500000
vt 0.781250 1.000000
vt 0.781250 0.500000
vt 0.750000 1.000000
vt 0.750000 0.500000
vt 0.718750 1.000000
vt 0.718750 0.500000
vt 0.687500 1.000000
vt 0.687500 0.500000
vt 0.656250 1.000000
vt 0.656250 0.500000
vt 0.625000 1.000000
vt 0.625000 0.500000
vt 0.593750 1.000000
vt 0.593750 0.500000
vt 0.562500 1.000000
vt 0.562500 0.500000
vt 0.531250 1.000000
vt 0.531250 0.500000
vt 0.500000 1.000000
vt 0.500000 0.500000
vt 0.468750 1.000000
vt 0.468750 0.500000
vt 0.437500 1.000000
vt 0.437500 0.500000
vt 0.406250 1.000000
vt 0.406250 0.500000
vt 0.375000 1.000000
vt 0.375000 0.500000
vt 0.343750 1.000000
vt 0.343750 0.500000
vt 0.312500 1.000000
vt 0.312500 0.500000
vt 0.281250 1.000000
vt 0.281250 0.500000
vt 0.250000 1.000000
vt 0.250000 0.500000
vt 0.218750 1.000000
vt 0.218750 0.500000
vt 0.187500 1.000000
vt 0.187500 0.500000
vt 0.156250 1.000000
vt 0.156250 0.500000
vt 0.125000 1.000000
vt 0.125000 0.500000
vt 0.093750 1.000000
vt 0.093750 0.500000
vt 0.062500 1.000000
vt 0.062500 0.500000
vt 0.296822 0.485388
vt 0.250000 0.490000
vt 0.203178 0.485388
vt 0.158156 0.471731
vt 0.116663 0.449553
vt 0.080294 0.419706
vt 0.050447 0.383337
vt 0.028269 0.341844
vt 0.014612 0.296822
vt 0.010000 0.250000
vt 0.014612 0.203178
vt 0.028269 0.158156
vt 0.050447 0.116663
vt 0.080294 0.080294
vt 0.116663 0.050447
vt 0.158156 0.028269
vt 0.203178 0.014612
vt 0.250000 0.010000
vt 0.296822 0.014612
vt 0.341844 0.028269
vt 0.383337 0.050447
vt 0.419706 0.080294
vt 0.449553 0.116663
vt 0.471731 0.158156
vt 0.485388 0.203178
vt 0.490000 0.250000
vt 0.485388 0.296822
vt 0.471731 0.341844
vt 0.449553 0.383337
vt 0.419706 0.419706
vt 0.383337 0.449553
vt 0.341844 0.471731
vt 0.031250 1.000000
vt 0.031250 0.500000
vt 0.000000 1.000000
vt 0.000000 0.500000
vt 0.750000 0.490000
vt 0.796822 0.485388
vt 0.841844 0.471731
vt 0.883337 0.449553
vt 0.919706 0.419706
vt 0.949553 0.383337
vt 0.971731 0.341844
vt 0.985388 0.296822
vt 0.990000 0.250000
vt 0.985388 0.203178
vt 0.971731 0.158156
vt 0.949553 0.116663
vt 0.919706 0.080294
vt 0.883337 0.050447
vt 0.841844 0.028269
vt 0.796822 0.014612
vt 0.750000 0.010000
vt 0.703178 0.014612
vt 0.658156 0.028269
vt 0.616663 0.050447
vt 0.580294 0.080294
vt 0.550447 0.116663
vt 0.528269 0.158156
vt 0.514612 0.203178
vt 0.510000 0.250000
vt 0.514612 0.296822
vt 0.528269 0.341844
vt 0.550447 0.383337
vt 0.580294 0.419706
vt 0.616663 0.449553
vt 0.658156 0.471731
vt 0.703178 0.485388
s 0
f 3122/3922/675 3123/3923/675 3125/3924/675 3124/3925/675
f 3124/3925/676 3125/3924/676 3127/3926/676 3126/3927/676
f 3126/3927/677 3127/3926/677 3129/3928/677 3128/3929/677
f 3128/3929/678 3129/3928/678 3131/3930/678 3130/3931/678
f 3130/3931/679 3131/3930/679 3133/3932/679 3132/3933/679
f 3132/3933/680 3133/3932/680 3135/3934/680 3134/3935/680
f 3134/3935/681 3135/3934/681 3137/3936/681 3136/3937/681
f 3136/3937/682 3137/3936/682 3139/3938/682 3138/3939/682
f 3138/3939/683 3139/3938/683 3141/3940/683 3140/3941/683
f 3140/3941/684 3141/3940/684 3143/3942/684 3142/3943/684
f 3142/3943/685 3143/3942/685 3145/3944/685 3144/3945/685
f 3144/3945/686 3145/3944/686 3147/3946/686 3146/3947/686
f 3146/3947/687 3147/3946/687 3149/3948/687 3148/3949/687
f 3148/3949/688 3149/3948/688 3151/3950/688 3150/3951/688
f 3150/3951/689 3151/3950/689 3153/3952/689 3152/3953/689
f 3152/3953/690 3153/3952/690 3155/3954/690 3154/3955/690
f 3154/3955/691 3155/3954/691 3157/3956/691 3156/3957/691
f 3156/3957/692 3157/3956/692 3159/3958/692 3158/3959/692
f 3158/3959/693 3159/3958/693 3161/3960/693 3160/3961/693
f 3160/3961/694 3161/3960/694 3163/3962/694 3162/3963/694
f 3162/3963/695 3163/3962/695 3165/3964/695 3164/3965/695
f 3164/3965/696 3165/3964/696 3167/3966/696 3166/3967/696
f 3166/3967/697 3167/3966/697 3169/3968/697 3168/3969/697
f 3168/3969/698 3169/3968/698 3171/3970/698 3170/3971/698
f 3170/3971/699 3171/3970/699 3173/3972/699 3172/3973/699
f 3172/3973/700 3173/3972/700 3175/3974/700 3174/3975/700
f 3174/3975/701 3175/3974/701 3177/3976/701 3176/3977/701
f 3176/3977/702 3177/3976/702 3179/3978/702 3178/3979/702
f 3178/3979/703 3179/3978/703 3181/3980/703 3180/3981/703
f 3180/3981/704 3181/3980/704 3183/3982/704 3182/3983/704
f 3125/3984/705 3123/3985/705 3185/3986/705 3183/3987/705 3181/3988/705 3179/3989/705 3177/3990/705 3175/3991/705 3173/3992/705 3171/3993/705 3169/3994/705 3167/3995/705 3165/3996/705 3163/3997/705 3161/3998/705 3159/3999/705 3157/4000/705 3155/4001/705 3153/4002/705 3151/4003/705 3149/4004/705 3147/4005/705 3145/4006/705 3143/4007/705 3141/4008/705 3139/4009/705 3137/4010/705 3135/4011/705 3133/4012/705 3131/4013/705 3129/4014/705 3127/4015/705
f 3182/3983/706 3183/3982/706 3185/4016/706 3184/4017/706
f 3184/4017/707 3185/4016/707 3123/4018/707 3122/4019/707
f 3122/4020/708 3124/4021/708 3126/4022/708 3128/4023/708 3130/4024/708 3132/4025/708 3134/4026/708 3136/4027/708 3138/4028/708 3140/4029/708 3142/4030/708 3144/4031/708 3146/4032/708 3148/4033/708 3150/4034/708 3152/4035/708 3154/4036/708 3156/4037/708 3158/4038/708 3160/4039/708 3162/4040/708 3164/4041/708 3166/4042/708 3168/4043/708 3170/4044/708 3172/4045/708 3174/4046/708 3176/4047/708 3178/4048/708 3180/4049/708 3182/4050/708 3184/4051/708
o Cylinder.020
v 12.817398 -0.231861 -24.122400
v 12.817398 16.465769 -24.122400
v 12.864206 -0.231861 -24.117790
v 12.864206 16.465769 -24.117790
v 12.909216 -0.231861 -24.104136
v 12.909216 16.465769 -24.104136
v 12.950697 -0.231861 -24.081964
v 12.950697 16.465769 -24.081964
v 12.987056 -0.231861 -24.052126
v 12.987056 16.465769 -24.052126
v 13.016894 -0.231861 -24.015766
v 13.016894 16.465769 -24.015766
v 13.039066 -0.231861 -23.974285
v 13.039066 16.465769 -23.974285
v 13.052720 -0.231861 -23.929276
v 13.052720 16.465769 -23.929276
v 13.057330 -0.231861 -23.882467
v 13.057330 16.465769 -23.882467
v 13.052720 -0.231861 -23.835659
v 13.052720 16.465769 -23.835659
v 13.039066 -0.231861 -23.790649
v 13.039066 16.465769 -23.790649
v 13.016894 -0.231861 -23.749168
v 13.016894 16.465769 -23.749168
v 12.987056 -0.231861 -23.712809
v 12.987056 16.465769 -23.712809
v 12.950697 -0.231861 -23.682970
v 12.950697 16.465769 -23.682970
v 12.909216 -0.231861 -23.660799
v 12.909216 16.465769 -23.660799
v 12.864206 -0.231861 -23.647144
v 12.864206 16.465769 -23.647144
v 12.817398 -0.231861 -23.642534
v 12.817398 16.465769 -23.642534
v 12.770590 -0.231861 -23.647144
v 12.770590 16.465769 -23.647144
v 12.725580 -0.231861 -23.660799
v 12.725580 16.465769 -23.660799
v 12.684099 -0.231861 -23.682970
v 12.684099 16.465769 -23.682970
v 12.647740 -0.231861 -23.712809
v 12.647740 16.465769 -23.712809
v 12.617902 -0.231861 -23.749168
v 12.617902 16.465769 -23.749168
v 12.595730 -0.231861 -23.790649
v 12.595730 16.465769 -23.790649
v 12.582076 -0.231861 -23.835659
v 12.582076 16.465769 -23.835659
v 12.577466 -0.231861 -23.882467
v 12.577466 16.465769 -23.882467
v 12.582076 -0.231861 -23.929276
v 12.582076 16.465769 -23.929276
v 12.595730 -0.231861 -23.974285
v 12.595730 16.465769 -23.974285
v 12.617902 -0.231861 -24.015766
v 12.617902 16.465769 -24.015766
v 12.647740 -0.231861 -24.052126
v 12.647740 16.465769 -24.052126
v 12.684099 -0.231861 -24.081964
v 12.684099 16.465769 -24.081964
v 12.725580 -0.231861 -24.104136
v 12.725580 16.465769 -24.104136
v 12.770590 -0.231861 -24.117790
v 12.770590 16.465769 -24.117790
vn 0.0980 -0.0000 -0.9952
vn 0.2903 -0.0000 -0.9569
vn 0.4714 -0.0000 -0.8819
vn 0.6344 -0.0000 -0.7730
vn 0.7730 -0.0000 -0.6344
vn 0.8819 -0.0000 -0.4714
vn 0.9569 -0.0000 -0.2903
vn 0.9952 -0.0000 -0.0980
vn 0.9952 -0.0000 0.0980
vn 0.9569 -0.0000 0.2903
vn 0.8819 -0.0000 0.4714
vn 0.7730 -0.0000 0.6344
vn 0.6344 -0.0000 0.7730
vn 0.4714 -0.0000 0.8819
vn 0.2903 -0.0000 0.9569
vn 0.0980 -0.0000 0.9952
vn -0.0980 -0.0000 0.9952
vn -0.2903 -0.0000 0.9569
vn -0.4714 -0.0000 0.8819
vn -0.6344 -0.0000 0.7730
vn -0.7730 -0.0000 0.6344
vn -0.8819 -0.0000 0.4714
vn -0.9569 -0.0000 0.2903
vn -0.9952 -0.0000 0.0980
vn -0.9952 -0.0000 -0.0980
vn -0.9569 -0.0000 -0.2903
vn -0.8819 -0.0000 -0.4714
vn -0.7730 -0.0000 -0.6344
vn -0.6344 -0.0000 -0.7730
vn -0.4714 -0.0000 -0.8819
vn -0.0000 1.0000 -0.0000
vn -0.2903 -0.0000 -0.9569
vn -0.0980 -0.0000 -0.9952
vn -0.0000 -1.0000 -0.0000
vt 1.000000 0.500000
vt 1.000000 1.000000
vt 0.968750 1.000000
vt 0.968750 0.500000
vt 0.937500 1.000000
vt 0.937500 0.500000
vt 0.906250 1.000000
vt 0.906250 0.500000
vt 0.875000 1.000000
vt 0.875000 0.500000
vt 0.843750 1.000000
vt 0.843750 0.500000
vt 0.812500 1.000000
vt 0.812500 0.500000
vt 0.781250 1.000000
vt 0.781250 0.500000
vt 0.750000 1.000000
vt 0.750000 0.500000
vt 0.718750 1.000000
vt 0.718750 0.500000
vt 0.687500 1.000000
vt 0.687500 0.500000
vt 0.656250 1.000000
vt 0.656250 0.500000
vt 0.625000 1.000000
vt 0.625000 0.500000
vt 0.593750 1.000000
vt 0.593750 0.500000
vt 0.562500 1.000000
vt 0.562500 0.500000
vt 0.531250 1.000000
vt 0.531250 0.500000
vt 0.500000 1.000000
vt 0.500000 0.500000
vt 0.468750 1.000000
vt 0.468750 0.500000
vt 0.437500 1.000000
vt 0.437500 0.500000
vt 0.406250 1.000000
vt 0.406250 0.500000
vt 0.375000 1.000000
vt 0.375000 0.500000
vt 0.343750 1.000000
vt 0.343750 0.500000
vt 0.312500 1.000000
vt 0.312500 0.500000
vt 0.281250 1.000000
vt 0.281250 0.500000
vt 0.250000 1.000000
vt 0.250000 0.500000
vt 0.218750 1.000000
vt 0.218750 0.500000
vt 0.187500 1.000000
vt 0.187500 0.500000
vt 0.156250 1.000000
vt 0.156250 0.500000
vt 0.125000 1.000000
vt 0.125000 0.500000
vt 0.093750 1.000000
vt 0.093750 0.500000
vt 0.062500 1.000000
vt 0.062500 0.500000
vt 0.296822 0.485388
vt 0.250000 0.490000
vt 0.203178 0.485388
vt 0.158156 0.471731
vt 0.116663 0.449553
vt 0.080294 0.419706
vt 0.050447 0.383337
vt 0.028269 0.341844
vt 0.014612 0.296822
vt 0.010000 0.250000
vt 0.014612 0.203178
vt 0.028269 0.158156
vt 0.050447 0.116663
vt 0.080294 0.080294
vt 0.116663 0.050447
vt 0.158156 0.028269
vt 0.203178 0.014612
vt 0.250000 0.010000
vt 0.296822 0.014612
vt 0.341844 0.028269
vt 0.383337 0.050447
vt 0.419706 0.080294
vt 0.449553 0.116663
vt 0.471731 0.158156
vt 0.485388 0.203178
vt 0.490000 0.250000
vt 0.485388 0.296822
vt 0.471731 0.341844
vt 0.449553 0.383337
vt 0.419706 0.419706
vt 0.383337 0.449553
vt 0.341844 0.471731
vt 0.031250 1.000000
vt 0.031250 0.500000
vt 0.000000 1.000000
vt 0.000000 0.500000
vt 0.750000 0.490000
vt 0.796822 0.485388
vt 0.841844 0.471731
vt 0.883337 0.449553
vt 0.919706 0.419706
vt 0.949553 0.383337
vt 0.971731 0.341844
vt 0.985388 0.296822
vt 0.990000 0.250000
vt 0.985388 0.203178
vt 0.971731 0.158156
vt 0.949553 0.116663
vt 0.919706 0.080294
vt 0.883337 0.050447
vt 0.841844 0.028269
vt 0.796822 0.014612
vt 0.750000 0.010000
vt 0.703178 0.014612
vt 0.658156 0.028269
vt 0.616663 0.050447
vt 0.580294 0.080294
vt 0.550447 0.116663
vt 0.528269 0.158156
vt 0.514612 0.203178
vt 0.510000 0.250000
vt 0.514612 0.296822
vt 0.528269 0.341844
vt 0.550447 0.383337
vt 0.580294 0.419706
vt 0.616663 0.449553
vt 0.658156 0.471731
vt 0.703178 0.485388
s 0
f 3186/4052/709 3187/4053/709 3189/4054/709 3188/4055/709
f 3188/4055/710 3189/4054/710 3191/4056/710 3190/4057/710
f 3190/4057/711 3191/4056/711 3193/4058/711 3192/4059/711
f 3192/4059/712 3193/4058/712 3195/4060/712 3194/4061/712
f 3194/4061/713 3195/4060/713 3197/4062/713 3196/4063/713
f 3196/4063/714 3197/4062/714 3199/4064/714 3198/4065/714
f 3198/4065/715 3199/4064/715 3201/4066/715 3200/4067/715
f 3200/4067/716 3201/4066/716 3203/4068/716 3202/4069/716
f 3202/4069/717 3203/4068/717 3205/4070/717 3204/4071/717
f 3204/4071/718 3205/4070/718 3207/4072/718 3206/4073/718
f 3206/4073/719 3207/4072/719 3209/4074/719 3208/4075/719
f 3208/4075/720 3209/4074/720 3211/4076/720 3210/4077/720
f 3210/4077/721 3211/4076/721 3213/4078/721 3212/4079/721
f 3212/4079/722 3213/4078/722 3215/4080/722 3214/4081/722
f 3214/4081/723 3215/4080/723 3217/4082/723 3216/4083/723
f 3216/4083/724 3217/4082/724 3219/4084/724 3218/4085/724
f 3218/4085/725 3219/4084/725 3221/4086/725 3220/4087/725
f 3220/4087/726 3221/4086/726 3223/4088/726 3222/4089/726
f 3222/4089/727 3223/4088/727 3225/4090/727 3224/4091/727
f 3224/4091/728 3225/4090/728 3227/4092/728 3226/4093/728
f 3226/4093/729 3227/4092/729 3229/4094/729 3228/4095/729
f 3228/4095/730 3229/4094/730 3231/4096/730 3230/4097/730
f 3230/4097/731 3231/4096/731 3233/4098/731 3232/4099/731
f 3232/4099/732 3233/4098/732 3235/4100/732 3234/4101/732
f 3234/4101/733 3235/4100/733 3237/4102/733 3236/4103/733
f 3236/4103/734 3237/4102/734 3239/4104/734 3238/4105/734
f 3238/4105/735 3239/4104/735 3241/4106/735 3240/4107/735
f 3240/4107/736 3241/4106/736 3243/4108/736 3242/4109/736
f 3242/4109/737 3243/4108/737 3245/4110/737 3244/4111/737
f 3244/4111/738 3245/4110/738 3247/4112/738 3246/4113/738
f 3189/4114/739 3187/4115/739 3249/4116/739 3247/4117/739 3245/4118/739 3243/4119/739 3241/4120/739 3239/4121/739 3237/4122/739 3235/4123/739 3233/4124/739 3231/4125/739 3229/4126/739 3227/4127/739 3225/4128/739 3223/4129/739 3221/4130/739 3219/4131/739 3217/4132/739 3215/4133/739 3213/4134/739 3211/4135/739 3209/4136/739 3207/4137/739 3205/4138/739 3203/4139/739 3201/4140/739 3199/4141/739 3197/4142/739 3195/4143/739 3193/4144/739 3191/4145/739
f 3246/4113/740 3247/4112/740 3249/4146/740 3248/4147/740
f 3248/4147/741 3249/4146/741 3187/4148/741 3186/4149/741
f 3186/4150/742 3188/4151/742 3190/4152/742 3192/4153/742 3194/4154/742 3196/4155/742 3198/4156/742 3200/4157/742 3202/4158/742 3204/4159/742 3206/4160/742 3208/4161/742 3210/4162/742 3212/4163/742 3214/4164/742 3216/4165/742 3218/4166/742 3220/4167/742 3222/4168/742 3224/4169/742 3226/4170/742 3228/4171/742 3230/4172/742 3232/4173/742 3234/4174/742 3236/4175/742 3238/4176/742 3240/4177/742 3242/4178/742 3244/4179/742 3246/4180/742 3248/4181/742
o Cylinder.021
v 12.817398 -0.231861 -25.246723
v 12.817398 16.465769 -25.246723
v 12.864206 -0.231861 -25.242113
v 12.864206 16.465769 -25.242113
v 12.909216 -0.231861 -25.228458
v 12.909216 16.465769 -25.228458
v 12.950697 -0.231861 -25.206287
v 12.950697 16.465769 -25.206287
v 12.987056 -0.231861 -25.176449
v 12.987056 16.465769 -25.176449
v 13.016894 -0.231861 -25.140089
v 13.016894 16.465769 -25.140089
v 13.039066 -0.231861 -25.098608
v 13.039066 16.465769 -25.098608
v 13.052720 -0.231861 -25.053598
v 13.052720 16.465769 -25.053598
v 13.057330 -0.231861 -25.006790
v 13.057330 16.465769 -25.006790
v 13.052720 -0.231861 -24.959982
v 13.052720 16.465769 -24.959982
v 13.039066 -0.231861 -24.914972
v 13.039066 16.465769 -24.914972
v 13.016894 -0.231861 -24.873491
v 13.016894 16.465769 -24.873491
v 12.987056 -0.231861 -24.837132
v 12.987056 16.465769 -24.837132
v 12.950697 -0.231861 -24.807293
v 12.950697 16.465769 -24.807293
v 12.909216 -0.231861 -24.785122
v 12.909216 16.465769 -24.785122
v 12.864206 -0.231861 -24.771467
v 12.864206 16.465769 -24.771467
v 12.817398 -0.231861 -24.766857
v 12.817398 16.465769 -24.766857
v 12.770590 -0.231861 -24.771467
v 12.770590 16.465769 -24.771467
v 12.725580 -0.231861 -24.785122
v 12.725580 16.465769 -24.785122
v 12.684099 -0.231861 -24.807293
v 12.684099 16.465769 -24.807293
v 12.647740 -0.231861 -24.837132
v 12.647740 16.465769 -24.837132
v 12.617902 -0.231861 -24.873491
v 12.617902 16.465769 -24.873491
v 12.595730 -0.231861 -24.914972
v 12.595730 16.465769 -24.914972
v 12.582076 -0.231861 -24.959982
v 12.582076 16.465769 -24.959982
v 12.577466 -0.231861 -25.006790
v 12.577466 16.465769 -25.006790
v 12.582076 -0.231861 -25.053598
v 12.582076 16.465769 -25.053598
v 12.595730 -0.231861 -25.098608
v 12.595730 16.465769 -25.098608
v 12.617902 -0.231861 -25.140089
v 12.617902 16.465769 -25.140089
v 12.647740 -0.231861 -25.176449
v 12.647740 16.465769 -25.176449
v 12.684099 -0.231861 -25.206287
v 12.684099 16.465769 -25.206287
v 12.725580 -0.231861 -25.228458
v 12.725580 16.465769 -25.228458
v 12.770590 -0.231861 -25.242113
v 12.770590 16.465769 -25.242113
vn 0.0980 -0.0000 -0.9952
vn 0.2903 -0.0000 -0.9569
vn 0.4714 -0.0000 -0.8819
vn 0.6344 -0.0000 -0.7730
vn 0.7730 -0.0000 -0.6344
vn 0.8819 -0.0000 -0.4714
vn 0.9569 -0.0000 -0.2903
vn 0.9952 -0.0000 -0.0980
vn 0.9952 -0.0000 0.0980
vn 0.9569 -0.0000 0.2903
vn 0.8819 -0.0000 0.4714
vn 0.7730 -0.0000 0.6344
vn 0.6344 -0.0000 0.7730
vn 0.4714 -0.0000 0.8819
vn 0.2903 -0.0000 0.9569
vn 0.0980 -0.0000 0.9952
vn -0.0980 -0.0000 0.9952
vn -0.2903 -0.0000 0.9569
vn -0.4714 -0.0000 0.8819
vn -0.6344 -0.0000 0.7730
vn -0.7730 -0.0000 0.6344
vn -0.8819 -0.0000 0.4714
vn -0.9569 -0.0000 0.2903
vn -0.9952 -0.0000 0.0980
vn -0.9952 -0.0000 -0.0980
vn -0.9569 -0.0000 -0.2903
vn -0.8819 -0.0000 -0.4714
vn -0.7730 -0.0000 -0.6344
vn -0.6344 -0.0000 -0.7730
vn -0.4714 -0.0000 -0.8819
vn -0.0000 1.0000 -0.0000
vn -0.2903 -0.0000 -0.9569
vn -0.0980 -0.0000 -0.9952
vn -0.0000 -1.0000 -0.0000
vt 1.000000 0.500000
vt 1.000000 1.000000
vt 0.968750 1.000000
vt 0.968750 0.500000
vt 0.937500 1.000000
vt 0.937500 0.500000
vt 0.906250 1.000000
vt 0.906250 0.500000
vt 0.875000 1.000000
vt 0.875000 0.500000
vt 0.843750 1.000000
vt 0.843750 0.500000
vt 0.812500 1.000000
vt 0.812500 0.500000
vt 0.781250 1.000000
vt 0.781250 0.500000
vt 0.750000 1.000000
vt 0.750000 0.500000
vt 0.718750 1.000000
vt 0.718750 0.500000
vt 0.687500 1.000000
vt 0.687500 0.500000
vt 0.656250 1.000000
vt 0.656250 0.500000
vt 0.625000 1.000000
vt 0.625000 0.500000
vt 0.593750 1.000000
vt 0.593750 0.500000
vt 0.562500 1.000000
vt 0.562500 0.500000
vt 0.531250 1.000000
vt 0.531250 0.500000
vt 0.500000 1.000000
vt 0.500000 0.500000
vt 0.468750 1.000000
vt 0.468750 0.500000
vt 0.437500 1.000000
vt 0.437500 0.500000
vt 0.406250 1.000000
vt 0.406250 0.500000
vt 0.375000 1.000000
vt 0.375000 0.500000
vt 0.343750 1.000000
vt 0.343750 0.500000
vt 0.312500 1.000000
vt 0.312500 0.500000
vt 0.281250 1.000000
vt 0.281250 0.500000
vt 0.250000 1.000000
vt 0.250000 0.500000
vt 0.218750 1.000000
vt 0.218750 0.500000
vt 0.187500 1.000000
vt 0.187500 0.500000
vt 0.156250 1.000000
vt 0.156250 0.500000
vt 0.125000 1.000000
vt 0.125000 0.500000
vt 0.093750 1.000000
vt 0.093750 0.500000
vt 0.062500 1.000000
vt 0.062500 0.500000
vt 0.296822 0.485388
vt 0.250000 0.490000
vt 0.203178 0.485388
vt 0.158156 0.471731
vt 0.116663 0.449553
vt 0.080294 0.419706
vt 0.050447 0.383337
vt 0.028269 0.341844
vt 0.014612 0.296822
vt 0.010000 0.250000
vt 0.014612 0.203178
vt 0.028269 0.158156
vt 0.050447 0.116663
vt 0.080294 0.080294
vt 0.116663 0.050447
vt 0.158156 0.028269
vt 0.203178 0.014612
vt 0.250000 0.010000
vt 0.296822 0.014612
vt 0.341844 0.028269
vt 0.383337 0.050447
vt 0.419706 0.080294
vt 0.449553 0.116663
vt 0.471731 0.158156
vt 0.485388 0.203178
vt 0.490000 0.250000
vt 0.485388 0.296822
vt 0.471731 0.341844
vt 0.449553 0.383337
vt 0.419706 0.419706
vt 0.383337 0.449553
vt 0.341844 0.471731
vt 0.031250 1.000000
vt 0.031250 0.500000
vt 0.000000 1.000000
vt 0.000000 0.500000
vt 0.750000 0.490000
vt 0.796822 0.485388
vt 0.841844 0.471731
vt 0.883337 0.449553
vt 0.919706 0.419706
vt 0.949553 0.383337
vt 0.971731 0.341844
vt 0.985388 0.296822
vt 0.990000 0.250000
vt 0.985388 0.203178
vt 0.971731 0.158156
vt 0.949553 0.116663
vt 0.919706 0.080294
vt 0.883337 0.050447
vt 0.841844 0.028269
vt 0.796822 0.014612
vt 0.750000 0.010000
vt 0.703178 0.014612
vt 0.658156 0.028269
vt 0.616663 0.050447
vt 0.580294 0.080294
vt 0.550447 0.116663
vt 0.528269 0.158156
vt 0.514612 0.203178
vt 0.510000 0.250000
vt 0.514612 0.296822
vt 0.528269 0.341844
vt 0.550447 0.383337
vt 0.580294 0.419706
vt 0.616663 0.449553
vt 0.658156 0.471731
vt 0.703178 0.485388
s 0
f 3250/4182/743 3251/4183/743 3253/4184/743 3252/4185/743
f 3252/4185/744 3253/4184/744 3255/4186/744 3254/4187/744
f 3254/4187/745 3255/4186/745 3257/4188/745 3256/4189/745
f 3256/4189/746 3257/4188/746 3259/4190/746 3258/4191/746
f 3258/4191/747 3259/4190/747 3261/4192/747 3260/4193/747
f 3260/4193/748 3261/4192/748 3263/4194/748 3262/4195/748
f 3262/4195/749 3263/4194/749 3265/4196/749 3264/4197/749
f 3264/4197/750 3265/4196/750 3267/4198/750 3266/4199/750
f 3266/4199/751 3267/4198/751 3269/4200/751 3268/4201/751
f 3268/4201/752 3269/4200/752 3271/4202/752 3270/4203/752
f 3270/4203/753 3271/4202/753 3273/4204/753 3272/4205/753
f 3272/4205/754 3273/4204/754 3275/4206/754 3274/4207/754
f 3274/4207/755 3275/4206/755 3277/4208/755 3276/4209/755
f 3276/4209/756 3277/4208/756 3279/4210/756 3278/4211/756
f 3278/4211/757 3279/4210/757 3281/4212/757 3280/4213/757
f 3280/4213/758 3281/4212/758 3283/4214/758 3282/4215/758
f 3282/4215/759 3283/4214/759 3285/4216/759 3284/4217/759
f 3284/4217/760 3285/4216/760 3287/4218/760 3286/4219/760
f 3286/4219/761 3287/4218/761 3289/4220/761 3288/4221/761
f 3288/4221/762 3289/4220/762 3291/4222/762 3290/4223/762
f 3290/4223/763 3291/4222/763 3293/4224/763 3292/4225/763
f 3292/4225/764 3293/4224/764 3295/4226/764 3294/4227/764
f 3294/4227/765 3295/4226/765 3297/4228/765 3296/4229/765
f 3296/4229/766 3297/4228/766 3299/4230/766 3298/4231/766
f 3298/4231/767 3299/4230/767 3301/4232/767 3300/4233/767
f 3300/4233/768 3301/4232/768 3303/4234/768 3302/4235/768
f 3302/4235/769 3303/4234/769 3305/4236/769 3304/4237/769
f 3304/4237/770 3305/4236/770 3307/4238/770 3306/4239/770
f 3306/4239/771 3307/4238/771 3309/4240/771 3308/4241/771
f 3308/4241/772 3309/4240/772 3311/4242/772 3310/4243/772
f 3253/4244/773 3251/4245/773 3313/4246/773 3311/4247/773 3309/4248/773 3307/4249/773 3305/4250/773 3303/4251/773 3301/4252/773 3299/4253/773 3297/4254/773 3295/4255/773 3293/4256/773 3291/4257/773 3289/4258/773 3287/4259/773 3285/4260/773 3283/4261/773 3281/4262/773 3279/4263/773 3277/4264/773 3275/4265/773 3273/4266/773 3271/4267/773 3269/4268/773 3267/4269/773 3265/4270/773 3263/4271/773 3261/4272/773 3259/4273/773 3257/4274/773 3255/4275/773
f 3310/4243/774 3311/4242/774 3313/4276/774 3312/4277/774
f 3312/4277/775 3313/4276/775 3251/4278/775 3250/4279/775
f 3250/4280/776 3252/4281/776 3254/4282/776 3256/4283/776 3258/4284/776 3260/4285/776 3262/4286/776 3264/4287/776 3266/4288/776 3268/4289/776 3270/4290/776 3272/4291/776 3274/4292/776 3276/4293/776 3278/4294/776 3280/4295/776 3282/4296/776 3284/4297/776 3286/4298/776 3288/4299/776 3290/4300/776 3292/4301/776 3294/4302/776 3296/4303/776 3298/4304/776 3300/4305/776 3302/4306/776 3304/4307/776 3306/4308/776 3308/4309/776 3310/4310/776 3312/4311/776
o Cylinder.022
v 12.817398 -0.231861 -14.282494
v 12.817398 16.465769 -14.282494
v 12.864206 -0.231861 -14.277884
v 12.864206 16.465769 -14.277884
v 12.909216 -0.231861 -14.264230
v 12.909216 16.465769 -14.264230
v 12.950697 -0.231861 -14.242058
v 12.950697 16.465769 -14.242058
v 12.987056 -0.231861 -14.212219
v 12.987056 16.465769 -14.212219
v 13.016894 -0.231861 -14.175860
v 13.016894 16.465769 -14.175860
v 13.039066 -0.231861 -14.134379
v 13.039066 16.465769 -14.134379
v 13.052720 -0.231861 -14.089370
v 13.052720 16.465769 -14.089370
v 13.057330 -0.231861 -14.042562
v 13.057330 16.465769 -14.042562
v 13.052720 -0.231861 -13.995753
v 13.052720 16.465769 -13.995753
v 13.039066 -0.231861 -13.950744
v 13.039066 16.465769 -13.950744
v 13.016894 -0.231861 -13.909263
v 13.016894 16.465769 -13.909263
v 12.987056 -0.231861 -13.872904
v 12.987056 16.465769 -13.872904
v 12.950697 -0.231861 -13.843065
v 12.950697 16.465769 -13.843065
v 12.909216 -0.231861 -13.820893
v 12.909216 16.465769 -13.820893
v 12.864206 -0.231861 -13.807240
v 12.864206 16.465769 -13.807240
v 12.817398 -0.231861 -13.802629
v 12.817398 16.465769 -13.802629
v 12.770590 -0.231861 -13.807240
v 12.770590 16.465769 -13.807240
v 12.725580 -0.231861 -13.820893
v 12.725580 16.465769 -13.820893
v 12.684099 -0.231861 -13.843065
v 12.684099 16.465769 -13.843065
v 12.647740 -0.231861 -13.872904
v 12.647740 16.465769 -13.872904
v 12.617902 -0.231861 -13.909263
v 12.617902 16.465769 -13.909263
v 12.595730 -0.231861 -13.950744
v 12.595730 16.465769 -13.950744
v 12.582076 -0.231861 -13.995753
v 12.582076 16.465769 -13.995753
v 12.577466 -0.231861 -14.042562
v 12.577466 16.465769 -14.042562
v 12.582076 -0.231861 -14.089370
v 12.582076 16.465769 -14.089370
v 12.595730 -0.231861 -14.134379
v 12.595730 16.465769 -14.134379
v 12.617902 -0.231861 -14.175860
v 12.617902 16.465769 -14.175860
v 12.647740 -0.231861 -14.212219
v 12.647740 16.465769 -14.212219
v 12.684099 -0.231861 -14.242058
v 12.684099 16.465769 -14.242058
v 12.725580 -0.231861 -14.264230
v 12.725580 16.465769 -14.264230
v 12.770590 -0.231861 -14.277884
v 12.770590 16.465769 -14.277884
vn 0.0980 -0.0000 -0.9952
vn 0.2903 -0.0000 -0.9569
vn 0.4714 -0.0000 -0.8819
vn 0.6344 -0.0000 -0.7730
vn 0.7730 -0.0000 -0.6344
vn 0.8819 -0.0000 -0.4714
vn 0.9569 -0.0000 -0.2903
vn 0.9952 -0.0000 -0.0980
vn 0.9952 -0.0000 0.0980
vn 0.9569 -0.0000 0.2903
vn 0.8819 -0.0000 0.4714
vn 0.7730 -0.0000 0.6344
vn 0.6344 -0.0000 0.7730
vn 0.4714 -0.0000 0.8819
vn 0.2903 -0.0000 0.9569
vn 0.0980 -0.0000 0.9952
vn -0.0980 -0.0000 0.9952
vn -0.2903 -0.0000 0.9569
vn -0.4714 -0.0000 0.8819
vn -0.6344 -0.0000 0.7730
vn -0.7730 -0.0000 0.6344
vn -0.8819 -0.0000 0.4714
vn -0.9569 -0.0000 0.2903
vn -0.9952 -0.0000 0.0980
vn -0.9952 -0.0000 -0.0980
vn -0.9569 -0.0000 -0.2903
vn -0.8819 -0.0000 -0.4714
vn -0.7730 -0.0000 -0.6344
vn -0.6344 -0.0000 -0.7730
vn -0.4714 -0.0000 -0.8819
vn -0.0000 1.0000 -0.0000
vn -0.2903 -0.0000 -0.9569
vn -0.0980 -0.0000 -0.9952
vn -0.0000 -1.0000 -0.0000
vt 1.000000 0.500000
vt 1.000000 1.000000
vt 0.968750 1.000000
vt 0.968750 0.500000
vt 0.937500 1.000000
vt 0.937500 0.500000
vt 0.906250 1.000000
vt 0.906250 0.500000
vt 0.875000 1.000000
vt 0.875000 0.500000
vt 0.843750 1.000000
vt 0.843750 0.500000
vt 0.812500 1.000000
vt 0.812500 0.500000
vt 0.781250 1.000000
vt 0.781250 0.500000
vt 0.750000 1.000000
vt 0.750000 0.500000
vt 0.718750 1.000000
vt 0.718750 0.500000
vt 0.687500 1.000000
vt 0.687500 0.500000
vt 0.656250 1.000000
vt 0.656250 0.500000
vt 0.625000 1.000000
vt 0.625000 0.500000
vt 0.593750 1.000000
vt 0.593750 0.500000
vt 0.562500 1.000000
vt 0.562500 0.500000
vt 0.531250 1.000000
vt 0.531250 0.500000
vt 0.500000 1.000000
vt 0.500000 0.500000
vt 0.468750 1.000000
vt 0.468750 0.500000
vt 0.437500 1.000000
vt 0.437500 0.500000
vt 0.406250 1.000000
vt 0.406250 0.500000
vt 0.375000 1.000000
vt 0.375000 0.500000
vt 0.343750 1.000000
vt 0.343750 0.500000
vt 0.312500 1.000000
vt 0.312500 0.500000
vt 0.281250 1.000000
vt 0.281250 0.500000
vt 0.250000 1.000000
vt 0.250000 0.500000
vt 0.218750 1.000000
vt 0.218750 0.500000
vt 0.187500 1.000000
vt 0.187500 0.500000
vt 0.156250 1.000000
vt 0.156250 0.500000
vt 0.125000 1.000000
vt 0.125000 0.500000
vt 0.093750 1.000000
vt 0.093750 0.500000
vt 0.062500 1.000000
vt 0.062500 0.500000
vt 0.296822 0.485388
vt 0.250000 0.490000
vt 0.203178 0.485388
vt 0.158156 0.471731
vt 0.116663 0.449553
vt 0.080294 0.419706
vt 0.050447 0.383337
vt 0.028269 0.341844
vt 0.014612 0.296822
vt 0.010000 0.250000
vt 0.014612 0.203178
vt 0.028269 0.158156
vt 0.050447 0.116663
vt 0.080294 0.080294
vt 0.116663 0.050447
vt 0.158156 0.028269
vt 0.203178 0.014612
vt 0.250000 0.010000
vt 0.296822 0.014612
vt 0.341844 0.028269
vt 0.383337 0.050447
vt 0.419706 0.080294
vt 0.449553 0.116663
vt 0.471731 0.158156
vt 0.485388 0.203178
vt 0.490000 0.250000
vt 0.485388 0.296822
vt 0.471731 0.341844
vt 0.449553 0.383337
vt 0.419706 0.419706
vt 0.383337 0.449553
vt 0.341844 0.471731
vt 0.031250 1.000000
vt 0.031250 0.500000
vt 0.000000 1.000000
vt 0.000000 0.500000
vt 0.750000 0.490000
vt 0.796822 0.485388
vt 0.841844 0.471731
vt 0.883337 0.449553
vt 0.919706 0.419706
vt 0.949553 0.383337
vt 0.971731 0.341844
vt 0.985388 0.296822
vt 0.990000 0.250000
vt 0.985388 0.203178
vt 0.971731 0.158156
vt 0.949553 0.116663
vt 0.919706 0.080294
vt 0.883337 0.050447
vt 0.841844 0.028269
vt 0.796822 0.014612
vt 0.750000 0.010000
vt 0.703178 0.014612
vt 0.658156 0.028269
vt 0.616663 0.050447
vt 0.580294 0.080294
vt 0.550447 0.116663
vt 0.528269 0.158156
vt 0.514612 0.203178
vt 0.510000 0.250000
vt 0.514612 0.296822
vt 0.528269 0.341844
vt 0.550447 0.383337
vt 0.580294 0.419706
vt 0.616663 0.449553
vt 0.658156 0.471731
vt 0.703178 0.485388
s 0
f 3314/4312/777 3315/4313/777 3317/4314/777 3316/4315/777
f 3316/4315/778 3317/4314/778 3319/4316/778 3318/4317/778
f 3318/4317/779 3319/4316/779 3321/4318/779 3320/4319/779
f 3320/4319/780 3321/4318/780 3323/4320/780 3322/4321/780
f 3322/4321/781 3323/4320/781 3325/4322/781 3324/4323/781
f 3324/4323/782 3325/4322/782 3327/4324/782 3326/4325/782
f 3326/4325/783 3327/4324/783 3329/4326/783 3328/4327/783
f 3328/4327/784 3329/4326/784 3331/4328/784 3330/4329/784
f 3330/4329/785 3331/4328/785 3333/4330/785 3332/4331/785
f 3332/4331/786 3333/4330/786 3335/4332/786 3334/4333/786
f 3334/4333/787 3335/4332/787 3337/4334/787 3336/4335/787
f 3336/4335/788 3337/4334/788 3339/4336/788 3338/4337/788
f 3338/4337/789 3339/4336/789 3341/4338/789 3340/4339/789
f 3340/4339/790 3341/4338/790 3343/4340/790 3342/4341/790
f 3342/4341/791 3343/4340/791 3345/4342/791 3344/4343/791
f 3344/4343/792 3345/4342/792 3347/4344/792 3346/4345/792
f 3346/4345/793 3347/4344/793 3349/4346/793 3348/4347/793
f 3348/4347/794 3349/4346/794 3351/4348/794 3350/4349/794
f 3350/4349/795 3351/4348/795 3353/4350/795 3352/4351/795
f 3352/4351/796 3353/4350/796 3355/4352/796 3354/4353/796
f 3354/4353/797 3355/4352/797 3357/4354/797 3356/4355/797
f 3356/4355/798 3357/4354/798 3359/4356/798 3358/4357/798
f 3358/4357/799 3359/4356/799 3361/4358/799 3360/4359/799
f 3360/4359/800 3361/4358/800 3363/4360/800 3362/4361/800
f 3362/4361/801 3363/4360/801 3365/4362/801 3364/4363/801
f 3364/4363/802 3365/4362/802 3367/4364/802 3366/4365/802
f 3366/4365/803 3367/4364/803 3369/4366/803 3368/4367/803
f 3368/4367/804 3369/4366/804 3371/4368/804 3370/4369/804
f 3370/4369/805 3371/4368/805 3373/4370/805 3372/4371/805
f 3372/4371/806 3373/4370/806 3375/4372/806 3374/4373/806
f 3317/4374/807 3315/4375/807 3377/4376/807 3375/4377/807 3373/4378/807 3371/4379/807 3369/4380/807 3367/4381/807 3365/4382/807 3363/4383/807 3361/4384/807 3359/4385/807 3357/4386/807 3355/4387/807 3353/4388/807 3351/4389/807 3349/4390/807 3347/4391/807 3345/4392/807 3343/4393/807 3341/4394/807 3339/4395/807 3337/4396/807 3335/4397/807 3333/4398/807 3331/4399/807 3329/4400/807 3327/4401/807 3325/4402/807 3323/4403/807 3321/4404/807 3319/4405/807
f 3374/4373/808 3375/4372/808 3377/4406/808 3376/4407/808
f 3376/4407/809 3377/4406/809 3315/4408/809 3314/4409/809
f 3314/4410/810 3316/4411/810 3318/4412/810 3320/4413/810 3322/4414/810 3324/4415/810 3326/4416/810 3328/4417/810 3330/4418/810 3332/4419/810 3334/4420/810 3336/4421/810 3338/4422/810 3340/4423/810 3342/4424/810 3344/4425/810 3346/4426/810 3348/4427/810 3350/4428/810 3352/4429/810 3354/4430/810 3356/4431/810 3358/4432/810 3360/4433/810 3362/4434/810 3364/4435/810 3366/4436/810 3368/4437/810 3370/4438/810 3372/4439/810 3374/4440/810 3376/4441/810
o Cylinder.023
v 12.817398 -0.231861 -15.393152
v 12.817398 16.465769 -15.393152
v 12.864206 -0.231861 -15.388542
v 12.864206 16.465769 -15.388542
v 12.909216 -0.231861 -15.374888
v 12.909216 16.465769 -15.374888
v 12.950697 -0.231861 -15.352716
v 12.950697 16.465769 -15.352716
v 12.987056 -0.231861 -15.322878
v 12.987056 16.465769 -15.322878
v 13.016894 -0.231861 -15.286519
v 13.016894 16.465769 -15.286519
v 13.039066 -0.231861 -15.245038
v 13.039066 16.465769 -15.245038
v 13.052720 -0.231861 -15.200028
v 13.052720 16.465769 -15.200028
v 13.057330 -0.231861 -15.153220
v 13.057330 16.465769 -15.153220
v 13.052720 -0.231861 -15.106412
v 13.052720 16.465769 -15.106412
v 13.039066 -0.231861 -15.061402
v 13.039066 16.465769 -15.061402
v 13.016894 -0.231861 -15.019921
v 13.016894 16.465769 -15.019921
v 12.987056 -0.231861 -14.983562
v 12.987056 16.465769 -14.983562
v 12.950697 -0.231861 -14.953724
v 12.950697 16.465769 -14.953724
v 12.909216 -0.231861 -14.931552
v 12.909216 16.465769 -14.931552
v 12.864206 -0.231861 -14.917898
v 12.864206 16.465769 -14.917898
v 12.817398 -0.231861 -14.913288
v 12.817398 16.465769 -14.913288
v 12.770590 -0.231861 -14.917898
v 12.770590 16.465769 -14.917898
v 12.725580 -0.231861 -14.931552
v 12.725580 16.465769 -14.931552
v 12.684099 -0.231861 -14.953724
v 12.684099 16.465769 -14.953724
v 12.647740 -0.231861 -14.983562
v 12.647740 16.465769 -14.983562
v 12.617902 -0.231861 -15.019921
v 12.617902 16.465769 -15.019921
v 12.595730 -0.231861 -15.061402
v 12.595730 16.465769 -15.061402
v 12.582076 -0.231861 -15.106412
v 12.582076 16.465769 -15.106412
v 12.577466 -0.231861 -15.153220
v 12.577466 16.465769 -15.153220
v 12.582076 -0.231861 -15.200028
v 12.582076 16.465769 -15.200028
v 12.595730 -0.231861 -15.245038
v 12.595730 16.465769 -15.245038
v 12.617902 -0.231861 -15.286519
v 12.617902 16.465769 -15.286519
v 12.647740 -0.231861 -15.322878
v 12.647740 16.465769 -15.322878
v 12.684099 -0.231861 -15.352716
v 12.684099 16.465769 -15.352716
v 12.725580 -0.231861 -15.374888
v 12.725580 16.465769 -15.374888
v 12.770590 -0.231861 -15.388542
v 12.770590 16.465769 -15.388542
vn 0.0980 -0.0000 -0.9952
vn 0.2903 -0.0000 -0.9569
vn 0.4714 -0.0000 -0.8819
vn 0.6344 -0.0000 -0.7730
vn 0.7730 -0.0000 -0.6344
vn 0.8819 -0.0000 -0.4714
vn 0.9569 -0.0000 -0.2903
vn 0.9952 -0.0000 -0.0980
vn 0.9952 -0.0000 0.0980
vn 0.9569 -0.0000 0.2903
vn 0.8819 -0.0000 0.4714
vn 0.7730 -0.0000 0.6344
vn 0.6344 -0.0000 0.7730
vn 0.4714 -0.0000 0.8819
vn 0.2903 -0.0000 0.9569
vn 0.0980 -0.0000 0.9952
vn -0.0980 -0.0000 0.9952
vn -0.2903 -0.0000 0.9569
vn -0.4714 -0.0000 0.8819
vn -0.6344 -0.0000 0.7730
vn -0.7730 -0.0000 0.6344
vn -0.8819 -0.0000 0.4714
vn -0.9569 -0.0000 0.2903
vn -0.9952 -0.0000 0.0980
vn -0.9952 -0.0000 -0.0980
vn -0.9569 -0.0000 -0.2903
vn -0.8819 -0.0000 -0.4714
vn -0.7730 -0.0000 -0.6344
vn -0.6344 -0.0000 -0.7730
vn -0.4714 -0.0000 -0.8819
vn -0.0000 1.0000 -0.0000
vn -0.2903 -0.0000 -0.9569
vn -0.0980 -0.0000 -0.9952
vn -0.0000 -1.0000 -0.0000
vt 1.000000 0.500000
vt 1.000000 1.000000
vt 0.968750 1.000000
vt 0.968750 0.500000
vt 0.937500 1.000000
vt 0.937500 0.500000
vt 0.906250 1.000000
vt 0.906250 0.500000
vt 0.875000 1.000000
vt 0.875000 0.500000
vt 0.843750 1.000000
vt 0.843750 0.500000
vt 0.812500 1.000000
vt 0.812500 0.500000
vt 0.781250 1.000000
vt 0.781250 0.500000
vt 0.750000 1.000000
vt 0.750000 0.500000
vt 0.718750 1.000000
vt 0.718750 0.500000
vt 0.687500 1.000000
vt 0.687500 0.500000
vt 0.656250 1.000000
vt 0.656250 0.500000
vt 0.625000 1.000000
vt 0.625000 0.500000
vt 0.593750 1.000000
vt 0.593750 0.500000
vt 0.562500 1.000000
vt 0.562500 0.500000
vt 0.531250 1.000000
vt 0.531250 0.500000
vt 0.500000 1.000000
vt 0.500000 0.500000
vt 0.468750 1.000000
vt 0.468750 0.500000
vt 0.437500 1.000000
vt 0.437500 0.500000
vt 0.406250 1.000000
vt 0.406250 0.500000
vt 0.375000 1.000000
vt 0.375000 0.500000
vt 0.343750 1.000000
vt 0.343750 0.500000
vt 0.312500 1.000000
vt 0.312500 0.500000
vt 0.281250 1.000000
vt 0.281250 0.500000
vt 0.250000 1.000000
vt 0.250000 0.500000
vt 0.218750 1.000000
vt 0.218750 0.500000
vt 0.187500 1.000000
vt 0.187500 0.500000
vt 0.156250 1.000000
vt 0.156250 0.500000
vt 0.125000 1.000000
vt 0.125000 0.500000
vt 0.093750 1.000000
vt 0.093750 0.500000
vt 0.062500 1.000000
vt 0.062500 0.500000
vt 0.296822 0.485388
vt 0.250000 0.490000
vt 0.203178 0.485388
vt 0.158156 0.471731
vt 0.116663 0.449553
vt 0.080294 0.419706
vt 0.050447 0.383337
vt 0.028269 0.341844
vt 0.014612 0.296822
vt 0.010000 0.250000
vt 0.014612 0.203178
vt 0.028269 0.158156
vt 0.050447 0.116663
vt 0.080294 0.080294
vt 0.116663 0.050447
vt 0.158156 0.028269
vt 0.203178 0.014612
vt 0.250000 0.010000
vt 0.296822 0.014612
vt 0.341844 0.028269
vt 0.383337 0.050447
vt 0.419706 0.080294
vt 0.449553 0.116663
vt 0.471731 0.158156
vt 0.485388 0.203178
vt 0.490000 0.250000
vt 0.485388 0.296822
vt 0.471731 0.341844
vt 0.449553 0.383337
vt 0.419706 0.419706
vt 0.383337 0.449553
vt 0.341844 0.471731
vt 0.031250 1.000000
vt 0.031250 0.500000
vt 0.000000 1.000000
vt 0.000000 0.500000
vt 0.750000 0.490000
vt 0.796822 0.485388
vt 0.841844 0.471731
vt 0.883337 0.449553
vt 0.919706 0.419706
vt 0.949553 0.383337
vt 0.971731 0.341844
vt 0.985388 0.296822
vt 0.990000 0.250000
vt 0.985388 0.203178
vt 0.971731 0.158156
vt 0.949553 0.116663
vt 0.919706 0.080294
vt 0.883337 0.050447
vt 0.841844 0.028269
vt 0.796822 0.014612
vt 0.750000 0.010000
vt 0.703178 0.014612
vt 0.658156 0.028269
vt 0.616663 0.050447
vt 0.580294 0.080294
vt 0.550447 0.116663
vt 0.528269 0.158156
vt 0.514612 0.203178
vt 0.510000 0.250000
vt 0.514612 0.296822
vt 0.528269 0.341844
vt 0.550447 0.383337
vt 0.580294 0.419706
vt 0.616663 0.449553
vt 0.658156 0.471731
vt 0.703178 0.485388
s 0
f 3378/4442/811 3379/4443/811 3381/4444/811 3380/4445/811
f 3380/4445/812 3381/4444/812 3383/4446/812 3382/4447/812
f 3382/4447/813 3383/4446/813 3385/4448/813 3384/4449/813
f 3384/4449/814 3385/4448/814 3387/4450/814 3386/4451/814
f 3386/4451/815 3387/4450/815 3389/4452/815 3388/4453/815
f 3388/4453/816 3389/4452/816 3391/4454/816 3390/4455/816
f 3390/4455/817 3391/4454/817 3393/4456/817 3392/4457/817
f 3392/4457/818 3393/4456/818 3395/4458/818 3394/4459/818
f 3394/4459/819 3395/4458/819 3397/4460/819 3396/4461/819
f 3396/4461/820 3397/4460/820 3399/4462/820 3398/4463/820
f 3398/4463/821 3399/4462/821 3401/4464/821 3400/4465/821
f 3400/4465/822 3401/4464/822 3403/4466/822 3402/4467/822
f 3402/4467/823 3403/4466/823 3405/4468/823 3404/4469/823
f 3404/4469/824 3405/4468/824 3407/4470/824 3406/4471/824
f 3406/4471/825 3407/4470/825 3409/4472/825 3408/4473/825
f 3408/4473/826 3409/4472/826 3411/4474/826 3410/4475/826
f 3410/4475/827 3411/4474/827 3413/4476/827 3412/4477/827
f 3412/4477/828 3413/4476/828 3415/4478/828 3414/4479/828
f 3414/4479/829 3415/4478/829 3417/4480/829 3416/4481/829
f 3416/4481/830 3417/4480/830 3419/4482/830 3418/4483/830
f 3418/4483/831 3419/4482/831 3421/4484/831 3420/4485/831
f 3420/4485/832 3421/4484/832 3423/4486/832 3422/4487/832
f 3422/4487/833 3423/4486/833 3425/4488/833 3424/4489/833
f 3424/4489/834 3425/4488/834 3427/4490/834 3426/4491/834
f 3426/4491/835 3427/4490/835 3429/4492/835 3428/4493/835
f 3428/4493/836 3429/4492/836 3431/4494/836 3430/4495/836
f 3430/4495/837 3431/4494/837 3433/4496/837 3432/4497/837
f 3432/4497/838 3433/4496/838 3435/4498/838 3434/4499/838
f 3434/4499/839 3435/4498/839 3437/4500/839 3436/4501/839
f 3436/4501/840 3437/4500/840 3439/4502/840 3438/4503/840
f 3381/4504/841 3379/4505/841 3441/4506/841 3439/4507/841 3437/4508/841 3435/4509/841 3433/4510/841 3431/4511/841 3429/4512/841 3427/4513/841 3425/4514/841 3423/4515/841 3421/4516/841 3419/4517/841 3417/4518/841 3415/4519/841 3413/4520/841 3411/4521/841 3409/4522/841 3407/4523/841 3405/4524/841 3403/4525/841 3401/4526/841 3399/4527/841 3397/4528/841 3395/4529/841 3393/4530/841 3391/4531/841 3389/4532/841 3387/4533/841 3385/4534/841 3383/4535/841
f 3438/4503/842 3439/4502/842 3441/4536/842 3440/4537/842
f 3440/4537/843 3441/4536/843 3379/4538/843 3378/4539/843
f 3378/4540/844 3380/4541/844 3382/4542/844 3384/4543/844 3386/4544/844 3388/4545/844 3390/4546/844 3392/4547/844 3394/4548/844 3396/4549/844 3398/4550/844 3400/4551/844 3402/4552/844 3404/4553/844 3406/4554/844 3408/4555/844 3410/4556/844 3412/4557/844 3414/4558/844 3416/4559/844 3418/4560/844 3420/4561/844 3422/4562/844 3424/4563/844 3426/4564/844 3428/4565/844 3430/4566/844 3432/4567/844 3434/4568/844 3436/4569/844 3438/4570/844 3440/4571/844
o Cylinder.024
v 12.817398 -0.231861 -26.401281
v 12.817398 16.465769 -26.401281
v 12.864206 -0.231861 -26.396671
v 12.864206 16.465769 -26.396671
v 12.909216 -0.231861 -26.383017
v 12.909216 16.465769 -26.383017
v 12.950697 -0.231861 -26.360846
v 12.950697 16.465769 -26.360846
v 12.987056 -0.231861 -26.331007
v 12.987056 16.465769 -26.331007
v 13.016894 -0.231861 -26.294647
v 13.016894 16.465769 -26.294647
v 13.039066 -0.231861 -26.253166
v 13.039066 16.465769 -26.253166
v 13.052720 -0.231861 -26.208157
v 13.052720 16.465769 -26.208157
v 13.057330 -0.231861 -26.161348
v 13.057330 16.465769 -26.161348
v 13.052720 -0.231861 -26.114540
v 13.052720 16.465769 -26.114540
v 13.039066 -0.231861 -26.069530
v 13.039066 16.465769 -26.069530
v 13.016894 -0.231861 -26.028049
v 13.016894 16.465769 -26.028049
v 12.987056 -0.231861 -25.991690
v 12.987056 16.465769 -25.991690
v 12.950697 -0.231861 -25.961851
v 12.950697 16.465769 -25.961851
v 12.909216 -0.231861 -25.939680
v 12.909216 16.465769 -25.939680
v 12.864206 -0.231861 -25.926025
v 12.864206 16.465769 -25.926025
v 12.817398 -0.231861 -25.921415
v 12.817398 16.465769 -25.921415
v 12.770590 -0.231861 -25.926025
v 12.770590 16.465769 -25.926025
v 12.725580 -0.231861 -25.939680
v 12.725580 16.465769 -25.939680
v 12.684099 -0.231861 -25.961851
v 12.684099 16.465769 -25.961851
v 12.647740 -0.231861 -25.991690
v 12.647740 16.465769 -25.991690
v 12.617902 -0.231861 -26.028049
v 12.617902 16.465769 -26.028049
v 12.595730 -0.231861 -26.069530
v 12.595730 16.465769 -26.069530
v 12.582076 -0.231861 -26.114540
v 12.582076 16.465769 -26.114540
v 12.577466 -0.231861 -26.161348
v 12.577466 16.465769 -26.161348
v 12.582076 -0.231861 -26.208157
v 12.582076 16.465769 -26.208157
v 12.595730 -0.231861 -26.253166
v 12.595730 16.465769 -26.253166
v 12.617902 -0.231861 -26.294647
v 12.617902 16.465769 -26.294647
v 12.647740 -0.231861 -26.331007
v 12.647740 16.465769 -26.331007
v 12.684099 -0.231861 -26.360846
v 12.684099 16.465769 -26.360846
v 12.725580 -0.231861 -26.383017
v 12.725580 16.465769 -26.383017
v 12.770590 -0.231861 -26.396671
v 12.770590 16.465769 -26.396671
vn 0.0980 -0.0000 -0.9952
vn 0.2903 -0.0000 -0.9569
vn 0.4714 -0.0000 -0.8819
vn 0.6344 -0.0000 -0.7730
vn 0.7730 -0.0000 -0.6344
vn 0.8819 -0.0000 -0.4714
vn 0.9569 -0.0000 -0.2903
vn 0.9952 -0.0000 -0.0980
vn 0.9952 -0.0000 0.0980
vn 0.9569 -0.0000 0.2903
vn 0.8819 -0.0000 0.4714
vn 0.7730 -0.0000 0.6344
vn 0.6344 -0.0000 0.7730
vn 0.4714 -0.0000 0.8819
vn 0.2903 -0.0000 0.9569
vn 0.0980 -0.0000 0.9952
vn -0.0980 -0.0000 0.9952
vn -0.2903 -0.0000 0.9569
vn -0.4714 -0.0000 0.8819
vn -0.6344 -0.0000 0.7730
vn -0.7730 -0.0000 0.6344
vn -0.8819 -0.0000 0.4714
vn -0.9569 -0.0000 0.2903
vn -0.9952 -0.0000 0.0980
vn -0.9952 -0.0000 -0.0980
vn -0.9569 -0.0000 -0.2903
vn -0.8819 -0.0000 -0.4714
vn -0.7730 -0.0000 -0.6344
vn -0.6344 -0.0000 -0.7730
vn -0.4714 -0.0000 -0.8819
vn -0.0000 1.0000 -0.0000
vn -0.2903 -0.0000 -0.9569
vn -0.0980 -0.0000 -0.9952
vn -0.0000 -1.0000 -0.0000
vt 1.000000 0.500000
vt 1.000000 1.000000
vt 0.968750 1.000000
vt 0.968750 0.500000
vt 0.937500 1.000000
vt 0.937500 0.500000
vt 0.906250 1.000000
vt 0.906250 0.500000
vt 0.875000 1.000000
vt 0.875000 0.500000
vt 0.843750 1.000000
vt 0.843750 0.500000
vt 0.812500 1.000000
vt 0.812500 0.500000
vt 0.781250 1.000000
vt 0.781250 0.500000
vt 0.750000 1.000000
vt 0.750000 0.500000
vt 0.718750 1.000000
vt 0.718750 0.500000
vt 0.687500 1.000000
vt 0.687500 0.500000
vt 0.656250 1.000000
vt 0.656250 0.500000
vt 0.625000 1.000000
vt 0.625000 0.500000
vt 0.593750 1.000000
vt 0.593750 0.500000
vt 0.562500 1.000000
vt 0.562500 0.500000
vt 0.531250 1.000000
vt 0.531250 0.500000
vt 0.500000 1.000000
vt 0.500000 0.500000
vt 0.468750 1.000000
vt 0.468750 0.500000
vt 0.437500 1.000000
vt 0.437500 0.500000
vt 0.406250 1.000000
vt 0.406250 0.500000
vt 0.375000 1.000000
vt 0.375000 0.500000
vt 0.343750 1.000000
vt 0.343750 0.500000
vt 0.312500 1.000000
vt 0.312500 0.500000
vt 0.281250 1.000000
vt 0.281250 0.500000
vt 0.250000 1.000000
vt 0.250000 0.500000
vt 0.218750 1.000000
vt 0.218750 0.500000
vt 0.187500 1.000000
vt 0.187500 0.500000
vt 0.156250 1.000000
vt 0.156250 0.500000
vt 0.125000 1.000000
vt 0.125000 0.500000
vt 0.093750 1.000000
vt 0.093750 0.500000
vt 0.062500 1.000000
vt 0.062500 0.500000
vt 0.296822 0.485388
vt 0.250000 0.490000
vt 0.203178 0.485388
vt 0.158156 0.471731
vt 0.116663 0.449553
vt 0.080294 0.419706
vt 0.050447 0.383337
vt 0.028269 0.341844
vt 0.014612 0.296822
vt 0.010000 0.250000
vt 0.014612 0.203178
vt 0.028269 0.158156
vt 0.050447 0.116663
vt 0.080294 0.080294
vt 0.116663 0.050447
vt 0.158156 0.028269
vt 0.203178 0.014612
vt 0.250000 0.010000
vt 0.296822 0.014612
vt 0.341844 0.028269
vt 0.383337 0.050447
vt 0.419706 0.080294
vt 0.449553 0.116663
vt 0.471731 0.158156
vt 0.485388 0.203178
vt 0.490000 0.250000
vt 0.485388 0.296822
vt 0.471731 0.341844
vt 0.449553 0.383337
vt 0.419706 0.419706
vt 0.383337 0.449553
vt 0.341844 0.471731
vt 0.031250 1.000000
vt 0.031250 0.500000
vt 0.000000 1.000000
vt 0.000000 0.500000
vt 0.750000 0.490000
vt 0.796822 0.485388
vt 0.841844 0.471731
vt 0.883337 0.449553
vt 0.919706 0.419706
vt 0.949553 0.383337
vt 0.971731 0.341844
vt 0.985388 0.296822
vt 0.990000 0.250000
vt 0.985388 0.203178
vt 0.971731 0.158156
vt 0.949553 0.116663
vt 0.919706 0.080294
vt 0.883337 0.050447
vt 0.841844 0.028269
vt 0.796822 0.014612
vt 0.750000 0.010000
vt 0.703178 0.014612
vt 0.658156 0.028269
vt 0.616663 0.050447
vt 0.580294 0.080294
vt 0.550447 0.116663
vt 0.528269 0.158156
vt 0.514612 0.203178
vt 0.510000 0.250000
vt 0.514612 0.296822
vt 0.528269 0.341844
vt 0.550447 0.383337
vt 0.580294 0.419706
vt 0.616663 0.449553
vt 0.658156 0.471731
vt 0.703178 0.485388
s 0
f 3442/4572/845 3443/4573/845 3445/4574/845 3444/4575/845
f 3444/4575/846 3445/4574/846 3447/4576/846 3446/4577/846
f 3446/4577/847 3447/4576/847 3449/4578/847 3448/4579/847
f 3448/4579/848 3449/4578/848 3451/4580/848 3450/4581/848
f 3450/4581/849 3451/4580/849 3453/4582/849 3452/4583/849
f 3452/4583/850 3453/4582/850 3455/4584/850 3454/4585/850
f 3454/4585/851 3455/4584/851 3457/4586/851 3456/4587/851
f 3456/4587/852 3457/4586/852 3459/4588/852 3458/4589/852
f 3458/4589/853 3459/4588/853 3461/4590/853 3460/4591/853
f 3460/4591/854 3461/4590/854 3463/4592/854 3462/4593/854
f 3462/4593/855 3463/4592/855 3465/4594/855 3464/4595/855
f 3464/4595/856 3465/4594/856 3467/4596/856 3466/4597/856
f 3466/4597/857 3467/4596/857 3469/4598/857 3468/4599/857
f 3468/4599/858 3469/4598/858 3471/4600/858 3470/4601/858
f 3470/4601/859 3471/4600/859 3473/4602/859 3472/4603/859
f 3472/4603/860 3473/4602/860 3475/4604/860 3474/4605/860
f 3474/4605/861 3475/4604/861 3477/4606/861 3476/4607/861
f 3476/4607/862 3477/4606/862 3479/4608/862 3478/4609/862
f 3478/4609/863 3479/4608/863 3481/4610/863 3480/4611/863
f 3480/4611/864 3481/4610/864 3483/4612/864 3482/4613/864
f 3482/4613/865 3483/4612/865 3485/4614/865 3484/4615/865
f 3484/4615/866 3485/4614/866 3487/4616/866 3486/4617/866
f 3486/4617/867 3487/4616/867 3489/4618/867 3488/4619/867
f 3488/4619/868 3489/4618/868 3491/4620/868 3490/4621/868
f 3490/4621/869 3491/4620/869 3493/4622/869 3492/4623/869
f 3492/4623/870 3493/4622/870 3495/4624/870 3494/4625/870
f 3494/4625/871 3495/4624/871 3497/4626/871 3496/4627/871
f 3496/4627/872 3497/4626/872 3499/4628/872 3498/4629/872
f 3498/4629/873 3499/4628/873 3501/4630/873 3500/4631/873
f 3500/4631/874 3501/4630/874 3503/4632/874 3502/4633/874
f 3445/4634/875 3443/4635/875 3505/4636/875 3503/4637/875 3501/4638/875 3499/4639/875 3497/4640/875 3495/4641/875 3493/4642/875 3491/4643/875 3489/4644/875 3487/4645/875 3485/4646/875 3483/4647/875 3481/4648/875 3479/4649/875 3477/4650/875 3475/4651/875 3473/4652/875 3471/4653/875 3469/4654/875 3467/4655/875 3465/4656/875 3463/4657/875 3461/4658/875 3459/4659/875 3457/4660/875 3455/4661/875 3453/4662/875 3451/4663/875 3449/4664/875 3447/4665/875
f 3502/4633/876 3503/4632/876 3505/4666/876 3504/4667/876
f 3504/4667/877 3505/4666/877 3443/4668/877 3442/4669/877
f 3442/4670/878 3444/4671/878 3446/4672/878 3448/4673/878 3450/4674/878 3452/4675/878 3454/4676/878 3456/4677/878 3458/4678/878 3460/4679/878 3462/4680/878 3464/4681/878 3466/4682/878 3468/4683/878 3470/4684/878 3472/4685/878 3474/4686/878 3476/4687/878 3478/4688/878 3480/4689/878 3482/4690/878 3484/4691/878 3486/4692/878 3488/4693/878 3490/4694/878 3492/4695/878 3494/4696/878 3496/4697/878 3498/4698/878 3500/4699/878 3502/4700/878 3504/4701/878
o Cylinder.025
v 12.817398 -0.231861 20.197998
v 12.817398 16.465769 20.197998
v 12.864206 -0.231861 20.202608
v 12.864206 16.465769 20.202608
v 12.909216 -0.231861 20.216263
v 12.909216 16.465769 20.216263
v 12.950697 -0.231861 20.238434
v 12.950697 16.465769 20.238434
v 12.987056 -0.231861 20.268272
v 12.987056 16.465769 20.268272
v 13.016894 -0.231861 20.304632
v 13.016894 16.465769 20.304632
v 13.039066 -0.231861 20.346113
v 13.039066 16.465769 20.346113
v 13.052720 -0.231861 20.391123
v 13.052720 16.465769 20.391123
v 13.057330 -0.231861 20.437931
v 13.057330 16.465769 20.437931
v 13.052720 -0.231861 20.484739
v 13.052720 16.465769 20.484739
v 13.039066 -0.231861 20.529749
v 13.039066 16.465769 20.529749
v 13.016894 -0.231861 20.571230
v 13.016894 16.465769 20.571230
v 12.987056 -0.231861 20.607590
v 12.987056 16.465769 20.607590
v 12.950697 -0.231861 20.637428
v 12.950697 16.465769 20.637428
v 12.909216 -0.231861 20.659599
v 12.909216 16.465769 20.659599
v 12.864206 -0.231861 20.673254
v 12.864206 16.465769 20.673254
v 12.817398 -0.231861 20.677864
v 12.817398 16.465769 20.677864
v 12.770590 -0.231861 20.673254
v 12.770590 16.465769 20.673254
v 12.725580 -0.231861 20.659599
v 12.725580 16.465769 20.659599
v 12.684099 -0.231861 20.637428
v 12.684099 16.465769 20.637428
v 12.647740 -0.231861 20.607590
v 12.647740 16.465769 20.607590
v 12.617902 -0.231861 20.571230
v 12.617902 16.465769 20.571230
v 12.595730 -0.231861 20.529749
v 12.595730 16.465769 20.529749
v 12.582076 -0.231861 20.484739
v 12.582076 16.465769 20.484739
v 12.577466 -0.231861 20.437931
v 12.577466 16.465769 20.437931
v 12.582076 -0.231861 20.391123
v 12.582076 16.465769 20.391123
v 12.595730 -0.231861 20.346113
v 12.595730 16.465769 20.346113
v 12.617902 -0.231861 20.304632
v 12.617902 16.465769 20.304632
v 12.647740 -0.231861 20.268272
v 12.647740 16.465769 20.268272
v 12.684099 -0.231861 20.238434
v 12.684099 16.465769 20.238434
v 12.725580 -0.231861 20.216263
v 12.725580 16.465769 20.216263
v 12.770590 -0.231861 20.202608
v 12.770590 16.465769 20.202608
vn 0.0980 -0.0000 -0.9952
vn 0.2903 -0.0000 -0.9569
vn 0.4714 -0.0000 -0.8819
vn 0.6344 -0.0000 -0.7730
vn 0.7730 -0.0000 -0.6344
vn 0.8819 -0.0000 -0.4714
vn 0.9569 -0.0000 -0.2903
vn 0.9952 -0.0000 -0.0980
vn 0.9952 -0.0000 0.0980
vn 0.9569 -0.0000 0.2903
vn 0.8819 -0.0000 0.4714
vn 0.7730 -0.0000 0.6344
vn 0.6344 -0.0000 0.7730
vn 0.4714 -0.0000 0.8819
vn 0.2903 -0.0000 0.9569
vn 0.0980 -0.0000 0.9952
vn -0.0980 -0.0000 0.9952
vn -0.2903 -0.0000 0.9569
vn -0.4714 -0.0000 0.8819
vn -0.6344 -0.0000 0.7730
vn -0.7730 -0.0000 0.6344
vn -0.8819 -0.0000 0.4714
vn -0.9569 -0.0000 0.2903
vn -0.9952 -0.0000 0.0980
vn -0.9952 -0.0000 -0.0980
vn -0.9569 -0.0000 -0.2903
vn -0.8819 -0.0000 -0.4714
vn -0.7730 -0.0000 -0.6344
vn -0.6344 -0.0000 -0.7730
vn -0.4714 -0.0000 -0.8819
vn -0.0000 1.0000 -0.0000
vn -0.2903 -0.0000 -0.9569
vn -0.0980 -0.0000 -0.9952
vn -0.0000 -1.0000 -0.0000
vt 1.000000 0.500000
vt 1.000000 1.000000
vt 0.968750 1.000000
vt 0.968750 0.500000
vt 0.937500 1.000000
vt 0.937500 0.500000
vt 0.906250 1.000000
vt 0.906250 0.500000
vt 0.875000 1.000000
vt 0.875000 0.500000
vt 0.843750 1.000000
vt 0.843750 0.500000
vt 0.812500 1.000000
vt 0.812500 0.500000
vt 0.781250 1.000000
vt 0.781250 0.500000
vt 0.750000 1.000000
vt 0.750000 0.500000
vt 0.718750 1.000000
vt 0.718750 0.500000
vt 0.687500 1.000000
vt 0.687500 0.500000
vt 0.656250 1.000000
vt 0.656250 0.500000
vt 0.625000 1.000000
vt 0.625000 0.500000
vt 0.593750 1.000000
vt 0.593750 0.500000
vt 0.562500 1.000000
vt 0.562500 0.500000
vt 0.531250 1.000000
vt 0.531250 0.500000
vt 0.500000 1.000000
vt 0.500000 0.500000
vt 0.468750 1.000000
vt 0.468750 0.500000
vt 0.437500 1.000000
vt 0.437500 0.500000
vt 0.406250 1.000000
vt 0.406250 0.500000
vt 0.375000 1.000000
vt 0.375000 0.500000
vt 0.343750 1.000000
vt 0.343750 0.500000
vt 0.312500 1.000000
vt 0.312500 0.500000
vt 0.281250 1.000000
vt 0.281250 0.500000
vt 0.250000 1.000000
vt 0.250000 0.500000
vt 0.218750 1.000000
vt 0.218750 0.500000
vt 0.187500 1.000000
vt 0.187500 0.500000
vt 0.156250 1.000000
vt 0.156250 0.500000
vt 0.125000 1.000000
vt 0.125000 0.500000
vt 0.093750 1.000000
vt 0.093750 0.500000
vt 0.062500 1.000000
vt 0.062500 0.500000
vt 0.296822 0.485388
vt 0.250000 0.490000
vt 0.203178 0.485388
vt 0.158156 0.471731
vt 0.116663 0.449553
vt 0.080294 0.419706
vt 0.050447 0.383337
vt 0.028269 0.341844
vt 0.014612 0.296822
vt 0.010000 0.250000
vt 0.014612 0.203178
vt 0.028269 0.158156
vt 0.050447 0.116663
vt 0.080294 0.080294
vt 0.116663 0.050447
vt 0.158156 0.028269
vt 0.203178 0.014612
vt 0.250000 0.010000
vt 0.296822 0.014612
vt 0.341844 0.028269
vt 0.383337 0.050447
vt 0.419706 0.080294
vt 0.449553 0.116663
vt 0.471731 0.158156
vt 0.485388 0.203178
vt 0.490000 0.250000
vt 0.485388 0.296822
vt 0.471731 0.341844
vt 0.449553 0.383337
vt 0.419706 0.419706
vt 0.383337 0.449553
vt 0.341844 0.471731
vt 0.031250 1.000000
vt 0.031250 0.500000
vt 0.000000 1.000000
vt 0.000000 0.500000
vt 0.750000 0.490000
vt 0.796822 0.485388
vt 0.841844 0.471731
vt 0.883337 0.449553
vt 0.919706 0.419706
vt 0.949553 0.383337
vt 0.971731 0.341844
vt 0.985388 0.296822
vt 0.990000 0.250000
vt 0.985388 0.203178
vt 0.971731 0.158156
vt 0.949553 0.116663
vt 0.919706 0.080294
vt 0.883337 0.050447
vt 0.841844 0.028269
vt 0.796822 0.014612
vt 0.750000 0.010000
vt 0.703178 0.014612
vt 0.658156 0.028269
vt 0.616663 0.050447
vt 0.580294 0.080294
vt 0.550447 0.116663
vt 0.528269 0.158156
vt 0.514612 0.203178
vt 0.510000 0.250000
vt 0.514612 0.296822
vt 0.528269 0.341844
vt 0.550447 0.383337
vt 0.580294 0.419706
vt 0.616663 0.449553
vt 0.658156 0.471731
vt 0.703178 0.485388
s 0
f 3506/4702/879 3507/4703/879 3509/4704/879 3508/4705/879
f 3508/4705/880 3509/4704/880 3511/4706/880 3510/4707/880
f 3510/4707/881 3511/4706/881 3513/4708/881 3512/4709/881
f 3512/4709/882 3513/4708/882 3515/4710/882 3514/4711/882
f 3514/4711/883 3515/4710/883 3517/4712/883 3516/4713/883
f 3516/4713/884 3517/4712/884 3519/4714/884 3518/4715/884
f 3518/4715/885 3519/4714/885 3521/4716/885 3520/4717/885
f 3520/4717/886 3521/4716/886 3523/4718/886 3522/4719/886
f 3522/4719/887 3523/4718/887 3525/4720/887 3524/4721/887
f 3524/4721/888 3525/4720/888 3527/4722/888 3526/4723/888
f 3526/4723/889 3527/4722/889 3529/4724/889 3528/4725/889
f 3528/4725/890 3529/4724/890 3531/4726/890 3530/4727/890
f 3530/4727/891 3531/4726/891 3533/4728/891 3532/4729/891
f 3532/4729/892 3533/4728/892 3535/4730/892 3534/4731/892
f 3534/4731/893 3535/4730/893 3537/4732/893 3536/4733/893
f 3536/4733/894 3537/4732/894 3539/4734/894 3538/4735/894
f 3538/4735/895 3539/4734/895 3541/4736/895 3540/4737/895
f 3540/4737/896 3541/4736/896 3543/4738/896 3542/4739/896
f 3542/4739/897 3543/4738/897 3545/4740/897 3544/4741/897
f 3544/4741/898 3545/4740/898 3547/4742/898 3546/4743/898
f 3546/4743/899 3547/4742/899 3549/4744/899 3548/4745/899
f 3548/4745/900 3549/4744/900 3551/4746/900 3550/4747/900
f 3550/4747/901 3551/4746/901 3553/4748/901 3552/4749/901
f 3552/4749/902 3553/4748/902 3555/4750/902 3554/4751/902
f 3554/4751/903 3555/4750/903 3557/4752/903 3556/4753/903
f 3556/4753/904 3557/4752/904 3559/4754/904 3558/4755/904
f 3558/4755/905 3559/4754/905 3561/4756/905 3560/4757/905
f 3560/4757/906 3561/4756/906 3563/4758/906 3562/4759/906
f 3562/4759/907 3563/4758/907 3565/4760/907 3564/4761/907
f 3564/4761/908 3565/4760/908 3567/4762/908 3566/4763/908
f 3509/4764/909 3507/4765/909 3569/4766/909 3567/4767/909 3565/4768/909 3563/4769/909 3561/4770/909 3559/4771/909 3557/4772/909 3555/4773/909 3553/4774/909 3551/4775/909 3549/4776/909 3547/4777/909 3545/4778/909 3543/4779/909 3541/4780/909 3539/4781/909 3537/4782/909 3535/4783/909 3533/4784/909 3531/4785/909 3529/4786/909 3527/4787/909 3525/4788/909 3523/4789/909 3521/4790/909 3519/4791/909 3517/4792/909 3515/4793/909 3513/4794/909 3511/4795/909
f 3566/4763/910 3567/4762/910 3569/4796/910 3568/4797/910
f 3568/4797/911 3569/4796/911 3507/4798/911 3506/4799/911
f 3506/4800/912 3508/4801/912 3510/4802/912 3512/4803/912 3514/4804/912 3516/4805/912 3518/4806/912 3520/4807/912 3522/4808/912 3524/4809/912 3526/4810/912 3528/4811/912 3530/4812/912 3532/4813/912 3534/4814/912 3536/4815/912 3538/4816/912 3540/4817/912 3542/4818/912 3544/4819/912 3546/4820/912 3548/4821/912 3550/4822/912 3552/4823/912 3554/4824/912 3556/4825/912 3558/4826/912 3560/4827/912 3562/4828/912 3564/4829/912 3566/4830/912 3568/4831/912
o Cylinder.026
v 12.817398 -0.183643 18.399715
v 12.817398 16.457121 19.776600
v 12.864206 -0.184024 18.404310
v 12.864206 16.456741 19.781195
v 12.909216 -0.185149 18.417917
v 12.909216 16.455616 19.794802
v 12.950697 -0.186977 18.440014
v 12.950697 16.453787 19.816898
v 12.987056 -0.189438 18.469749
v 12.987056 16.451326 19.846634
v 13.016894 -0.192436 18.505985
v 13.016894 16.448328 19.882870
v 13.039066 -0.195857 18.547325
v 13.039066 16.444908 19.924210
v 13.052720 -0.199569 18.592182
v 13.052720 16.441196 19.969065
v 13.057330 -0.203428 18.638830
v 13.057330 16.437336 20.015715
v 13.052720 -0.207288 18.685480
v 13.052720 16.433475 20.062363
v 13.039066 -0.210999 18.730335
v 13.039066 16.429764 20.107220
v 13.016894 -0.214420 18.771675
v 13.016894 16.426344 20.148560
v 12.987056 -0.217419 18.807911
v 12.987056 16.423346 20.184795
v 12.950697 -0.219879 18.837646
v 12.950697 16.420885 20.214531
v 12.909216 -0.221707 18.859743
v 12.909216 16.419056 20.236628
v 12.864206 -0.222833 18.873350
v 12.864206 16.417931 20.250235
v 12.817398 -0.223213 18.877945
v 12.817398 16.417551 20.254829
v 12.770590 -0.222833 18.873350
v 12.770590 16.417931 20.250235
v 12.725580 -0.221707 18.859743
v 12.725580 16.419056 20.236628
v 12.684099 -0.219879 18.837646
v 12.684099 16.420885 20.214531
v 12.647740 -0.217419 18.807911
v 12.647740 16.423346 20.184795
v 12.617902 -0.214420 18.771675
v 12.617902 16.426344 20.148560
v 12.595730 -0.210999 18.730335
v 12.595730 16.429764 20.107220
v 12.582076 -0.207288 18.685480
v 12.582076 16.433475 20.062363
v 12.577466 -0.203428 18.638830
v 12.577466 16.437336 20.015715
v 12.582076 -0.199569 18.592182
v 12.582076 16.441196 19.969065
v 12.595730 -0.195857 18.547325
v 12.595730 16.444908 19.924210
v 12.617902 -0.192436 18.505985
v 12.617902 16.448328 19.882870
v 12.647740 -0.189438 18.469749
v 12.647740 16.451326 19.846634
v 12.684099 -0.186977 18.440014
v 12.684099 16.453787 19.816898
v 12.725580 -0.185149 18.417917
v 12.725580 16.455616 19.794802
v 12.770590 -0.184024 18.404310
v 12.770590 16.456741 19.781195
vn 0.0980 0.0821 -0.9918
vn 0.2903 0.0789 -0.9537
vn 0.4714 0.0727 -0.8789
vn 0.6344 0.0637 -0.7704
vn 0.7730 0.0523 -0.6322
vn 0.8819 0.0389 -0.4698
vn 0.9569 0.0239 -0.2893
vn 0.9952 0.0081 -0.0977
vn 0.9952 -0.0081 0.0977
vn 0.9569 -0.0239 0.2893
vn 0.8819 -0.0389 0.4698
vn 0.7730 -0.0523 0.6322
vn 0.6344 -0.0637 0.7704
vn 0.4714 -0.0727 0.8789
vn 0.2903 -0.0789 0.9537
vn 0.0980 -0.0821 0.9918
vn -0.0980 -0.0821 0.9918
vn -0.2903 -0.0789 0.9537
vn -0.4714 -0.0727 0.8789
vn -0.6344 -0.0637 0.7704
vn -0.7730 -0.0523 0.6322
vn -0.8819 -0.0389 0.4698
vn -0.9569 -0.0239 0.2893
vn -0.9952 -0.0081 0.0977
vn -0.9952 0.0081 -0.0977
vn -0.9569 0.0239 -0.2893
vn -0.8819 0.0389 -0.4698
vn -0.7730 0.0523 -0.6322
vn -0.6344 0.0637 -0.7704
vn -0.4714 0.0727 -0.8789
vn -0.0000 0.9966 0.0825
vn -0.2903 0.0789 -0.9537
vn -0.0980 0.0821 -0.9918
vn -0.0000 -0.9966 -0.0825
vt 1.000000 0.500000
vt 1.000000 1.000000
vt 0.968750 1.000000
vt 0.968750 0.500000
vt 0.937500 1.000000
vt 0.937500 0.500000
vt 0.906250 1.000000
vt 0.906250 0.500000
vt 0.875000 1.000000
vt 0.875000 0.500000
vt 0.843750 1.000000
vt 0.843750 0.500000
vt 0.812500 1.000000
vt 0.812500 0.500000
vt 0.781250 1.000000
vt 0.781250 0.500000
vt 0.750000 1.000000
vt 0.750000 0.500000
vt 0.718750 1.000000
vt 0.718750 0.500000
vt 0.687500 1.000000
vt 0.687500 0.500000
vt 0.656250 1.000000
vt 0.656250 0.500000
vt 0.625000 1.000000
vt 0.625000 0.500000
vt 0.593750 1.000000
vt 0.593750 0.500000
vt 0.562500 1.000000
vt 0.562500 0.500000
vt 0.531250 1.000000
vt 0.531250 0.500000
vt 0.500000 1.000000
vt 0.500000 0.500000
vt 0.468750 1.000000
vt 0.468750 0.500000
vt 0.437500 1.000000
vt 0.437500 0.500000
vt 0.406250 1.000000
vt 0.406250 0.500000
vt 0.375000 1.000000
vt 0.375000 0.500000
vt 0.343750 1.000000
vt 0.343750 0.500000
vt 0.312500 1.000000
vt 0.312500 0.500000
vt 0.281250 1.000000
vt 0.281250 0.500000
vt 0.250000 1.000000
vt 0.250000 0.500000
vt 0.218750 1.000000
vt 0.218750 0.500000
vt 0.187500 1.000000
vt 0.187500 0.500000
vt 0.156250 1.000000
vt 0.156250 0.500000
vt 0.125000 1.000000
vt 0.125000 0.500000
vt 0.093750 1.000000
vt 0.093750 0.500000
vt 0.062500 1.000000
vt 0.062500 0.500000
vt 0.296822 0.485388
vt 0.250000 0.490000
vt 0.203178 0.485388
vt 0.158156 0.471731
vt 0.116663 0.449553
vt 0.080294 0.419706
vt 0.050447 0.383337
vt 0.028269 0.341844
vt 0.014612 0.296822
vt 0.010000 0.250000
vt 0.014612 0.203178
vt 0.028269 0.158156
vt 0.050447 0.116663
vt 0.080294 0.080294
vt 0.116663 0.050447
vt 0.158156 0.028269
vt 0.203178 0.014612
vt 0.250000 0.010000
vt 0.296822 0.014612
vt 0.341844 0.028269
vt 0.383337 0.050447
vt 0.419706 0.080294
vt 0.449553 0.116663
vt 0.471731 0.158156
vt 0.485388 0.203178
vt 0.490000 0.250000
vt 0.485388 0.296822
vt 0.471731 0.341844
vt 0.449553 0.383337
vt 0.419706 0.419706
vt 0.383337 0.449553
vt 0.341844 0.471731
vt 0.031250 1.000000
vt 0.031250 0.500000
vt 0.000000 1.000000
vt 0.000000 0.500000
vt 0.750000 0.490000
vt 0.796822 0.485388
vt 0.841844 0.471731
vt 0.883337 0.449553
vt 0.919706 0.419706
vt 0.949553 0.383337
vt 0.971731 0.341844
vt 0.985388 0.296822
vt 0.990000 0.250000
vt 0.985388 0.203178
vt 0.971731 0.158156
vt 0.949553 0.116663
vt 0.919706 0.080294
vt 0.883337 0.050447
vt 0.841844 0.028269
vt 0.796822 0.014612
vt 0.750000 0.010000
vt 0.703178 0.014612
vt 0.658156 0.028269
vt 0.616663 0.050447
vt 0.580294 0.080294
vt 0.550447 0.116663
vt 0.528269 0.158156
vt 0.514612 0.203178
vt 0.510000 0.250000
vt 0.514612 0.296822
vt 0.528269 0.341844
vt 0.550447 0.383337
vt 0.580294 0.419706
vt 0.616663 0.449553
vt 0.658156 0.471731
vt 0.703178 0.485388
s 0
f 3570/4832/913 3571/4833/913 3573/4834/913 3572/4835/913
f 3572/4835/914 3573/4834/914 3575/4836/914 3574/4837/914
f 3574/4837/915 3575/4836/915 3577/4838/915 3576/4839/915
f 3576/4839/916 3577/4838/916 3579/4840/916 3578/4841/916
f 3578/4841/917 3579/4840/917 3581/4842/917 3580/4843/917
f 3580/4843/918 3581/4842/918 3583/4844/918 3582/4845/918
f 3582/4845/919 3583/4844/919 3585/4846/919 3584/4847/919
f 3584/4847/920 3585/4846/920 3587/4848/920 3586/4849/920
f 3586/4849/921 3587/4848/921 3589/4850/921 3588/4851/921
f 3588/4851/922 3589/4850/922 3591/4852/922 3590/4853/922
f 3590/4853/923 3591/4852/923 3593/4854/923 3592/4855/923
f 3592/4855/924 3593/4854/924 3595/4856/924 3594/4857/924
f 3594/4857/925 3595/4856/925 3597/4858/925 3596/4859/925
f 3596/4859/926 3597/4858/926 3599/4860/926 3598/4861/926
f 3598/4861/927 3599/4860/927 3601/4862/927 3600/4863/927
f 3600/4863/928 3601/4862/928 3603/4864/928 3602/4865/928
f 3602/4865/929 3603/4864/929 3605/4866/929 3604/4867/929
f 3604/4867/930 3605/4866/930 3607/4868/930 3606/4869/930
f 3606/4869/931 3607/4868/931 3609/4870/931 3608/4871/931
f 3608/4871/932 3609/4870/932 3611/4872/932 3610/4873/932
f 3610/4873/933 3611/4872/933 3613/4874/933 3612/4875/933
f 3612/4875/934 3613/4874/934 3615/4876/934 3614/4877/934
f 3614/4877/935 3615/4876/935 3617/4878/935 3616/4879/935
f 3616/4879/936 3617/4878/936 3619/4880/936 3618/4881/936
f 3618/4881/937 3619/4880/937 3621/4882/937 3620/4883/937
f 3620/4883/938 3621/4882/938 3623/4884/938 3622/4885/938
f 3622/4885/939 3623/4884/939 3625/4886/939 3624/4887/939
f 3624/4887/940 3625/4886/940 3627/4888/940 3626/4889/940
f 3626/4889/941 3627/4888/941 3629/4890/941 3628/4891/941
f 3628/4891/942 3629/4890/942 3631/4892/942 3630/4893/942
f 3573/4894/943 3571/4895/943 3633/4896/943 3631/4897/943 3629/4898/943 3627/4899/943 3625/4900/943 3623/4901/943 3621/4902/943 3619/4903/943 3617/4904/943 3615/4905/943 3613/4906/943 3611/4907/943 3609/4908/943 3607/4909/943 3605/4910/943 3603/4911/943 3601/4912/943 3599/4913/943 3597/4914/943 3595/4915/943 3593/4916/943 3591/4917/943 3589/4918/943 3587/4919/943 3585/4920/943 3583/4921/943 3581/4922/943 3579/4923/943 3577/4924/943 3575/4925/943
f 3630/4893/944 3631/4892/944 3633/4926/944 3632/4927/944
f 3632/4927/945 3633/4926/945 3571/4928/945 3570/4929/945
f 3570/4930/946 3572/4931/946 3574/4932/946 3576/4933/946 3578/4934/946 3580/4935/946 3582/4936/946 3584/4937/946 3586/4938/946 3588/4939/946 3590/4940/946 3592/4941/946 3594/4942/946 3596/4943/946 3598/4944/946 3600/4945/946 3602/4946/946 3604/4947/946 3606/4948/946 3608/4949/946 3610/4950/946 3612/4951/946 3614/4952/946 3616/4953/946 3618/4954/946 3620/4955/946 3622/4956/946 3624/4957/946 3626/4958/946 3628/4959/946 3630/4960/946 3632/4961/946
o Cylinder.027
v 12.817398 -0.161753 19.308983
v 12.817398 16.318478 16.623304
v 12.864206 -0.161011 19.313532
v 12.864206 16.319220 16.627853
v 12.909216 -0.158814 19.327007
v 12.909216 16.321415 16.641331
v 12.950697 -0.155249 19.348892
v 12.950697 16.324982 16.663214
v 12.987056 -0.150450 19.378342
v 12.987056 16.329781 16.692663
v 13.016894 -0.144602 19.414227
v 13.016894 16.335629 16.728548
v 13.039066 -0.137930 19.455168
v 13.039066 16.342300 16.769489
v 13.052720 -0.130690 19.499592
v 13.052720 16.349541 16.813913
v 13.057330 -0.123161 19.545790
v 13.057330 16.357069 16.860113
v 13.052720 -0.115633 19.591990
v 13.052720 16.364597 16.906311
v 13.039066 -0.108393 19.636414
v 13.039066 16.371838 16.950735
v 13.016894 -0.101721 19.677355
v 13.016894 16.378510 16.991676
v 12.987056 -0.095873 19.713240
v 12.987056 16.384357 17.027561
v 12.950697 -0.091074 19.742689
v 12.950697 16.389156 17.057011
v 12.909216 -0.087508 19.764572
v 12.909216 16.392723 17.078896
v 12.864206 -0.085312 19.778049
v 12.864206 16.394918 17.092371
v 12.817398 -0.084570 19.782598
v 12.817398 16.395660 17.096920
v 12.770590 -0.085312 19.778049
v 12.770590 16.394918 17.092371
v 12.725580 -0.087508 19.764572
v 12.725580 16.392723 17.078896
v 12.684099 -0.091074 19.742689
v 12.684099 16.389156 17.057011
v 12.647740 -0.095873 19.713240
v 12.647740 16.384357 17.027561
v 12.617902 -0.101721 19.677355
v 12.617902 16.378510 16.991676
v 12.595730 -0.108393 19.636414
v 12.595730 16.371838 16.950735
v 12.582076 -0.115633 19.591990
v 12.582076 16.364597 16.906311
v 12.577466 -0.123161 19.545790
v 12.577466 16.357069 16.860113
v 12.582076 -0.130690 19.499592
v 12.582076 16.349541 16.813913
v 12.595730 -0.137930 19.455168
v 12.595730 16.342300 16.769489
v 12.617902 -0.144602 19.414227
v 12.617902 16.335629 16.728548
v 12.647740 -0.150450 19.378342
v 12.647740 16.329781 16.692663
v 12.684099 -0.155249 19.348892
v 12.684099 16.324982 16.663214
v 12.725580 -0.158814 19.327007
v 12.725580 16.321415 16.641331
v 12.770590 -0.161011 19.313532
v 12.770590 16.319220 16.627853
vn 0.0980 -0.1601 -0.9822
vn 0.2903 -0.1539 -0.9445
vn 0.4714 -0.1418 -0.8704
vn 0.6344 -0.1243 -0.7629
vn 0.7730 -0.1020 -0.6261
vn 0.8819 -0.0758 -0.4653
vn 0.9569 -0.0467 -0.2865
vn 0.9952 -0.0158 -0.0967
vn 0.9952 0.0158 0.0967
vn 0.9569 0.0467 0.2865
vn 0.8819 0.0758 0.4653
vn 0.7730 0.1020 0.6261
vn 0.6344 0.1243 0.7629
vn 0.4714 0.1418 0.8704
vn 0.2903 0.1539 0.9445
vn 0.0980 0.1601 0.9822
vn -0.0980 0.1601 0.9822
vn -0.2903 0.1539 0.9445
vn -0.4714 0.1418 0.8704
vn -0.6344 0.1243 0.7629
vn -0.7730 0.1020 0.6261
vn -0.8819 0.0758 0.4653
vn -0.9569 0.0467 0.2865
vn -0.9952 0.0158 0.0967
vn -0.9952 -0.0158 -0.0967
vn -0.9569 -0.0467 -0.2865
vn -0.8819 -0.0758 -0.4653
vn -0.7730 -0.1020 -0.6261
vn -0.6344 -0.1243 -0.7629
vn -0.4714 -0.1418 -0.8704
vn -0.0000 0.9870 -0.1608
vn -0.2903 -0.1539 -0.9445
vn -0.0980 -0.1601 -0.9822
vn -0.0000 -0.9870 0.1608
vt 1.000000 0.500000
vt 1.000000 1.000000
vt 0.968750 1.000000
vt 0.968750 0.500000
vt 0.937500 1.000000
vt 0.937500 0.500000
vt 0.906250 1.000000
vt 0.906250 0.500000
vt 0.875000 1.000000
vt 0.875000 0.500000
vt 0.843750 1.000000
vt 0.843750 0.500000
vt 0.812500 1.000000
vt 0.812500 0.500000
vt 0.781250 1.000000
vt 0.781250 0.500000
vt 0.750000 1.000000
vt 0.750000 0.500000
vt 0.718750 1.000000
vt 0.718750 0.500000
vt 0.687500 1.000000
vt 0.687500 0.500000
vt 0.656250 1.000000
vt 0.656250 0.500000
vt 0.625000 1.000000
vt 0.625000 0.500000
vt 0.593750 1.000000
vt 0.593750 0.500000
vt 0.562500 1.000000
vt 0.562500 0.500000
vt 0.531250 1.000000
vt 0.531250 0.500000
vt 0.500000 1.000000
vt 0.500000 0.500000
vt 0.468750 1.000000
vt 0.468750 0.500000
vt 0.437500 1.000000
vt 0.437500 0.500000
vt 0.406250 1.000000
vt 0.406250 0.500000
vt 0.375000 1.000000
vt 0.375000 0.500000
vt 0.343750 1.000000
vt 0.343750 0.500000
vt 0.312500 1.000000
vt 0.312500 0.500000
vt 0.281250 1.000000
vt 0.281250 0.500000
vt 0.250000 1.000000
vt 0.250000 0.500000
vt 0.218750 1.000000
vt 0.218750 0.500000
vt 0.187500 1.000000
vt 0.187500 0.500000
vt 0.156250 1.000000
vt 0.156250 0.500000
vt 0.125000 1.000000
vt 0.125000 0.500000
vt 0.093750 1.000000
vt 0.093750 0.500000
vt 0.062500 1.000000
vt 0.062500 0.500000
vt 0.296822 0.485388
vt 0.250000 0.490000
vt 0.203178 0.485388
vt 0.158156 0.471731
vt 0.116663 0.449553
vt 0.080294 0.419706
vt 0.050447 0.383337
vt 0.028269 0.341844
vt 0.014612 0.296822
vt 0.010000 0.250000
vt 0.014612 0.203178
vt 0.028269 0.158156
vt 0.050447 0.116663
vt 0.080294 0.080294
vt 0.116663 0.050447
vt 0.158156 0.028269
vt 0.203178 0.014612
vt 0.250000 0.010000
vt 0.296822 0.014612
vt 0.341844 0.028269
vt 0.383337 0.050447
vt 0.419706 0.080294
vt 0.449553 0.116663
vt 0.471731 0.158156
vt 0.485388 0.203178
vt 0.490000 0.250000
vt 0.485388 0.296822
vt 0.471731 0.341844
vt 0.449553 0.383337
vt 0.419706 0.419706
vt 0.383337 0.449553
vt 0.341844 0.471731
vt 0.031250 1.000000
vt 0.031250 0.500000
vt 0.000000 1.000000
vt 0.000000 0.500000
vt 0.750000 0.490000
vt 0.796822 0.485388
vt 0.841844 0.471731
vt 0.883337 0.449553
vt 0.919706 0.419706
vt 0.949553 0.383337
vt 0.971731 0.341844
vt 0.985388 0.296822
vt 0.990000 0.250000
vt 0.985388 0.203178
vt 0.971731 0.158156
vt 0.949553 0.116663
vt 0.919706 0.080294
vt 0.883337 0.050447
vt 0.841844 0.028269
vt 0.796822 0.014612
vt 0.750000 0.010000
vt 0.703178 0.014612
vt 0.658156 0.028269
vt 0.616663 0.050447
vt 0.580294 0.080294
vt 0.550447 0.116663
vt 0.528269 0.158156
vt 0.514612 0.203178
vt 0.510000 0.250000
vt 0.514612 0.296822
vt 0.528269 0.341844
vt 0.550447 0.383337
vt 0.580294 0.419706
vt 0.616663 0.449553
vt 0.658156 0.471731
vt 0.703178 0.485388
s 0
f 3634/4962/947 3635/4963/947 3637/4964/947 3636/4965/947
f 3636/4965/948 3637/4964/948 3639/4966/948 3638/4967/948
f 3638/4967/949 3639/4966/949 3641/4968/949 3640/4969/949
f 3640/4969/950 3641/4968/950 3643/4970/950 3642/4971/950
f 3642/4971/951 3643/4970/951 3645/4972/951 3644/4973/951
f 3644/4973/952 3645/4972/952 3647/4974/952 3646/4975/952
f 3646/4975/953 3647/4974/953 3649/4976/953 3648/4977/953
f 3648/4977/954 3649/4976/954 3651/4978/954 3650/4979/954
f 3650/4979/955 3651/4978/955 3653/4980/955 3652/4981/955
f 3652/4981/956 3653/4980/956 3655/4982/956 3654/4983/956
f 3654/4983/957 3655/4982/957 3657/4984/957 3656/4985/957
f 3656/4985/958 3657/4984/958 3659/4986/958 3658/4987/958
f 3658/4987/959 3659/4986/959 3661/4988/959 3660/4989/959
f 3660/4989/960 3661/4988/960 3663/4990/960 3662/4991/960
f 3662/4991/961 3663/4990/961 3665/4992/961 3664/4993/961
f 3664/4993/962 3665/4992/962 3667/4994/962 3666/4995/962
f 3666/4995/963 3667/4994/963 3669/4996/963 3668/4997/963
f 3668/4997/964 3669/4996/964 3671/4998/964 3670/4999/964
f 3670/4999/965 3671/4998/965 3673/5000/965 3672/5001/965
f 3672/5001/966 3673/5000/966 3675/5002/966 3674/5003/966
f 3674/5003/967 3675/5002/967 3677/5004/967 3676/5005/967
f 3676/5005/968 3677/5004/968 3679/5006/968 3678/5007/968
f 3678/5007/969 3679/5006/969 3681/5008/969 3680/5009/969
f 3680/5009/970 3681/5008/970 3683/5010/970 3682/5011/970
f 3682/5011/971 3683/5010/971 3685/5012/971 3684/5013/971
f 3684/5013/972 3685/5012/972 3687/5014/972 3686/5015/972
f 3686/5015/973 3687/5014/973 3689/5016/973 3688/5017/973
f 3688/5017/974 3689/5016/974 3691/5018/974 3690/5019/974
f 3690/5019/975 3691/5018/975 3693/5020/975 3692/5021/975
f 3692/5021/976 3693/5020/976 3695/5022/976 3694/5023/976
f 3637/5024/977 3635/5025/977 3697/5026/977 3695/5027/977 3693/5028/977 3691/5029/977 3689/5030/977 3687/5031/977 3685/5032/977 3683/5033/977 3681/5034/977 3679/5035/977 3677/5036/977 3675/5037/977 3673/5038/977 3671/5039/977 3669/5040/977 3667/5041/977 3665/5042/977 3663/5043/977 3661/5044/977 3659/5045/977 3657/5046/977 3655/5047/977 3653/5048/977 3651/5049/977 3649/5050/977 3647/5051/977 3645/5052/977 3643/5053/977 3641/5054/977 3639/5055/977
f 3694/5023/978 3695/5022/978 3697/5056/978 3696/5057/978
f 3696/5057/979 3697/5056/979 3635/5058/979 3634/5059/979
f 3634/5060/980 3636/5061/980 3638/5062/980 3640/5063/980 3642/5064/980 3644/5065/980 3646/5066/980 3648/5067/980 3650/5068/980 3652/5069/980 3654/5070/980 3656/5071/980 3658/5072/980 3660/5073/980 3662/5074/980 3664/5075/980 3666/5076/980 3668/5077/980 3670/5078/980 3672/5079/980 3674/5080/980 3676/5081/980 3678/5082/980 3680/5083/980 3682/5084/980 3684/5085/980 3686/5086/980 3688/5087/980 3690/5088/980 3692/5089/980 3694/5090/980 3696/5091/980
o Cylinder.028
v 12.817398 -0.231861 23.488960
v 12.817398 16.465769 23.488960
v 12.864206 -0.231861 23.493570
v 12.864206 16.465769 23.493570
v 12.909216 -0.231861 23.507225
v 12.909216 16.465769 23.507225
v 12.950697 -0.231861 23.529396
v 12.950697 16.465769 23.529396
v 12.987056 -0.231861 23.559235
v 12.987056 16.465769 23.559235
v 13.016894 -0.231861 23.595594
v 13.016894 16.465769 23.595594
v 13.039066 -0.231861 23.637075
v 13.039066 16.465769 23.637075
v 13.052720 -0.231861 23.682085
v 13.052720 16.465769 23.682085
v 13.057330 -0.231861 23.728893
v 13.057330 16.465769 23.728893
v 13.052720 -0.231861 23.775702
v 13.052720 16.465769 23.775702
v 13.039066 -0.231861 23.820711
v 13.039066 16.465769 23.820711
v 13.016894 -0.231861 23.862192
v 13.016894 16.465769 23.862192
v 12.987056 -0.231861 23.898552
v 12.987056 16.465769 23.898552
v 12.950697 -0.231861 23.928391
v 12.950697 16.465769 23.928391
v 12.909216 -0.231861 23.950562
v 12.909216 16.465769 23.950562
v 12.864206 -0.231861 23.964216
v 12.864206 16.465769 23.964216
v 12.817398 -0.231861 23.968826
v 12.817398 16.465769 23.968826
v 12.770590 -0.231861 23.964216
v 12.770590 16.465769 23.964216
v 12.725580 -0.231861 23.950562
v 12.725580 16.465769 23.950562
v 12.684099 -0.231861 23.928391
v 12.684099 16.465769 23.928391
v 12.647740 -0.231861 23.898552
v 12.647740 16.465769 23.898552
v 12.617902 -0.231861 23.862192
v 12.617902 16.465769 23.862192
v 12.595730 -0.231861 23.820711
v 12.595730 16.465769 23.820711
v 12.582076 -0.231861 23.775702
v 12.582076 16.465769 23.775702
v 12.577466 -0.231861 23.728893
v 12.577466 16.465769 23.728893
v 12.582076 -0.231861 23.682085
v 12.582076 16.465769 23.682085
v 12.595730 -0.231861 23.637075
v 12.595730 16.465769 23.637075
v 12.617902 -0.231861 23.595594
v 12.617902 16.465769 23.595594
v 12.647740 -0.231861 23.559235
v 12.647740 16.465769 23.559235
v 12.684099 -0.231861 23.529396
v 12.684099 16.465769 23.529396
v 12.725580 -0.231861 23.507225
v 12.725580 16.465769 23.507225
v 12.770590 -0.231861 23.493570
v 12.770590 16.465769 23.493570
vn 0.0980 -0.0000 -0.9952
vn 0.2903 -0.0000 -0.9569
vn 0.4714 -0.0000 -0.8819
vn 0.6344 -0.0000 -0.7730
vn 0.7730 -0.0000 -0.6344
vn 0.8819 -0.0000 -0.4714
vn 0.9569 -0.0000 -0.2903
vn 0.9952 -0.0000 -0.0980
vn 0.9952 -0.0000 0.0980
vn 0.9569 -0.0000 0.2903
vn 0.8819 -0.0000 0.4714
vn 0.7730 -0.0000 0.6344
vn 0.6344 -0.0000 0.7730
vn 0.4714 -0.0000 0.8819
vn 0.2903 -0.0000 0.9569
vn 0.0980 -0.0000 0.9952
vn -0.0980 -0.0000 0.9952
vn -0.2903 -0.0000 0.9569
vn -0.4714 -0.0000 0.8819
vn -0.6344 -0.0000 0.7730
vn -0.7730 -0.0000 0.6344
vn -0.8819 -0.0000 0.4714
vn -0.9569 -0.0000 0.2903
vn -0.9952 -0.0000 0.0980
vn -0.9952 -0.0000 -0.0980
vn -0.9569 -0.0000 -0.2903
vn -0.8819 -0.0000 -0.4714
vn -0.7730 -0.0000 -0.6344
vn -0.6344 -0.0000 -0.7730
vn -0.4714 -0.0000 -0.8819
vn -0.0000 1.0000 -0.0000
vn -0.2903 -0.0000 -0.9569
vn -0.0980 -0.0000 -0.9952
vn -0.0000 -1.0000 -0.0000
vt 1.000000 0.500000
vt 1.000000 1.000000
vt 0.968750 1.000000
vt 0.968750 0.500000
vt 0.937500 1.000000
vt 0.937500 0.500000
vt 0.906250 1.000000
vt 0.906250 0.500000
vt 0.875000 1.000000
vt 0.875000 0.500000
vt 0.843750 1.000000
vt 0.843750 0.500000
vt 0.812500 1.000000
vt 0.812500 0.500000
vt 0.781250 1.000000
vt 0.781250 0.500000
vt 0.750000 1.000000
vt 0.750000 0.500000
vt 0.718750 1.000000
vt 0.718750 0.500000
vt 0.687500 1.000000
vt 0.687500 0.500000
vt 0.656250 1.000000
vt 0.656250 0.500000
vt 0.625000 1.000000
vt 0.625000 0.500000
vt 0.593750 1.000000
vt 0.593750 0.500000
vt 0.562500 1.000000
vt 0.562500 0.500000
vt 0.531250 1.000000
vt 0.531250 0.500000
vt 0.500000 1.000000
vt 0.500000 0.500000
vt 0.468750 1.000000
vt 0.468750 0.500000
vt 0.437500 1.000000
vt 0.437500 0.500000
vt 0.406250 1.000000
vt 0.406250 0.500000
vt 0.375000 1.000000
vt 0.375000 0.500000
vt 0.343750 1.000000
vt 0.343750 0.500000
vt 0.312500 1.000000
vt 0.312500 0.500000
vt 0.281250 1.000000
vt 0.281250 0.500000
vt 0.250000 1.000000
vt 0.250000 0.500000
vt 0.218750 1.000000
vt 0.218750 0.500000
vt 0.187500 1.000000
vt 0.187500 0.500000
vt 0.156250 1.000000
vt 0.156250 0.500000
vt 0.125000 1.000000
vt 0.125000 0.500000
vt 0.093750 1.000000
vt 0.093750 0.500000
vt 0.062500 1.000000
vt 0.062500 0.500000
vt 0.296822 0.485388
vt 0.250000 0.490000
vt 0.203178 0.485388
vt 0.158156 0.471731
vt 0.116663 0.449553
vt 0.080294 0.419706
vt 0.050447 0.383337
vt 0.028269 0.341844
vt 0.014612 0.296822
vt 0.010000 0.250000
vt 0.014612 0.203178
vt 0.028269 0.158156
vt 0.050447 0.116663
vt 0.080294 0.080294
vt 0.116663 0.050447
vt 0.158156 0.028269
vt 0.203178 0.014612
vt 0.250000 0.010000
vt 0.296822 0.014612
vt 0.341844 0.028269
vt 0.383337 0.050447
vt 0.419706 0.080294
vt 0.449553 0.116663
vt 0.471731 0.158156
vt 0.485388 0.203178
vt 0.490000 0.250000
vt 0.485388 0.296822
vt 0.471731 0.341844
vt 0.449553 0.383337
vt 0.419706 0.419706
vt 0.383337 0.449553
vt 0.341844 0.471731
vt 0.031250 1.000000
vt 0.031250 0.500000
vt 0.000000 1.000000
vt 0.000000 0.500000
vt 0.750000 0.490000
vt 0.796822 0.485388
vt 0.841844 0.471731
vt 0.883337 0.449553
vt 0.919706 0.419706
vt 0.949553 0.383337
vt 0.971731 0.341844
vt 0.985388 0.296822
vt 0.990000 0.250000
vt 0.985388 0.203178
vt 0.971731 0.158156
vt 0.949553 0.116663
vt 0.919706 0.080294
vt 0.883337 0.050447
vt 0.841844 0.028269
vt 0.796822 0.014612
vt 0.750000 0.010000
vt 0.703178 0.014612
vt 0.658156 0.028269
vt 0.616663 0.050447
vt 0.580294 0.080294
vt 0.550447 0.116663
vt 0.528269 0.158156
vt 0.514612 0.203178
vt 0.510000 0.250000
vt 0.514612 0.296822
vt 0.528269 0.341844
vt 0.550447 0.383337
vt 0.580294 0.419706
vt 0.616663 0.449553
vt 0.658156 0.471731
vt 0.703178 0.485388
s 0
f 3698/5092/981 3699/5093/981 3701/5094/981 3700/5095/981
f 3700/5095/982 3701/5094/982 3703/5096/982 3702/5097/982
f 3702/5097/983 3703/5096/983 3705/5098/983 3704/5099/983
f 3704/5099/984 3705/5098/984 3707/5100/984 3706/5101/984
f 3706/5101/985 3707/5100/985 3709/5102/985 3708/5103/985
f 3708/5103/986 3709/5102/986 3711/5104/986 3710/5105/986
f 3710/5105/987 3711/5104/987 3713/5106/987 3712/5107/987
f 3712/5107/988 3713/5106/988 3715/5108/988 3714/5109/988
f 3714/5109/989 3715/5108/989 3717/5110/989 3716/5111/989
f 3716/5111/990 3717/5110/990 3719/5112/990 3718/5113/990
f 3718/5113/991 3719/5112/991 3721/5114/991 3720/5115/991
f 3720/5115/992 3721/5114/992 3723/5116/992 3722/5117/992
f 3722/5117/993 3723/5116/993 3725/5118/993 3724/5119/993
f 3724/5119/994 3725/5118/994 3727/5120/994 3726/5121/994
f 3726/5121/995 3727/5120/995 3729/5122/995 3728/5123/995
f 3728/5123/996 3729/5122/996 3731/5124/996 3730/5125/996
f 3730/5125/997 3731/5124/997 3733/5126/997 3732/5127/997
f 3732/5127/998 3733/5126/998 3735/5128/998 3734/5129/998
f 3734/5129/999 3735/5128/999 3737/5130/999 3736/5131/999
f 3736/5131/1000 3737/5130/1000 3739/5132/1000 3738/5133/1000
f 3738/5133/1001 3739/5132/1001 3741/5134/1001 3740/5135/1001
f 3740/5135/1002 3741/5134/1002 3743/5136/1002 3742/5137/1002
f 3742/5137/1003 3743/5136/1003 3745/5138/1003 3744/5139/1003
f 3744/5139/1004 3745/5138/1004 3747/5140/1004 3746/5141/1004
f 3746/5141/1005 3747/5140/1005 3749/5142/1005 3748/5143/1005
f 3748/5143/1006 3749/5142/1006 3751/5144/1006 3750/5145/1006
f 3750/5145/1007 3751/5144/1007 3753/5146/1007 3752/5147/1007
f 3752/5147/1008 3753/5146/1008 3755/5148/1008 3754/5149/1008
f 3754/5149/1009 3755/5148/1009 3757/5150/1009 3756/5151/1009
f 3756/5151/1010 3757/5150/1010 3759/5152/1010 3758/5153/1010
f 3701/5154/1011 3699/5155/1011 3761/5156/1011 3759/5157/1011 3757/5158/1011 3755/5159/1011 3753/5160/1011 3751/5161/1011 3749/5162/1011 3747/5163/1011 3745/5164/1011 3743/5165/1011 3741/5166/1011 3739/5167/1011 3737/5168/1011 3735/5169/1011 3733/5170/1011 3731/5171/1011 3729/5172/1011 3727/5173/1011 3725/5174/1011 3723/5175/1011 3721/5176/1011 3719/5177/1011 3717/5178/1011 3715/5179/1011 3713/5180/1011 3711/5181/1011 3709/5182/1011 3707/5183/1011 3705/5184/1011 3703/5185/1011
f 3758/5153/1012 3759/5152/1012 3761/5186/1012 3760/5187/1012
f 3760/5187/1013 3761/5186/1013 3699/5188/1013 3698/5189/1013
f 3698/5190/1014 3700/5191/1014 3702/5192/1014 3704/5193/1014 3706/5194/1014 3708/5195/1014 3710/5196/1014 3712/5197/1014 3714/5198/1014 3716/5199/1014 3718/5200/1014 3720/5201/1014 3722/5202/1014 3724/5203/1014 3726/5204/1014 3728/5205/1014 3730/5206/1014 3732/5207/1014 3734/5208/1014 3736/5209/1014 3738/5210/1014 3740/5211/1014 3742/5212/1014 3744/5213/1014 3746/5214/1014 3748/5215/1014 3750/5216/1014 3752/5217/1014 3754/5218/1014 3756/5219/1014 3758/5220/1014 3760/5221/1014
o Cylinder.029
v 12.817398 -0.231861 22.378302
v 12.817398 16.465769 22.378302
v 12.864206 -0.231861 22.382912
v 12.864206 16.465769 22.382912
v 12.909216 -0.231861 22.396566
v 12.909216 16.465769 22.396566
v 12.950697 -0.231861 22.418737
v 12.950697 16.465769 22.418737
v 12.987056 -0.231861 22.448576
v 12.987056 16.465769 22.448576
v 13.016894 -0.231861 22.484936
v 13.016894 16.465769 22.484936
v 13.039066 -0.231861 22.526417
v 13.039066 16.465769 22.526417
v 13.052720 -0.231861 22.571426
v 13.052720 16.465769 22.571426
v 13.057330 -0.231861 22.618235
v 13.057330 16.465769 22.618235
v 13.052720 -0.231861 22.665043
v 13.052720 16.465769 22.665043
v 13.039066 -0.231861 22.710052
v 13.039066 16.465769 22.710052
v 13.016894 -0.231861 22.751534
v 13.016894 16.465769 22.751534
v 12.987056 -0.231861 22.787893
v 12.987056 16.465769 22.787893
v 12.950697 -0.231861 22.817732
v 12.950697 16.465769 22.817732
v 12.909216 -0.231861 22.839903
v 12.909216 16.465769 22.839903
v 12.864206 -0.231861 22.853558
v 12.864206 16.465769 22.853558
v 12.817398 -0.231861 22.858168
v 12.817398 16.465769 22.858168
v 12.770590 -0.231861 22.853558
v 12.770590 16.465769 22.853558
v 12.725580 -0.231861 22.839903
v 12.725580 16.465769 22.839903
v 12.684099 -0.231861 22.817732
v 12.684099 16.465769 22.817732
v 12.647740 -0.231861 22.787893
v 12.647740 16.465769 22.787893
v 12.617902 -0.231861 22.751534
v 12.617902 16.465769 22.751534
v 12.595730 -0.231861 22.710052
v 12.595730 16.465769 22.710052
v 12.582076 -0.231861 22.665043
v 12.582076 16.465769 22.665043
v 12.577466 -0.231861 22.618235
v 12.577466 16.465769 22.618235
v 12.582076 -0.231861 22.571426
v 12.582076 16.465769 22.571426
v 12.595730 -0.231861 22.526417
v 12.595730 16.465769 22.526417
v 12.617902 -0.231861 22.484936
v 12.617902 16.465769 22.484936
v 12.647740 -0.231861 22.448576
v 12.647740 16.465769 22.448576
v 12.684099 -0.231861 22.418737
v 12.684099 16.465769 22.418737
v 12.725580 -0.231861 22.396566
v 12.725580 16.465769 22.396566
v 12.770590 -0.231861 22.382912
v 12.770590 16.465769 22.382912
vn 0.0980 -0.0000 -0.9952
vn 0.2903 -0.0000 -0.9569
vn 0.4714 -0.0000 -0.8819
vn 0.6344 -0.0000 -0.7730
vn 0.7730 -0.0000 -0.6344
vn 0.8819 -0.0000 -0.4714
vn 0.9569 -0.0000 -0.2903
vn 0.9952 -0.0000 -0.0980
vn 0.9952 -0.0000 0.0980
vn 0.9569 -0.0000 0.2903
vn 0.8819 -0.0000 0.4714
vn 0.7730 -0.0000 0.6344
vn 0.6344 -0.0000 0.7730
vn 0.4714 -0.0000 0.8819
vn 0.2903 -0.0000 0.9569
vn 0.0980 -0.0000 0.9952
vn -0.0980 -0.0000 0.9952
vn -0.2903 -0.0000 0.9569
vn -0.4714 -0.0000 0.8819
vn -0.6344 -0.0000 0.7730
vn -0.7730 -0.0000 0.6344
vn -0.8819 -0.0000 0.4714
vn -0.9569 -0.0000 0.2903
vn -0.9952 -0.0000 0.0980
vn -0.9952 -0.0000 -0.0980
vn -0.9569 -0.0000 -0.2903
vn -0.8819 -0.0000 -0.4714
vn -0.7730 -0.0000 -0.6344
vn -0.6344 -0.0000 -0.7730
vn -0.4714 -0.0000 -0.8819
vn -0.0000 1.0000 -0.0000
vn -0.2903 -0.0000 -0.9569
vn -0.0980 -0.0000 -0.9952
vn -0.0000 -1.0000 -0.0000
vt 1.000000 0.500000
vt 1.000000 1.000000
vt 0.968750 1.000000
vt 0.968750 0.500000
vt 0.937500 1.000000
vt 0.937500 0.500000
vt 0.906250 1.000000
vt 0.906250 0.500000
vt 0.875000 1.000000
vt 0.875000 0.500000
vt 0.843750 1.000000
vt 0.843750 0.500000
vt 0.812500 1.000000
vt 0.812500 0.500000
vt 0.781250 1.000000
vt 0.781250 0.500000
vt 0.750000 1.000000
vt 0.750000 0.500000
vt 0.718750 1.000000
vt 0.718750 0.500000
vt 0.687500 1.000000
vt 0.687500 0.500000
vt 0.656250 1.000000
vt 0.656250 0.500000
vt 0.625000 1.000000
vt 0.625000 0.500000
vt 0.593750 1.000000
vt 0.593750 0.500000
vt 0.562500 1.000000
vt 0.562500 0.500000
vt 0.531250 1.000000
vt 0.531250 0.500000
vt 0.500000 1.000000
vt 0.500000 0.500000
vt 0.468750 1.000000
vt 0.468750 0.500000
vt 0.437500 1.000000
vt 0.437500 0.500000
vt 0.406250 1.000000
vt 0.406250 0.500000
vt 0.375000 1.000000
vt 0.375000 0.500000
vt 0.343750 1.000000
vt 0.343750 0.500000
vt 0.312500 1.000000
vt 0.312500 0.500000
vt 0.281250 1.000000
vt 0.281250 0.500000
vt 0.250000 1.000000
vt 0.250000 0.500000
vt 0.218750 1.000000
vt 0.218750 0.500000
vt 0.187500 1.000000
vt 0.187500 0.500000
vt 0.156250 1.000000
vt 0.156250 0.500000
vt 0.125000 1.000000
vt 0.125000 0.500000
vt 0.093750 1.000000
vt 0.093750 0.500000
vt 0.062500 1.000000
vt 0.062500 0.500000
vt 0.296822 0.485388
vt 0.250000 0.490000
vt 0.203178 0.485388
vt 0.158156 0.471731
vt 0.116663 0.449553
vt 0.080294 0.419706
vt 0.050447 0.383337
vt 0.028269 0.341844
vt 0.014612 0.296822
vt 0.010000 0.250000
vt 0.014612 0.203178
vt 0.028269 0.158156
vt 0.050447 0.116663
vt 0.080294 0.080294
vt 0.116663 0.050447
vt 0.158156 0.028269
vt 0.203178 0.014612
vt 0.250000 0.010000
vt 0.296822 0.014612
vt 0.341844 0.028269
vt 0.383337 0.050447
vt 0.419706 0.080294
vt 0.449553 0.116663
vt 0.471731 0.158156
vt 0.485388 0.203178
vt 0.490000 0.250000
vt 0.485388 0.296822
vt 0.471731 0.341844
vt 0.449553 0.383337
vt 0.419706 0.419706
vt 0.383337 0.449553
vt 0.341844 0.471731
vt 0.031250 1.000000
vt 0.031250 0.500000
vt 0.000000 1.000000
vt 0.000000 0.500000
vt 0.750000 0.490000
vt 0.796822 0.485388
vt 0.841844 0.471731
vt 0.883337 0.449553
vt 0.919706 0.419706
vt 0.949553 0.383337
vt 0.971731 0.341844
vt 0.985388 0.296822
vt 0.990000 0.250000
vt 0.985388 0.203178
vt 0.971731 0.158156
vt 0.949553 0.116663
vt 0.919706 0.080294
vt 0.883337 0.050447
vt 0.841844 0.028269
vt 0.796822 0.014612
vt 0.750000 0.010000
vt 0.703178 0.014612
vt 0.658156 0.028269
vt 0.616663 0.050447
vt 0.580294 0.080294
vt 0.550447 0.116663
vt 0.528269 0.158156
vt 0.514612 0.203178
vt 0.510000 0.250000
vt 0.514612 0.296822
vt 0.528269 0.341844
vt 0.550447 0.383337
vt 0.580294 0.419706
vt 0.616663 0.449553
vt 0.658156 0.471731
vt 0.703178 0.485388
s 0
f 3762/5222/1015 3763/5223/1015 3765/5224/1015 3764/5225/1015
f 3764/5225/1016 3765/5224/1016 3767/5226/1016 3766/5227/1016
f 3766/5227/1017 3767/5226/1017 3769/5228/1017 3768/5229/1017
f 3768/5229/1018 3769/5228/1018 3771/5230/1018 3770/5231/1018
f 3770/5231/1019 3771/5230/1019 3773/5232/1019 3772/5233/1019
f 3772/5233/1020 3773/5232/1020 3775/5234/1020 3774/5235/1020
f 3774/5235/1021 3775/5234/1021 3777/5236/1021 3776/5237/1021
f 3776/5237/1022 3777/5236/1022 3779/5238/1022 3778/5239/1022
f 3778/5239/1023 3779/5238/1023 3781/5240/1023 3780/5241/1023
f 3780/5241/1024 3781/5240/1024 3783/5242/1024 3782/5243/1024
f 3782/5243/1025 3783/5242/1025 3785/5244/1025 3784/5245/1025
f 3784/5245/1026 3785/5244/1026 3787/5246/1026 3786/5247/1026
f 3786/5247/1027 3787/5246/1027 3789/5248/1027 3788/5249/1027
f 3788/5249/1028 3789/5248/1028 3791/5250/1028 3790/5251/1028
f 3790/5251/1029 3791/5250/1029 3793/5252/1029 3792/5253/1029
f 3792/5253/1030 3793/5252/1030 3795/5254/1030 3794/5255/1030
f 3794/5255/1031 3795/5254/1031 3797/5256/1031 3796/5257/1031
f 3796/5257/1032 3797/5256/1032 3799/5258/1032 3798/5259/1032
f 3798/5259/1033 3799/5258/1033 3801/5260/1033 3800/5261/1033
f 3800/5261/1034 3801/5260/1034 3803/5262/1034 3802/5263/1034
f 3802/5263/1035 3803/5262/1035 3805/5264/1035 3804/5265/1035
f 3804/5265/1036 3805/5264/1036 3807/5266/1036 3806/5267/1036
f 3806/5267/1037 3807/5266/1037 3809/5268/1037 3808/5269/1037
f 3808/5269/1038 3809/5268/1038 3811/5270/1038 3810/5271/1038
f 3810/5271/1039 3811/5270/1039 3813/5272/1039 3812/5273/1039
f 3812/5273/1040 3813/5272/1040 3815/5274/1040 3814/5275/1040
f 3814/5275/1041 3815/5274/1041 3817/5276/1041 3816/5277/1041
f 3816/5277/1042 3817/5276/1042 3819/5278/1042 3818/5279/1042
f 3818/5279/1043 3819/5278/1043 3821/5280/1043 3820/5281/1043
f 3820/5281/1044 3821/5280/1044 3823/5282/1044 3822/5283/1044
f 3765/5284/1045 3763/5285/1045 3825/5286/1045 3823/5287/1045 3821/5288/1045 3819/5289/1045 3817/5290/1045 3815/5291/1045 3813/5292/1045 3811/5293/1045 3809/5294/1045 3807/5295/1045 3805/5296/1045 3803/5297/1045 3801/5298/1045 3799/5299/1045 3797/5300/1045 3795/5301/1045 3793/5302/1045 3791/5303/1045 3789/5304/1045 3787/5305/1045 3785/5306/1045 3783/5307/1045 3781/5308/1045 3779/5309/1045 3777/5310/1045 3775/5311/1045 3773/5312/1045 3771/5313/1045 3769/5314/1045 3767/5315/1045
f 3822/5283/1046 3823/5282/1046 3825/5316/1046 3824/5317/1046
f 3824/5317/1047 3825/5316/1047 3763/5318/1047 3762/5319/1047
f 3762/5320/1048 3764/5321/1048 3766/5322/1048 3768/5323/1048 3770/5324/1048 3772/5325/1048 3774/5326/1048 3776/5327/1048 3778/5328/1048 3780/5329/1048 3782/5330/1048 3784/5331/1048 3786/5332/1048 3788/5333/1048 3790/5334/1048 3792/5335/1048 3794/5336/1048 3796/5337/1048 3798/5338/1048 3800/5339/1048 3802/5340/1048 3804/5341/1048 3806/5342/1048 3808/5343/1048 3810/5344/1048 3812/5345/1048 3814/5346/1048 3816/5347/1048 3818/5348/1048 3820/5349/1048 3822/5350/1048 3824/5351/1048
o Cylinder.030
v 12.817398 -0.231861 21.253981
v 12.817398 16.465769 21.253981
v 12.864206 -0.231861 21.258591
v 12.864206 16.465769 21.258591
v 12.909216 -0.231861 21.272245
v 12.909216 16.465769 21.272245
v 12.950697 -0.231861 21.294416
v 12.950697 16.465769 21.294416
v 12.987056 -0.231861 21.324255
v 12.987056 16.465769 21.324255
v 13.016894 -0.231861 21.360615
v 13.016894 16.465769 21.360615
v 13.039066 -0.231861 21.402096
v 13.039066 16.465769 21.402096
v 13.052720 -0.231861 21.447105
v 13.052720 16.465769 21.447105
v 13.057330 -0.231861 21.493914
v 13.057330 16.465769 21.493914
v 13.052720 -0.231861 21.540722
v 13.052720 16.465769 21.540722
v 13.039066 -0.231861 21.585732
v 13.039066 16.465769 21.585732
v 13.016894 -0.231861 21.627213
v 13.016894 16.465769 21.627213
v 12.987056 -0.231861 21.663572
v 12.987056 16.465769 21.663572
v 12.950697 -0.231861 21.693411
v 12.950697 16.465769 21.693411
v 12.909216 -0.231861 21.715582
v 12.909216 16.465769 21.715582
v 12.864206 -0.231861 21.729237
v 12.864206 16.465769 21.729237
v 12.817398 -0.231861 21.733847
v 12.817398 16.465769 21.733847
v 12.770590 -0.231861 21.729237
v 12.770590 16.465769 21.729237
v 12.725580 -0.231861 21.715582
v 12.725580 16.465769 21.715582
v 12.684099 -0.231861 21.693411
v 12.684099 16.465769 21.693411
v 12.647740 -0.231861 21.663572
v 12.647740 16.465769 21.663572
v 12.617902 -0.231861 21.627213
v 12.617902 16.465769 21.627213
v 12.595730 -0.231861 21.585732
v 12.595730 16.465769 21.585732
v 12.582076 -0.231861 21.540722
v 12.582076 16.465769 21.540722
v 12.577466 -0.231861 21.493914
v 12.577466 16.465769 21.493914
v 12.582076 -0.231861 21.447105
v 12.582076 16.465769 21.447105
v 12.595730 -0.231861 21.402096
v 12.595730 16.465769 21.402096
v 12.617902 -0.231861 21.360615
v 12.617902 16.465769 21.360615
v 12.647740 -0.231861 21.324255
v 12.647740 16.465769 21.324255
v 12.684099 -0.231861 21.294416
v 12.684099 16.465769 21.294416
v 12.725580 -0.231861 21.272245
v 12.725580 16.465769 21.272245
v 12.770590 -0.231861 21.258591
v 12.770590 16.465769 21.258591
vn 0.0980 -0.0000 -0.9952
vn 0.2903 -0.0000 -0.9569
vn 0.4714 -0.0000 -0.8819
vn 0.6344 -0.0000 -0.7730
vn 0.7730 -0.0000 -0.6344
vn 0.8819 -0.0000 -0.4714
vn 0.9569 -0.0000 -0.2903
vn 0.9952 -0.0000 -0.0980
vn 0.9952 -0.0000 0.0980
vn 0.9569 -0.0000 0.2903
vn 0.8819 -0.0000 0.4714
vn 0.7730 -0.0000 0.6344
vn 0.6344 -0.0000 0.7730
vn 0.4714 -0.0000 0.8819
vn 0.2903 -0.0000 0.9569
vn 0.0980 -0.0000 0.9952
vn -0.0980 -0.0000 0.9952
vn -0.2903 -0.0000 0.9569
vn -0.4714 -0.0000 0.8819
vn -0.6344 -0.0000 0.7730
vn -0.7730 -0.0000 0.6344
vn -0.8819 -0.0000 0.4714
vn -0.9569 -0.0000 0.2903
vn -0.9952 -0.0000 0.0980
vn -0.9952 -0.0000 -0.0980
vn -0.9569 -0.0000 -0.2903
vn -0.8819 -0.0000 -0.4714
vn -0.7730 -0.0000 -0.6344
vn -0.6344 -0.0000 -0.7730
vn -0.4714 -0.0000 -0.8819
vn -0.0000 1.0000 -0.0000
vn -0.2903 -0.0000 -0.9569
vn -0.0980 -0.0000 -0.9952
vn -0.0000 -1.0000 -0.0000
vt 1.000000 0.500000
vt 1.000000 1.000000
vt 0.968750 1.000000
vt 0.968750 0.500000
vt 0.937500 1.000000
vt 0.937500 0.500000
vt 0.906250 1.000000
vt 0.906250 0.500000
vt 0.875000 1.000000
vt 0.875000 0.500000
vt 0.843750 1.000000
vt 0.843750 0.500000
vt 0.812500 1.000000
vt 0.812500 0.500000
vt 0.781250 1.000000
vt 0.781250 0.500000
vt 0.750000 1.000000
vt 0.750000 0.500000
vt 0.718750 1.000000
vt 0.718750 0.500000
vt 0.687500 1.000000
vt 0.687500 0.500000
vt 0.656250 1.000000
vt 0.656250 0.500000
vt 0.625000 1.000000
vt 0.625000 0.500000
vt 0.593750 1.000000
vt 0.593750 0.500000
vt 0.562500 1.000000
vt 0.562500 0.500000
vt 0.531250 1.000000
vt 0.531250 0.500000
vt 0.500000 1.000000
vt 0.500000 0.500000
vt 0.468750 1.000000
vt 0.468750 0.500000
vt 0.437500 1.000000
vt 0.437500 0.500000
vt 0.406250 1.000000
vt 0.406250 0.500000
vt 0.375000 1.000000
vt 0.375000 0.500000
vt 0.343750 1.000000
vt 0.343750 0.500000
vt 0.312500 1.000000
vt 0.312500 0.500000
vt 0.281250 1.000000
vt 0.281250 0.500000
vt 0.250000 1.000000
vt 0.250000 0.500000
vt 0.218750 1.000000
vt 0.218750 0.500000
vt 0.187500 1.000000
vt 0.187500 0.500000
vt 0.156250 1.000000
vt 0.156250 0.500000
vt 0.125000 1.000000
vt 0.125000 0.500000
vt 0.093750 1.000000
vt 0.093750 0.500000
vt 0.062500 1.000000
vt 0.062500 0.500000
vt 0.296822 0.485388
vt 0.250000 0.490000
vt 0.203178 0.485388
vt 0.158156 0.471731
vt 0.116663 0.449553
vt 0.080294 0.419706
vt 0.050447 0.383337
vt 0.028269 0.341844
vt 0.014612 0.296822
vt 0.010000 0.250000
vt 0.014612 0.203178
vt 0.028269 0.158156
vt 0.050447 0.116663
vt 0.080294 0.080294
vt 0.116663 0.050447
vt 0.158156 0.028269
vt 0.203178 0.014612
vt 0.250000 0.010000
vt 0.296822 0.014612
vt 0.341844 0.028269
vt 0.383337 0.050447
vt 0.419706 0.080294
vt 0.449553 0.116663
vt 0.471731 0.158156
vt 0.485388 0.203178
vt 0.490000 0.250000
vt 0.485388 0.296822
vt 0.471731 0.341844
vt 0.449553 0.383337
vt 0.419706 0.419706
vt 0.383337 0.449553
vt 0.341844 0.471731
vt 0.031250 1.000000
vt 0.031250 0.500000
vt 0.000000 1.000000
vt 0.000000 0.500000
vt 0.750000 0.490000
vt 0.796822 0.485388
vt 0.841844 0.471731
vt 0.883337 0.449553
vt 0.919706 0.419706
vt 0.949553 0.383337
vt 0.971731 0.341844
vt 0.985388 0.296822
vt 0.990000 0.250000
vt 0.985388 0.203178
vt 0.971731 0.158156
vt 0.949553 0.116663
vt 0.919706 0.080294
vt 0.883337 0.050447
vt 0.841844 0.028269
vt 0.796822 0.014612
vt 0.750000 0.010000
vt 0.703178 0.014612
vt 0.658156 0.028269
vt 0.616663 0.050447
vt 0.580294 0.080294
vt 0.550447 0.116663
vt 0.528269 0.158156
vt 0.514612 0.203178
vt 0.510000 0.250000
vt 0.514612 0.296822
vt 0.528269 0.341844
vt 0.550447 0.383337
vt 0.580294 0.419706
vt 0.616663 0.449553
vt 0.658156 0.471731
vt 0.703178 0.485388
s 0
f 3826/5352/1049 3827/5353/1049 3829/5354/1049 3828/5355/1049
f 3828/5355/1050 3829/5354/1050 3831/5356/1050 3830/5357/1050
f 3830/5357/1051 3831/5356/1051 3833/5358/1051 3832/5359/1051
f 3832/5359/1052 3833/5358/1052 3835/5360/1052 3834/5361/1052
f 3834/5361/1053 3835/5360/1053 3837/5362/1053 3836/5363/1053
f 3836/5363/1054 3837/5362/1054 3839/5364/1054 3838/5365/1054
f 3838/5365/1055 3839/5364/1055 3841/5366/1055 3840/5367/1055
f 3840/5367/1056 3841/5366/1056 3843/5368/1056 3842/5369/1056
f 3842/5369/1057 3843/5368/1057 3845/5370/1057 3844/5371/1057
f 3844/5371/1058 3845/5370/1058 3847/5372/1058 3846/5373/1058
f 3846/5373/1059 3847/5372/1059 3849/5374/1059 3848/5375/1059
f 3848/5375/1060 3849/5374/1060 3851/5376/1060 3850/5377/1060
f 3850/5377/1061 3851/5376/1061 3853/5378/1061 3852/5379/1061
f 3852/5379/1062 3853/5378/1062 3855/5380/1062 3854/5381/1062
f 3854/5381/1063 3855/5380/1063 3857/5382/1063 3856/5383/1063
f 3856/5383/1064 3857/5382/1064 3859/5384/1064 3858/5385/1064
f 3858/5385/1065 3859/5384/1065 3861/5386/1065 3860/5387/1065
f 3860/5387/1066 3861/5386/1066 3863/5388/1066 3862/5389/1066
f 3862/5389/1067 3863/5388/1067 3865/5390/1067 3864/5391/1067
f 3864/5391/1068 3865/5390/1068 3867/5392/1068 3866/5393/1068
f 3866/5393/1069 3867/5392/1069 3869/5394/1069 3868/5395/1069
f 3868/5395/1070 3869/5394/1070 3871/5396/1070 3870/5397/1070
f 3870/5397/1071 3871/5396/1071 3873/5398/1071 3872/5399/1071
f 3872/5399/1072 3873/5398/1072 3875/5400/1072 3874/5401/1072
f 3874/5401/1073 3875/5400/1073 3877/5402/1073 3876/5403/1073
f 3876/5403/1074 3877/5402/1074 3879/5404/1074 3878/5405/1074
f 3878/5405/1075 3879/5404/1075 3881/5406/1075 3880/5407/1075
f 3880/5407/1076 3881/5406/1076 3883/5408/1076 3882/5409/1076
f 3882/5409/1077 3883/5408/1077 3885/5410/1077 3884/5411/1077
f 3884/5411/1078 3885/5410/1078 3887/5412/1078 3886/5413/1078
f 3829/5414/1079 3827/5415/1079 3889/5416/1079 3887/5417/1079 3885/5418/1079 3883/5419/1079 3881/5420/1079 3879/5421/1079 3877/5422/1079 3875/5423/1079 3873/5424/1079 3871/5425/1079 3869/5426/1079 3867/5427/1079 3865/5428/1079 3863/5429/1079 3861/5430/1079 3859/5431/1079 3857/5432/1079 3855/5433/1079 3853/5434/1079 3851/5435/1079 3849/5436/1079 3847/5437/1079 3845/5438/1079 3843/5439/1079 3841/5440/1079 3839/5441/1079 3837/5442/1079 3835/5443/1079 3833/5444/1079 3831/5445/1079
f 3886/5413/1080 3887/5412/1080 3889/5446/1080 3888/5447/1080
f 3888/5447/1081 3889/5446/1081 3827/5448/1081 3826/5449/1081
f 3826/5450/1082 3828/5451/1082 3830/5452/1082 3832/5453/1082 3834/5454/1082 3836/5455/1082 3838/5456/1082 3840/5457/1082 3842/5458/1082 3844/5459/1082 3846/5460/1082 3848/5461/1082 3850/5462/1082 3852/5463/1082 3854/5464/1082 3856/5465/1082 3858/5466/1082 3860/5467/1082 3862/5468/1082 3864/5469/1082 3866/5470/1082 3868/5471/1082 3870/5472/1082 3872/5473/1082 3874/5474/1082 3876/5475/1082 3878/5476/1082 3880/5477/1082 3882/5478/1082 3884/5479/1082 3886/5480/1082 3888/5481/1082
o Cylinder.031
v 12.817398 -0.231861 16.981241
v 12.817398 16.465769 16.981241
v 12.864206 -0.231861 16.985851
v 12.864206 16.465769 16.985851
v 12.909216 -0.231861 16.999506
v 12.909216 16.465769 16.999506
v 12.950697 -0.231861 17.021677
v 12.950697 16.465769 17.021677
v 12.987056 -0.231861 17.051516
v 12.987056 16.465769 17.051516
v 13.016894 -0.231861 17.087875
v 13.016894 16.465769 17.087875
v 13.039066 -0.231861 17.129356
v 13.039066 16.465769 17.129356
v 13.052720 -0.231861 17.174366
v 13.052720 16.465769 17.174366
v 13.057330 -0.231861 17.221174
v 13.057330 16.465769 17.221174
v 13.052720 -0.231861 17.267982
v 13.052720 16.465769 17.267982
v 13.039066 -0.231861 17.312992
v 13.039066 16.465769 17.312992
v 13.016894 -0.231861 17.354473
v 13.016894 16.465769 17.354473
v 12.987056 -0.231861 17.390833
v 12.987056 16.465769 17.390833
v 12.950697 -0.231861 17.420671
v 12.950697 16.465769 17.420671
v 12.909216 -0.231861 17.442842
v 12.909216 16.465769 17.442842
v 12.864206 -0.231861 17.456497
v 12.864206 16.465769 17.456497
v 12.817398 -0.231861 17.461107
v 12.817398 16.465769 17.461107
v 12.770590 -0.231861 17.456497
v 12.770590 16.465769 17.456497
v 12.725580 -0.231861 17.442842
v 12.725580 16.465769 17.442842
v 12.684099 -0.231861 17.420671
v 12.684099 16.465769 17.420671
v 12.647740 -0.231861 17.390833
v 12.647740 16.465769 17.390833
v 12.617902 -0.231861 17.354473
v 12.617902 16.465769 17.354473
v 12.595730 -0.231861 17.312992
v 12.595730 16.465769 17.312992
v 12.582076 -0.231861 17.267982
v 12.582076 16.465769 17.267982
v 12.577466 -0.231861 17.221174
v 12.577466 16.465769 17.221174
v 12.582076 -0.231861 17.174366
v 12.582076 16.465769 17.174366
v 12.595730 -0.231861 17.129356
v 12.595730 16.465769 17.129356
v 12.617902 -0.231861 17.087875
v 12.617902 16.465769 17.087875
v 12.647740 -0.231861 17.051516
v 12.647740 16.465769 17.051516
v 12.684099 -0.231861 17.021677
v 12.684099 16.465769 17.021677
v 12.725580 -0.231861 16.999506
v 12.725580 16.465769 16.999506
v 12.770590 -0.231861 16.985851
v 12.770590 16.465769 16.985851
vn 0.0980 -0.0000 -0.9952
vn 0.2903 -0.0000 -0.9569
vn 0.4714 -0.0000 -0.8819
vn 0.6344 -0.0000 -0.7730
vn 0.7730 -0.0000 -0.6344
vn 0.8819 -0.0000 -0.4714
vn 0.9569 -0.0000 -0.2903
vn 0.9952 -0.0000 -0.0980
vn 0.9952 -0.0000 0.0980
vn 0.9569 -0.0000 0.2903
vn 0.8819 -0.0000 0.4714
vn 0.7730 -0.0000 0.6344
vn 0.6344 -0.0000 0.7730
vn 0.4714 -0.0000 0.8819
vn 0.2903 -0.0000 0.9569
vn 0.0980 -0.0000 0.9952
vn -0.0980 -0.0000 0.9952
vn -0.2903 -0.0000 0.9569
vn -0.4714 -0.0000 0.8819
vn -0.6344 -0.0000 0.7730
vn -0.7730 -0.0000 0.6344
vn -0.8819 -0.0000 0.4714
vn -0.9569 -0.0000 0.2903
vn -0.9952 -0.0000 0.0980
vn -0.9952 -0.0000 -0.0980
vn -0.9569 -0.0000 -0.2903
vn -0.8819 -0.0000 -0.4714
vn -0.7730 -0.0000 -0.6344
vn -0.6344 -0.0000 -0.7730
vn -0.4714 -0.0000 -0.8819
vn -0.0000 1.0000 -0.0000
vn -0.2903 -0.0000 -0.9569
vn -0.0980 -0.0000 -0.9952
vn -0.0000 -1.0000 -0.0000
vt 1.000000 0.500000
vt 1.000000 1.000000
vt 0.968750 1.000000
vt 0.968750 0.500000
vt 0.937500 1.000000
vt 0.937500 0.500000
vt 0.906250 1.000000
vt 0.906250 0.500000
vt 0.875000 1.000000
vt 0.875000 0.500000
vt 0.843750 1.000000
vt 0.843750 0.500000
vt 0.812500 1.000000
vt 0.812500 0.500000
vt 0.781250 1.000000
vt 0.781250 0.500000
vt 0.750000 1.000000
vt 0.750000 0.500000
vt 0.718750 1.000000
vt 0.718750 0.500000
vt 0.687500 1.000000
vt 0.687500 0.500000
vt 0.656250 1.000000
vt 0.656250 0.500000
vt 0.625000 1.000000
vt 0.625000 0.500000
vt 0.593750 1.000000
vt 0.593750 0.500000
vt 0.562500 1.000000
vt 0.562500 0.500000
vt 0.531250 1.000000
vt 0.531250 0.500000
vt 0.500000 1.000000
vt 0.500000 0.500000
vt 0.468750 1.000000
vt 0.468750 0.500000
vt 0.437500 1.000000
vt 0.437500 0.500000
vt 0.406250 1.000000
vt 0.406250 0.500000
vt 0.375000 1.000000
vt 0.375000 0.500000
vt 0.343750 1.000000
vt 0.343750 0.500000
vt 0.312500 1.000000
vt 0.312500 0.500000
vt 0.281250 1.000000
vt 0.281250 0.500000
vt 0.250000 1.000000
vt 0.250000 0.500000
vt 0.218750 1.000000
vt 0.218750 0.500000
vt 0.187500 1.000000
vt 0.187500 0.500000
vt 0.156250 1.000000
vt 0.156250 0.500000
vt 0.125000 1.000000
vt 0.125000 0.500000
vt 0.093750 1.000000
vt 0.093750 0.500000
vt 0.062500 1.000000
vt 0.062500 0.500000
vt 0.296822 0.485388
vt 0.250000 0.490000
vt 0.203178 0.485388
vt 0.158156 0.471731
vt 0.116663 0.449553
vt 0.080294 0.419706
vt 0.050447 0.383337
vt 0.028269 0.341844
vt 0.014612 0.296822
vt 0.010000 0.250000
vt 0.014612 0.203178
vt 0.028269 0.158156
vt 0.050447 0.116663
vt 0.080294 0.080294
vt 0.116663 0.050447
vt 0.158156 0.028269
vt 0.203178 0.014612
vt 0.250000 0.010000
vt 0.296822 0.014612
vt 0.341844 0.028269
vt 0.383337 0.050447
vt 0.419706 0.080294
vt 0.449553 0.116663
vt 0.471731 0.158156
vt 0.485388 0.203178
vt 0.490000 0.250000
vt 0.485388 0.296822
vt 0.471731 0.341844
vt 0.449553 0.383337
vt 0.419706 0.419706
vt 0.383337 0.449553
vt 0.341844 0.471731
vt 0.031250 1.000000
vt 0.031250 0.500000
vt 0.000000 1.000000
vt 0.000000 0.500000
vt 0.750000 0.490000
vt 0.796822 0.485388
vt 0.841844 0.471731
vt 0.883337 0.449553
vt 0.919706 0.419706
vt 0.949553 0.383337
vt 0.971731 0.341844
vt 0.985388 0.296822
vt 0.990000 0.250000
vt 0.985388 0.203178
vt 0.971731 0.158156
vt 0.949553 0.116663
vt 0.919706 0.080294
vt 0.883337 0.050447
vt 0.841844 0.028269
vt 0.796822 0.014612
vt 0.750000 0.010000
vt 0.703178 0.014612
vt 0.658156 0.028269
vt 0.616663 0.050447
vt 0.580294 0.080294
vt 0.550447 0.116663
vt 0.528269 0.158156
vt 0.514612 0.203178
vt 0.510000 0.250000
vt 0.514612 0.296822
vt 0.528269 0.341844
vt 0.550447 0.383337
vt 0.580294 0.419706
vt 0.616663 0.449553
vt 0.658156 0.471731
vt 0.703178 0.485388
s 0
f 3890/5482/1083 3891/5483/1083 3893/5484/1083 3892/5485/1083
f 3892/5485/1084 3893/5484/1084 3895/5486/1084 3894/5487/1084
f 3894/5487/1085 3895/5486/1085 3897/5488/1085 3896/5489/1085
f 3896/5489/1086 3897/5488/1086 3899/5490/1086 3898/5491/1086
f 3898/5491/1087 3899/5490/1087 3901/5492/1087 3900/5493/1087
f 3900/5493/1088 3901/5492/1088 3903/5494/1088 3902/5495/1088
f 3902/5495/1089 3903/5494/1089 3905/5496/1089 3904/5497/1089
f 3904/5497/1090 3905/5496/1090 3907/5498/1090 3906/5499/1090
f 3906/5499/1091 3907/5498/1091 3909/5500/1091 3908/5501/1091
f 3908/5501/1092 3909/5500/1092 3911/5502/1092 3910/5503/1092
f 3910/5503/1093 3911/5502/1093 3913/5504/1093 3912/5505/1093
f 3912/5505/1094 3913/5504/1094 3915/5506/1094 3914/5507/1094
f 3914/5507/1095 3915/5506/1095 3917/5508/1095 3916/5509/1095
f 3916/5509/1096 3917/5508/1096 3919/5510/1096 3918/5511/1096
f 3918/5511/1097 3919/5510/1097 3921/5512/1097 3920/5513/1097
f 3920/5513/1098 3921/5512/1098 3923/5514/1098 3922/5515/1098
f 3922/5515/1099 3923/5514/1099 3925/5516/1099 3924/5517/1099
f 3924/5517/1100 3925/5516/1100 3927/5518/1100 3926/5519/1100
f 3926/5519/1101 3927/5518/1101 3929/5520/1101 3928/5521/1101
f 3928/5521/1102 3929/5520/1102 3931/5522/1102 3930/5523/1102
f 3930/5523/1103 3931/5522/1103 3933/5524/1103 3932/5525/1103
f 3932/5525/1104 3933/5524/1104 3935/5526/1104 3934/5527/1104
f 3934/5527/1105 3935/5526/1105 3937/5528/1105 3936/5529/1105
f 3936/5529/1106 3937/5528/1106 3939/5530/1106 3938/5531/1106
f 3938/5531/1107 3939/5530/1107 3941/5532/1107 3940/5533/1107
f 3940/5533/1108 3941/5532/1108 3943/5534/1108 3942/5535/1108
f 3942/5535/1109 3943/5534/1109 3945/5536/1109 3944/5537/1109
f 3944/5537/1110 3945/5536/1110 3947/5538/1110 3946/5539/1110
f 3946/5539/1111 3947/5538/1111 3949/5540/1111 3948/5541/1111
f 3948/5541/1112 3949/5540/1112 3951/5542/1112 3950/5543/1112
f 3893/5544/1113 3891/5545/1113 3953/5546/1113 3951/5547/1113 3949/5548/1113 3947/5549/1113 3945/5550/1113 3943/5551/1113 3941/5552/1113 3939/5553/1113 3937/5554/1113 3935/5555/1113 3933/5556/1113 3931/5557/1113 3929/5558/1113 3927/5559/1113 3925/5560/1113 3923/5561/1113 3921/5562/1113 3919/5563/1113 3917/5564/1113 3915/5565/1113 3913/5566/1113 3911/5567/1113 3909/5568/1113 3907/5569/1113 3905/5570/1113 3903/5571/1113 3901/5572/1113 3899/5573/1113 3897/5574/1113 3895/5575/1113
f 3950/5543/1114 3951/5542/1114 3953/5576/1114 3952/5577/1114
f 3952/5577/1115 3953/5576/1115 3891/5578/1115 3890/5579/1115
f 3890/5580/1116 3892/5581/1116 3894/5582/1116 3896/5583/1116 3898/5584/1116 3900/5585/1116 3902/5586/1116 3904/5587/1116 3906/5588/1116 3908/5589/1116 3910/5590/1116 3912/5591/1116 3914/5592/1116 3916/5593/1116 3918/5594/1116 3920/5595/1116 3922/5596/1116 3924/5597/1116 3926/5598/1116 3928/5599/1116 3930/5600/1116 3932/5601/1116 3934/5602/1116 3936/5603/1116 3938/5604/1116 3940/5605/1116 3942/5606/1116 3944/5607/1116 3946/5608/1116 3948/5609/1116 3950/5610/1116 3952/5611/1116
o Cylinder.032
v 12.817398 -0.231861 15.870585
v 12.817398 16.465769 15.870585
v 12.864206 -0.231861 15.875196
v 12.864206 16.465769 15.875196
v 12.909216 -0.231861 15.888849
v 12.909216 16.465769 15.888849
v 12.950697 -0.231861 15.911021
v 12.950697 16.465769 15.911021
v 12.987056 -0.231861 15.940860
v 12.987056 16.465769 15.940860
v 13.016894 -0.231861 15.977219
v 13.016894 16.465769 15.977219
v 13.039066 -0.231861 16.018700
v 13.039066 16.465769 16.018700
v 13.052720 -0.231861 16.063709
v 13.052720 16.465769 16.063709
v 13.057330 -0.231861 16.110518
v 13.057330 16.465769 16.110518
v 13.052720 -0.231861 16.157326
v 13.052720 16.465769 16.157326
v 13.039066 -0.231861 16.202335
v 13.039066 16.465769 16.202335
v 13.016894 -0.231861 16.243816
v 13.016894 16.465769 16.243816
v 12.987056 -0.231861 16.280176
v 12.987056 16.465769 16.280176
v 12.950697 -0.231861 16.310015
v 12.950697 16.465769 16.310015
v 12.909216 -0.231861 16.332186
v 12.909216 16.465769 16.332186
v 12.864206 -0.231861 16.345840
v 12.864206 16.465769 16.345840
v 12.817398 -0.231861 16.350451
v 12.817398 16.465769 16.350451
v 12.770590 -0.231861 16.345840
v 12.770590 16.465769 16.345840
v 12.725580 -0.231861 16.332186
v 12.725580 16.465769 16.332186
v 12.684099 -0.231861 16.310015
v 12.684099 16.465769 16.310015
v 12.647740 -0.231861 16.280176
v 12.647740 16.465769 16.280176
v 12.617902 -0.231861 16.243816
v 12.617902 16.465769 16.243816
v 12.595730 -0.231861 16.202335
v 12.595730 16.465769 16.202335
v 12.582076 -0.231861 16.157326
v 12.582076 16.465769 16.157326
v 12.577466 -0.231861 16.110518
v 12.577466 16.465769 16.110518
v 12.582076 -0.231861 16.063709
v 12.582076 16.465769 16.063709
v 12.595730 -0.231861 16.018700
v 12.595730 16.465769 16.018700
v 12.617902 -0.231861 15.977219
v 12.617902 16.465769 15.977219
v 12.647740 -0.231861 15.940860
v 12.647740 16.465769 15.940860
v 12.684099 -0.231861 15.911021
v 12.684099 16.465769 15.911021
v 12.725580 -0.231861 15.888849
v 12.725580 16.465769 15.888849
v 12.770590 -0.231861 15.875196
v 12.770590 16.465769 15.875196
vn 0.0980 -0.0000 -0.9952
vn 0.2903 -0.0000 -0.9569
vn 0.4714 -0.0000 -0.8819
vn 0.6344 -0.0000 -0.7730
vn 0.7730 -0.0000 -0.6344
vn 0.8819 -0.0000 -0.4714
vn 0.9569 -0.0000 -0.2903
vn 0.9952 -0.0000 -0.0980
vn 0.9952 -0.0000 0.0980
vn 0.9569 -0.0000 0.2903
vn 0.8819 -0.0000 0.4714
vn 0.7730 -0.0000 0.6344
vn 0.6344 -0.0000 0.7730
vn 0.4714 -0.0000 0.8819
vn 0.2903 -0.0000 0.9569
vn 0.0980 -0.0000 0.9952
vn -0.0980 -0.0000 0.9952
vn -0.2903 -0.0000 0.9569
vn -0.4714 -0.0000 0.8819
vn -0.6344 -0.0000 0.7730
vn -0.7730 -0.0000 0.6344
vn -0.8819 -0.0000 0.4714
vn -0.9569 -0.0000 0.2903
vn -0.9952 -0.0000 0.0980
vn -0.9952 -0.0000 -0.0980
vn -0.9569 -0.0000 -0.2903
vn -0.8819 -0.0000 -0.4714
vn -0.7730 -0.0000 -0.6344
vn -0.6344 -0.0000 -0.7730
vn -0.4714 -0.0000 -0.8819
vn -0.0000 1.0000 -0.0000
vn -0.2903 -0.0000 -0.9569
vn -0.0980 -0.0000 -0.9952
vn -0.0000 -1.0000 -0.0000
vt 1.000000 0.500000
vt 1.000000 1.000000
vt 0.968750 1.000000
vt 0.968750 0.500000
vt 0.937500 1.000000
vt 0.937500 0.500000
vt 0.906250 1.000000
vt 0.906250 0.500000
vt 0.875000 1.000000
vt 0.875000 0.500000
vt 0.843750 1.000000
vt 0.843750 0.500000
vt 0.812500 1.000000
vt 0.812500 0.500000
vt 0.781250 1.000000
vt 0.781250 0.500000
vt 0.750000 1.000000
vt 0.750000 0.500000
vt 0.718750 1.000000
vt 0.718750 0.500000
vt 0.687500 1.000000
vt 0.687500 0.500000
vt 0.656250 1.000000
vt 0.656250 0.500000
vt 0.625000 1.000000
vt 0.625000 0.500000
vt 0.593750 1.000000
vt 0.593750 0.500000
vt 0.562500 1.000000
vt 0.562500 0.500000
vt 0.531250 1.000000
vt 0.531250 0.500000
vt 0.500000 1.000000
vt 0.500000 0.500000
vt 0.468750 1.000000
vt 0.468750 0.500000
vt 0.437500 1.000000
vt 0.437500 0.500000
vt 0.406250 1.000000
vt 0.406250 0.500000
vt 0.375000 1.000000
vt 0.375000 0.500000
vt 0.343750 1.000000
vt 0.343750 0.500000
vt 0.312500 1.000000
vt 0.312500 0.500000
vt 0.281250 1.000000
vt 0.281250 0.500000
vt 0.250000 1.000000
vt 0.250000 0.500000
vt 0.218750 1.000000
vt 0.218750 0.500000
vt 0.187500 1.000000
vt 0.187500 0.500000
vt 0.156250 1.000000
vt 0.156250 0.500000
vt 0.125000 1.000000
vt 0.125000 0.500000
vt 0.093750 1.000000
vt 0.093750 0.500000
vt 0.062500 1.000000
vt 0.062500 0.500000
vt 0.296822 0.485388
vt 0.250000 0.490000
vt 0.203178 0.485388
vt 0.158156 0.471731
vt 0.116663 0.449553
vt 0.080294 0.419706
vt 0.050447 0.383337
vt 0.028269 0.341844
vt 0.014612 0.296822
vt 0.010000 0.250000
vt 0.014612 0.203178
vt 0.028269 0.158156
vt 0.050447 0.116663
vt 0.080294 0.080294
vt 0.116663 0.050447
vt 0.158156 0.028269
vt 0.203178 0.014612
vt 0.250000 0.010000
vt 0.296822 0.014612
vt 0.341844 0.028269
vt 0.383337 0.050447
vt 0.419706 0.080294
vt 0.449553 0.116663
vt 0.471731 0.158156
vt 0.485388 0.203178
vt 0.490000 0.250000
vt 0.485388 0.296822
vt 0.471731 0.341844
vt 0.449553 0.383337
vt 0.419706 0.419706
vt 0.383337 0.449553
vt 0.341844 0.471731
vt 0.031250 1.000000
vt 0.031250 0.500000
vt 0.000000 1.000000
vt 0.000000 0.500000
vt 0.750000 0.490000
vt 0.796822 0.485388
vt 0.841844 0.471731
vt 0.883337 0.449553
vt 0.919706 0.419706
vt 0.949553 0.383337
vt 0.971731 0.341844
vt 0.985388 0.296822
vt 0.990000 0.250000
vt 0.985388 0.203178
vt 0.971731 0.158156
vt 0.949553 0.116663
vt 0.919706 0.080294
vt 0.883337 0.050447
vt 0.841844 0.028269
vt 0.796822 0.014612
vt 0.750000 0.010000
vt 0.703178 0.014612
vt 0.658156 0.028269
vt 0.616663 0.050447
vt 0.580294 0.080294
vt 0.550447 0.116663
vt 0.528269 0.158156
vt 0.514612 0.203178
vt 0.510000 0.250000
vt 0.514612 0.296822
vt 0.528269 0.341844
vt 0.550447 0.383337
vt 0.580294 0.419706
vt 0.616663 0.449553
vt 0.658156 0.471731
vt 0.703178 0.485388
s 0
f 3954/5612/1117 3955/5613/1117 3957/5614/1117 3956/5615/1117
f 3956/5615/1118 3957/5614/1118 3959/5616/1118 3958/5617/1118
f 3958/5617/1119 3959/5616/1119 3961/5618/1119 3960/5619/1119
f 3960/5619/1120 3961/5618/1120 3963/5620/1120 3962/5621/1120
f 3962/5621/1121 3963/5620/1121 3965/5622/1121 3964/5623/1121
f 3964/5623/1122 3965/5622/1122 3967/5624/1122 3966/5625/1122
f 3966/5625/1123 3967/5624/1123 3969/5626/1123 3968/5627/1123
f 3968/5627/1124 3969/5626/1124 3971/5628/1124 3970/5629/1124
f 3970/5629/1125 3971/5628/1125 3973/5630/1125 3972/5631/1125
f 3972/5631/1126 3973/5630/1126 3975/5632/1126 3974/5633/1126
f 3974/5633/1127 3975/5632/1127 3977/5634/1127 3976/5635/1127
f 3976/5635/1128 3977/5634/1128 3979/5636/1128 3978/5637/1128
f 3978/5637/1129 3979/5636/1129 3981/5638/1129 3980/5639/1129
f 3980/5639/1130 3981/5638/1130 3983/5640/1130 3982/5641/1130
f 3982/5641/1131 3983/5640/1131 3985/5642/1131 3984/5643/1131
f 3984/5643/1132 3985/5642/1132 3987/5644/1132 3986/5645/1132
f 3986/5645/1133 3987/5644/1133 3989/5646/1133 3988/5647/1133
f 3988/5647/1134 3989/5646/1134 3991/5648/1134 3990/5649/1134
f 3990/5649/1135 3991/5648/1135 3993/5650/1135 3992/5651/1135
f 3992/5651/1136 3993/5650/1136 3995/5652/1136 3994/5653/1136
f 3994/5653/1137 3995/5652/1137 3997/5654/1137 3996/5655/1137
f 3996/5655/1138 3997/5654/1138 3999/5656/1138 3998/5657/1138
f 3998/5657/1139 3999/5656/1139 4001/5658/1139 4000/5659/1139
f 4000/5659/1140 4001/5658/1140 4003/5660/1140 4002/5661/1140
f 4002/5661/1141 4003/5660/1141 4005/5662/1141 4004/5663/1141
f 4004/5663/1142 4005/5662/1142 4007/5664/1142 4006/5665/1142
f 4006/5665/1143 4007/5664/1143 4009/5666/1143 4008/5667/1143
f 4008/5667/1144 4009/5666/1144 4011/5668/1144 4010/5669/1144
f 4010/5669/1145 4011/5668/1145 4013/5670/1145 4012/5671/1145
f 4012/5671/1146 4013/5670/1146 4015/5672/1146 4014/5673/1146
f 3957/5674/1147 3955/5675/1147 4017/5676/1147 4015/5677/1147 4013/5678/1147 4011/5679/1147 4009/5680/1147 4007/5681/1147 4005/5682/1147 4003/5683/1147 4001/5684/1147 3999/5685/1147 3997/5686/1147 3995/5687/1147 3993/5688/1147 3991/5689/1147 3989/5690/1147 3987/5691/1147 3985/5692/1147 3983/5693/1147 3981/5694/1147 3979/5695/1147 3977/5696/1147 3975/5697/1147 3973/5698/1147 3971/5699/1147 3969/5700/1147 3967/5701/1147 3965/5702/1147 3963/5703/1147 3961/5704/1147 3959/5705/1147
f 4014/5673/1148 4015/5672/1148 4017/5706/1148 4016/5707/1148
f 4016/5707/1149 4017/5706/1149 3955/5708/1149 3954/5709/1149
f 3954/5710/1150 3956/5711/1150 3958/5712/1150 3960/5713/1150 3962/5714/1150 3964/5715/1150 3966/5716/1150 3968/5717/1150 3970/5718/1150 3972/5719/1150 3974/5720/1150 3976/5721/1150 3978/5722/1150 3980/5723/1150 3982/5724/1150 3984/5725/1150 3986/5726/1150 3988/5727/1150 3990/5728/1150 3992/5729/1150 3994/5730/1150 3996/5731/1150 3998/5732/1150 4000/5733/1150 4002/5734/1150 4004/5735/1150 4006/5736/1150 4008/5737/1150 4010/5738/1150 4012/5739/1150 4014/5740/1150 4016/5741/1150
o Cylinder.033
v 12.817398 -0.231861 14.746263
v 12.817398 16.465769 14.746263
v 12.864206 -0.231861 14.750873
v 12.864206 16.465769 14.750873
v 12.909216 -0.231861 14.764526
v 12.909216 16.465769 14.764526
v 12.950697 -0.231861 14.786698
v 12.950697 16.465769 14.786698
v 12.987056 -0.231861 14.816537
v 12.987056 16.465769 14.816537
v 13.016894 -0.231861 14.852896
v 13.016894 16.465769 14.852896
v 13.039066 -0.231861 14.894377
v 13.039066 16.465769 14.894377
v 13.052720 -0.231861 14.939386
v 13.052720 16.465769 14.939386
v 13.057330 -0.231861 14.986195
v 13.057330 16.465769 14.986195
v 13.052720 -0.231861 15.033003
v 13.052720 16.465769 15.033003
v 13.039066 -0.231861 15.078012
v 13.039066 16.465769 15.078012
v 13.016894 -0.231861 15.119493
v 13.016894 16.465769 15.119493
v 12.987056 -0.231861 15.155852
v 12.987056 16.465769 15.155852
v 12.950697 -0.231861 15.185691
v 12.950697 16.465769 15.185691
v 12.909216 -0.231861 15.207863
v 12.909216 16.465769 15.207863
v 12.864206 -0.231861 15.221517
v 12.864206 16.465769 15.221517
v 12.817398 -0.231861 15.226127
v 12.817398 16.465769 15.226127
v 12.770590 -0.231861 15.221517
v 12.770590 16.465769 15.221517
v 12.725580 -0.231861 15.207863
v 12.725580 16.465769 15.207863
v 12.684099 -0.231861 15.185691
v 12.684099 16.465769 15.185691
v 12.647740 -0.231861 15.155852
v 12.647740 16.465769 15.155852
v 12.617902 -0.231861 15.119493
v 12.617902 16.465769 15.119493
v 12.595730 -0.231861 15.078012
v 12.595730 16.465769 15.078012
v 12.582076 -0.231861 15.033003
v 12.582076 16.465769 15.033003
v 12.577466 -0.231861 14.986195
v 12.577466 16.465769 14.986195
v 12.582076 -0.231861 14.939386
v 12.582076 16.465769 14.939386
v 12.595730 -0.231861 14.894377
v 12.595730 16.465769 14.894377
v 12.617902 -0.231861 14.852896
v 12.617902 16.465769 14.852896
v 12.647740 -0.231861 14.816537
v 12.647740 16.465769 14.816537
v 12.684099 -0.231861 14.786698
v 12.684099 16.465769 14.786698
v 12.725580 -0.231861 14.764526
v 12.725580 16.465769 14.764526
v 12.770590 -0.231861 14.750873
v 12.770590 16.465769 14.750873
vn 0.0980 -0.0000 -0.9952
vn 0.2903 -0.0000 -0.9569
vn 0.4714 -0.0000 -0.8819
vn 0.6344 -0.0000 -0.7730
vn 0.7730 -0.0000 -0.6344
vn 0.8819 -0.0000 -0.4714
vn 0.9569 -0.0000 -0.2903
vn 0.9952 -0.0000 -0.0980
vn 0.9952 -0.0000 0.0980
vn 0.9569 -0.0000 0.2903
vn 0.8819 -0.0000 0.4714
vn 0.7730 -0.0000 0.6344
vn 0.6344 -0.0000 0.7730
vn 0.4714 -0.0000 0.8819
vn 0.2903 -0.0000 0.9569
vn 0.0980 -0.0000 0.9952
vn -0.0980 -0.0000 0.9952
vn -0.2903 -0.0000 0.9569
vn -0.4714 -0.0000 0.8819
vn -0.6344 -0.0000 0.7730
vn -0.7730 -0.0000 0.6344
vn -0.8819 -0.0000 0.4714
vn -0.9569 -0.0000 0.2903
vn -0.9952 -0.0000 0.0980
vn -0.9952 -0.0000 -0.0980
vn -0.9569 -0.0000 -0.2903
vn -0.8819 -0.0000 -0.4714
vn -0.7730 -0.0000 -0.6344
vn -0.6344 -0.0000 -0.7730
vn -0.4714 -0.0000 -0.8819
vn -0.0000 1.0000 -0.0000
vn -0.2903 -0.0000 -0.9569
vn -0.0980 -0.0000 -0.9952
vn -0.0000 -1.0000 -0.0000
vt 1.000000 0.500000
vt 1.000000 1.000000
vt 0.968750 1.000000
vt 0.968750 0.500000
vt 0.937500 1.000000
vt 0.937500 0.500000
vt 0.906250 1.000000
vt 0.906250 0.500000
vt 0.875000 1.000000
vt 0.875000 0.500000
vt 0.843750 1.000000
vt 0.843750 0.500000
vt 0.812500 1.000000
vt 0.812500 0.500000
vt 0.781250 1.000000
vt 0.781250 0.500000
vt 0.750000 1.000000
vt 0.750000 0.500000
vt 0.718750 1.000000
vt 0.718750 0.500000
vt 0.687500 1.000000
vt 0.687500 0.500000
vt 0.656250 1.000000
vt 0.656250 0.500000
vt 0.625000 1.000000
vt 0.625000 0.500000
vt 0.593750 1.000000
vt 0.593750 0.500000
vt 0.562500 1.000000
vt 0.562500 0.500000
vt 0.531250 1.000000
vt 0.531250 0.500000
vt 0.500000 1.000000
vt 0.500000 0.500000
vt 0.468750 1.000000
vt 0.468750 0.500000
vt 0.437500 1.000000
vt 0.437500 0.500000
vt 0.406250 1.000000
vt 0.406250 0.500000
vt 0.375000 1.000000
vt 0.375000 0.500000
vt 0.343750 1.000000
vt 0.343750 0.500000
vt 0.312500 1.000000
vt 0.312500 0.500000
vt 0.281250 1.000000
vt 0.281250 0.500000
vt 0.250000 1.000000
vt 0.250000 0.500000
vt 0.218750 1.000000
vt 0.218750 0.500000
vt 0.187500 1.000000
vt 0.187500 0.500000
vt 0.156250 1.000000
vt 0.156250 0.500000
vt 0.125000 1.000000
vt 0.125000 0.500000
vt 0.093750 1.000000
vt 0.093750 0.500000
vt 0.062500 1.000000
vt 0.062500 0.500000
vt 0.296822 0.485388
vt 0.250000 0.490000
vt 0.203178 0.485388
vt 0.158156 0.471731
vt 0.116663 0.449553
vt 0.080294 0.419706
vt 0.050447 0.383337
vt 0.028269 0.341844
vt 0.014612 0.296822
vt 0.010000 0.250000
vt 0.014612 0.203178
vt 0.028269 0.158156
vt 0.050447 0.116663
vt 0.080294 0.080294
vt 0.116663 0.050447
vt 0.158156 0.028269
vt 0.203178 0.014612
vt 0.250000 0.010000
vt 0.296822 0.014612
vt 0.341844 0.028269
vt 0.383337 0.050447
vt 0.419706 0.080294
vt 0.449553 0.116663
vt 0.471731 0.158156
vt 0.485388 0.203178
vt 0.490000 0.250000
vt 0.485388 0.296822
vt 0.471731 0.341844
vt 0.449553 0.383337
vt 0.419706 0.419706
vt 0.383337 0.449553
vt 0.341844 0.471731
vt 0.031250 1.000000
vt 0.031250 0.500000
vt 0.000000 1.000000
vt 0.000000 0.500000
vt 0.750000 0.490000
vt 0.796822 0.485388
vt 0.841844 0.471731
vt 0.883337 0.449553
vt 0.919706 0.419706
vt 0.949553 0.383337
vt 0.971731 0.341844
vt 0.985388 0.296822
vt 0.990000 0.250000
vt 0.985388 0.203178
vt 0.971731 0.158156
vt 0.949553 0.116663
vt 0.919706 0.080294
vt 0.883337 0.050447
vt 0.841844 0.028269
vt 0.796822 0.014612
vt 0.750000 0.010000
vt 0.703178 0.014612
vt 0.658156 0.028269
vt 0.616663 0.050447
vt 0.580294 0.080294
vt 0.550447 0.116663
vt 0.528269 0.158156
vt 0.514612 0.203178
vt 0.510000 0.250000
vt 0.514612 0.296822
vt 0.528269 0.341844
vt 0.550447 0.383337
vt 0.580294 0.419706
vt 0.616663 0.449553
vt 0.658156 0.471731
vt 0.703178 0.485388
s 0
f 4018/5742/1151 4019/5743/1151 4021/5744/1151 4020/5745/1151
f 4020/5745/1152 4021/5744/1152 4023/5746/1152 4022/5747/1152
f 4022/5747/1153 4023/5746/1153 4025/5748/1153 4024/5749/1153
f 4024/5749/1154 4025/5748/1154 4027/5750/1154 4026/5751/1154
f 4026/5751/1155 4027/5750/1155 4029/5752/1155 4028/5753/1155
f 4028/5753/1156 4029/5752/1156 4031/5754/1156 4030/5755/1156
f 4030/5755/1157 4031/5754/1157 4033/5756/1157 4032/5757/1157
f 4032/5757/1158 4033/5756/1158 4035/5758/1158 4034/5759/1158
f 4034/5759/1159 4035/5758/1159 4037/5760/1159 4036/5761/1159
f 4036/5761/1160 4037/5760/1160 4039/5762/1160 4038/5763/1160
f 4038/5763/1161 4039/5762/1161 4041/5764/1161 4040/5765/1161
f 4040/5765/1162 4041/5764/1162 4043/5766/1162 4042/5767/1162
f 4042/5767/1163 4043/5766/1163 4045/5768/1163 4044/5769/1163
f 4044/5769/1164 4045/5768/1164 4047/5770/1164 4046/5771/1164
f 4046/5771/1165 4047/5770/1165 4049/5772/1165 4048/5773/1165
f 4048/5773/1166 4049/5772/1166 4051/5774/1166 4050/5775/1166
f 4050/5775/1167 4051/5774/1167 4053/5776/1167 4052/5777/1167
f 4052/5777/1168 4053/5776/1168 4055/5778/1168 4054/5779/1168
f 4054/5779/1169 4055/5778/1169 4057/5780/1169 4056/5781/1169
f 4056/5781/1170 4057/5780/1170 4059/5782/1170 4058/5783/1170
f 4058/5783/1171 4059/5782/1171 4061/5784/1171 4060/5785/1171
f 4060/5785/1172 4061/5784/1172 4063/5786/1172 4062/5787/1172
f 4062/5787/1173 4063/5786/1173 4065/5788/1173 4064/5789/1173
f 4064/5789/1174 4065/5788/1174 4067/5790/1174 4066/5791/1174
f 4066/5791/1175 4067/5790/1175 4069/5792/1175 4068/5793/1175
f 4068/5793/1176 4069/5792/1176 4071/5794/1176 4070/5795/1176
f 4070/5795/1177 4071/5794/1177 4073/5796/1177 4072/5797/1177
f 4072/5797/1178 4073/5796/1178 4075/5798/1178 4074/5799/1178
f 4074/5799/1179 4075/5798/1179 4077/5800/1179 4076/5801/1179
f 4076/5801/1180 4077/5800/1180 4079/5802/1180 4078/5803/1180
f 4021/5804/1181 4019/5805/1181 4081/5806/1181 4079/5807/1181 4077/5808/1181 4075/5809/1181 4073/5810/1181 4071/5811/1181 4069/5812/1181 4067/5813/1181 4065/5814/1181 4063/5815/1181 4061/5816/1181 4059/5817/1181 4057/5818/1181 4055/5819/1181 4053/5820/1181 4051/5821/1181 4049/5822/1181 4047/5823/1181 4045/5824/1181 4043/5825/1181 4041/5826/1181 4039/5827/1181 4037/5828/1181 4035/5829/1181 4033/5830/1181 4031/5831/1181 4029/5832/1181 4027/5833/1181 4025/5834/1181 4023/5835/1181
f 4078/5803/1182 4079/5802/1182 4081/5836/1182 4080/5837/1182
f 4080/5837/1183 4081/5836/1183 4019/5838/1183 4018/5839/1183
f 4018/5840/1184 4020/5841/1184 4022/5842/1184 4024/5843/1184 4026/5844/1184 4028/5845/1184 4030/5846/1184 4032/5847/1184 4034/5848/1184 4036/5849/1184 4038/5850/1184 4040/5851/1184 4042/5852/1184 4044/5853/1184 4046/5854/1184 4048/5855/1184 4050/5856/1184 4052/5857/1184 4054/5858/1184 4056/5859/1184 4058/5860/1184 4060/5861/1184 4062/5862/1184 4064/5863/1184 4066/5864/1184 4068/5865/1184 4070/5866/1184 4072/5867/1184 4074/5868/1184 4076/5869/1184 4078/5870/1184 4080/5871/1184
o Cylinder.034
v 12.817398 -0.231861 25.710491
v 12.817398 16.465769 25.710491
v 12.864206 -0.231861 25.715101
v 12.864206 16.465769 25.715101
v 12.909216 -0.231861 25.728756
v 12.909216 16.465769 25.728756
v 12.950697 -0.231861 25.750927
v 12.950697 16.465769 25.750927
v 12.987056 -0.231861 25.780766
v 12.987056 16.465769 25.780766
v 13.016894 -0.231861 25.817125
v 13.016894 16.465769 25.817125
v 13.039066 -0.231861 25.858606
v 13.039066 16.465769 25.858606
v 13.052720 -0.231861 25.903616
v 13.052720 16.465769 25.903616
v 13.057330 -0.231861 25.950424
v 13.057330 16.465769 25.950424
v 13.052720 -0.231861 25.997232
v 13.052720 16.465769 25.997232
v 13.039066 -0.231861 26.042242
v 13.039066 16.465769 26.042242
v 13.016894 -0.231861 26.083723
v 13.016894 16.465769 26.083723
v 12.987056 -0.231861 26.120083
v 12.987056 16.465769 26.120083
v 12.950697 -0.231861 26.149921
v 12.950697 16.465769 26.149921
v 12.909216 -0.231861 26.172092
v 12.909216 16.465769 26.172092
v 12.864206 -0.231861 26.185747
v 12.864206 16.465769 26.185747
v 12.817398 -0.231861 26.190357
v 12.817398 16.465769 26.190357
v 12.770590 -0.231861 26.185747
v 12.770590 16.465769 26.185747
v 12.725580 -0.231861 26.172092
v 12.725580 16.465769 26.172092
v 12.684099 -0.231861 26.149921
v 12.684099 16.465769 26.149921
v 12.647740 -0.231861 26.120083
v 12.647740 16.465769 26.120083
v 12.617902 -0.231861 26.083723
v 12.617902 16.465769 26.083723
v 12.595730 -0.231861 26.042242
v 12.595730 16.465769 26.042242
v 12.582076 -0.231861 25.997232
v 12.582076 16.465769 25.997232
v 12.577466 -0.231861 25.950424
v 12.577466 16.465769 25.950424
v 12.582076 -0.231861 25.903616
v 12.582076 16.465769 25.903616
v 12.595730 -0.231861 25.858606
v 12.595730 16.465769 25.858606
v 12.617902 -0.231861 25.817125
v 12.617902 16.465769 25.817125
v 12.647740 -0.231861 25.780766
v 12.647740 16.465769 25.780766
v 12.684099 -0.231861 25.750927
v 12.684099 16.465769 25.750927
v 12.725580 -0.231861 25.728756
v 12.725580 16.465769 25.728756
v 12.770590 -0.231861 25.715101
v 12.770590 16.465769 25.715101
vn 0.0980 -0.0000 -0.9952
vn 0.2903 -0.0000 -0.9569
vn 0.4714 -0.0000 -0.8819
vn 0.6344 -0.0000 -0.7730
vn 0.7730 -0.0000 -0.6344
vn 0.8819 -0.0000 -0.4714
vn 0.9569 -0.0000 -0.2903
vn 0.9952 -0.0000 -0.0980
vn 0.9952 -0.0000 0.0980
vn 0.9569 -0.0000 0.2903
vn 0.8819 -0.0000 0.4714
vn 0.7730 -0.0000 0.6344
vn 0.6344 -0.0000 0.7730
vn 0.4714 -0.0000 0.8819
vn 0.2903 -0.0000 0.9569
vn 0.0980 -0.0000 0.9952
vn -0.0980 -0.0000 0.9952
vn -0.2903 -0.0000 0.9569
vn -0.4714 -0.0000 0.8819
vn -0.6344 -0.0000 0.7730
vn -0.7730 -0.0000 0.6344
vn -0.8819 -0.0000 0.4714
vn -0.9569 -0.0000 0.2903
vn -0.9952 -0.0000 0.0980
vn -0.9952 -0.0000 -0.0980
vn -0.9569 -0.0000 -0.2903
vn -0.8819 -0.0000 -0.4714
vn -0.7730 -0.0000 -0.6344
vn -0.6344 -0.0000 -0.7730
vn -0.4714 -0.0000 -0.8819
vn -0.0000 1.0000 -0.0000
vn -0.2903 -0.0000 -0.9569
vn -0.0980 -0.0000 -0.9952
vn -0.0000 -1.0000 -0.0000
vt 1.000000 0.500000
vt 1.000000 1.000000
vt 0.968750 1.000000
vt 0.968750 0.500000
vt 0.937500 1.000000
vt 0.937500 0.500000
vt 0.906250 1.000000
vt 0.906250 0.500000
vt 0.875000 1.000000
vt 0.875000 0.500000
vt 0.843750 1.000000
vt 0.843750 0.500000
vt 0.812500 1.000000
vt 0.812500 0.500000
vt 0.781250 1.000000
vt 0.781250 0.500000
vt 0.750000 1.000000
vt 0.750000 0.500000
vt 0.718750 1.000000
vt 0.718750 0.500000
vt 0.687500 1.000000
vt 0.687500 0.500000
vt 0.656250 1.000000
vt 0.656250 0.500000
vt 0.625000 1.000000
vt 0.625000 0.500000
vt 0.593750 1.000000
vt 0.593750 0.500000
vt 0.562500 1.000000
vt 0.562500 0.500000
vt 0.531250 1.000000
vt 0.531250 0.500000
vt 0.500000 1.000000
vt 0.500000 0.500000
vt 0.468750 1.000000
vt 0.468750 0.500000
vt 0.437500 1.000000
vt 0.437500 0.500000
vt 0.406250 1.000000
vt 0.406250 0.500000
vt 0.375000 1.000000
vt 0.375000 0.500000
vt 0.343750 1.000000
vt 0.343750 0.500000
vt 0.312500 1.000000
vt 0.312500 0.500000
vt 0.281250 1.000000
vt 0.281250 0.500000
vt 0.250000 1.000000
vt 0.250000 0.500000
vt 0.218750 1.000000
vt 0.218750 0.500000
vt 0.187500 1.000000
vt 0.187500 0.500000
vt 0.156250 1.000000
vt 0.156250 0.500000
vt 0.125000 1.000000
vt 0.125000 0.500000
vt 0.093750 1.000000
vt 0.093750 0.500000
vt 0.062500 1.000000
vt 0.062500 0.500000
vt 0.296822 0.485388
vt 0.250000 0.490000
vt 0.203178 0.485388
vt 0.158156 0.471731
vt 0.116663 0.449553
vt 0.080294 0.419706
vt 0.050447 0.383337
vt 0.028269 0.341844
vt 0.014612 0.296822
vt 0.010000 0.250000
vt 0.014612 0.203178
vt 0.028269 0.158156
vt 0.050447 0.116663
vt 0.080294 0.080294
vt 0.116663 0.050447
vt 0.158156 0.028269
vt 0.203178 0.014612
vt 0.250000 0.010000
vt 0.296822 0.014612
vt 0.341844 0.028269
vt 0.383337 0.050447
vt 0.419706 0.080294
vt 0.449553 0.116663
vt 0.471731 0.158156
vt 0.485388 0.203178
vt 0.490000 0.250000
vt 0.485388 0.296822
vt 0.471731 0.341844
vt 0.449553 0.383337
vt 0.419706 0.419706
vt 0.383337 0.449553
vt 0.341844 0.471731
vt 0.031250 1.000000
vt 0.031250 0.500000
vt 0.000000 1.000000
vt 0.000000 0.500000
vt 0.750000 0.490000
vt 0.796822 0.485388
vt 0.841844 0.471731
vt 0.883337 0.449553
vt 0.919706 0.419706
vt 0.949553 0.383337
vt 0.971731 0.341844
vt 0.985388 0.296822
vt 0.990000 0.250000
vt 0.985388 0.203178
vt 0.971731 0.158156
vt 0.949553 0.116663
vt 0.919706 0.080294
vt 0.883337 0.050447
vt 0.841844 0.028269
vt 0.796822 0.014612
vt 0.750000 0.010000
vt 0.703178 0.014612
vt 0.658156 0.028269
vt 0.616663 0.050447
vt 0.580294 0.080294
vt 0.550447 0.116663
vt 0.528269 0.158156
vt 0.514612 0.203178
vt 0.510000 0.250000
vt 0.514612 0.296822
vt 0.528269 0.341844
vt 0.550447 0.383337
vt 0.580294 0.419706
vt 0.616663 0.449553
vt 0.658156 0.471731
vt 0.703178 0.485388
s 0
f 4082/5872/1185 4083/5873/1185 4085/5874/1185 4084/5875/1185
f 4084/5875/1186 4085/5874/1186 4087/5876/1186 4086/5877/1186
f 4086/5877/1187 4087/5876/1187 4089/5878/1187 4088/5879/1187
f 4088/5879/1188 4089/5878/1188 4091/5880/1188 4090/5881/1188
f 4090/5881/1189 4091/5880/1189 4093/5882/1189 4092/5883/1189
f 4092/5883/1190 4093/5882/1190 4095/5884/1190 4094/5885/1190
f 4094/5885/1191 4095/5884/1191 4097/5886/1191 4096/5887/1191
f 4096/5887/1192 4097/5886/1192 4099/5888/1192 4098/5889/1192
f 4098/5889/1193 4099/5888/1193 4101/5890/1193 4100/5891/1193
f 4100/5891/1194 4101/5890/1194 4103/5892/1194 4102/5893/1194
f 4102/5893/1195 4103/5892/1195 4105/5894/1195 4104/5895/1195
f 4104/5895/1196 4105/5894/1196 4107/5896/1196 4106/5897/1196
f 4106/5897/1197 4107/5896/1197 4109/5898/1197 4108/5899/1197
f 4108/5899/1198 4109/5898/1198 4111/5900/1198 4110/5901/1198
f 4110/5901/1199 4111/5900/1199 4113/5902/1199 4112/5903/1199
f 4112/5903/1200 4113/5902/1200 4115/5904/1200 4114/5905/1200
f 4114/5905/1201 4115/5904/1201 4117/5906/1201 4116/5907/1201
f 4116/5907/1202 4117/5906/1202 4119/5908/1202 4118/5909/1202
f 4118/5909/1203 4119/5908/1203 4121/5910/1203 4120/5911/1203
f 4120/5911/1204 4121/5910/1204 4123/5912/1204 4122/5913/1204
f 4122/5913/1205 4123/5912/1205 4125/5914/1205 4124/5915/1205
f 4124/5915/1206 4125/5914/1206 4127/5916/1206 4126/5917/1206
f 4126/5917/1207 4127/5916/1207 4129/5918/1207 4128/5919/1207
f 4128/5919/1208 4129/5918/1208 4131/5920/1208 4130/5921/1208
f 4130/5921/1209 4131/5920/1209 4133/5922/1209 4132/5923/1209
f 4132/5923/1210 4133/5922/1210 4135/5924/1210 4134/5925/1210
f 4134/5925/1211 4135/5924/1211 4137/5926/1211 4136/5927/1211
f 4136/5927/1212 4137/5926/1212 4139/5928/1212 4138/5929/1212
f 4138/5929/1213 4139/5928/1213 4141/5930/1213 4140/5931/1213
f 4140/5931/1214 4141/5930/1214 4143/5932/1214 4142/5933/1214
f 4085/5934/1215 4083/5935/1215 4145/5936/1215 4143/5937/1215 4141/5938/1215 4139/5939/1215 4137/5940/1215 4135/5941/1215 4133/5942/1215 4131/5943/1215 4129/5944/1215 4127/5945/1215 4125/5946/1215 4123/5947/1215 4121/5948/1215 4119/5949/1215 4117/5950/1215 4115/5951/1215 4113/5952/1215 4111/5953/1215 4109/5954/1215 4107/5955/1215 4105/5956/1215 4103/5957/1215 4101/5958/1215 4099/5959/1215 4097/5960/1215 4095/5961/1215 4093/5962/1215 4091/5963/1215 4089/5964/1215 4087/5965/1215
f 4142/5933/1216 4143/5932/1216 4145/5966/1216 4144/5967/1216
f 4144/5967/1217 4145/5966/1217 4083/5968/1217 4082/5969/1217
f 4082/5970/1218 4084/5971/1218 4086/5972/1218 4088/5973/1218 4090/5974/1218 4092/5975/1218 4094/5976/1218 4096/5977/1218 4098/5978/1218 4100/5979/1218 4102/5980/1218 4104/5981/1218 4106/5982/1218 4108/5983/1218 4110/5984/1218 4112/5985/1218 4114/5986/1218 4116/5987/1218 4118/5988/1218 4120/5989/1218 4122/5990/1218 4124/5991/1218 4126/5992/1218 4128/5993/1218 4130/5994/1218 4132/5995/1218 4134/5996/1218 4136/5997/1218 4138/5998/1218 4140/5999/1218 4142/6000/1218 4144/6001/1218
o Cylinder.035
v 12.817398 -0.231861 24.599831
v 12.817398 16.465769 24.599831
v 12.864206 -0.231861 24.604441
v 12.864206 16.465769 24.604441
v 12.909216 -0.231861 24.618095
v 12.909216 16.465769 24.618095
v 12.950697 -0.231861 24.640266
v 12.950697 16.465769 24.640266
v 12.987056 -0.231861 24.670105
v 12.987056 16.465769 24.670105
v 13.016894 -0.231861 24.706465
v 13.016894 16.465769 24.706465
v 13.039066 -0.231861 24.747946
v 13.039066 16.465769 24.747946
v 13.052720 -0.231861 24.792955
v 13.052720 16.465769 24.792955
v 13.057330 -0.231861 24.839764
v 13.057330 16.465769 24.839764
v 13.052720 -0.231861 24.886572
v 13.052720 16.465769 24.886572
v 13.039066 -0.231861 24.931581
v 13.039066 16.465769 24.931581
v 13.016894 -0.231861 24.973063
v 13.016894 16.465769 24.973063
v 12.987056 -0.231861 25.009422
v 12.987056 16.465769 25.009422
v 12.950697 -0.231861 25.039261
v 12.950697 16.465769 25.039261
v 12.909216 -0.231861 25.061432
v 12.909216 16.465769 25.061432
v 12.864206 -0.231861 25.075087
v 12.864206 16.465769 25.075087
v 12.817398 -0.231861 25.079697
v 12.817398 16.465769 25.079697
v 12.770590 -0.231861 25.075087
v 12.770590 16.465769 25.075087
v 12.725580 -0.231861 25.061432
v 12.725580 16.465769 25.061432
v 12.684099 -0.231861 25.039261
v 12.684099 16.465769 25.039261
v 12.647740 -0.231861 25.009422
v 12.647740 16.465769 25.009422
v 12.617902 -0.231861 24.973063
v 12.617902 16.465769 24.973063
v 12.595730 -0.231861 24.931581
v 12.595730 16.465769 24.931581
v 12.582076 -0.231861 24.886572
v 12.582076 16.465769 24.886572
v 12.577466 -0.231861 24.839764
v 12.577466 16.465769 24.839764
v 12.582076 -0.231861 24.792955
v 12.582076 16.465769 24.792955
v 12.595730 -0.231861 24.747946
v 12.595730 16.465769 24.747946
v 12.617902 -0.231861 24.706465
v 12.617902 16.465769 24.706465
v 12.647740 -0.231861 24.670105
v 12.647740 16.465769 24.670105
v 12.684099 -0.231861 24.640266
v 12.684099 16.465769 24.640266
v 12.725580 -0.231861 24.618095
v 12.725580 16.465769 24.618095
v 12.770590 -0.231861 24.604441
v 12.770590 16.465769 24.604441
vn 0.0980 -0.0000 -0.9952
vn 0.2903 -0.0000 -0.9569
vn 0.4714 -0.0000 -0.8819
vn 0.6344 -0.0000 -0.7730
vn 0.7730 -0.0000 -0.6344
vn 0.8819 -0.0000 -0.4714
vn 0.9569 -0.0000 -0.2903
vn 0.9952 -0.0000 -0.0980
vn 0.9952 -0.0000 0.0980
vn 0.9569 -0.0000 0.2903
vn 0.8819 -0.0000 0.4714
vn 0.7730 -0.0000 0.6344
vn 0.6344 -0.0000 0.7730
vn 0.4714 -0.0000 0.8819
vn 0.2903 -0.0000 0.9569
vn 0.0980 -0.0000 0.9952
vn -0.0980 -0.0000 0.9952
vn -0.2903 -0.0000 0.9569
vn -0.4714 -0.0000 0.8819
vn -0.6344 -0.0000 0.7730
vn -0.7730 -0.0000 0.6344
vn -0.8819 -0.0000 0.4714
vn -0.9569 -0.0000 0.2903
vn -0.9952 -0.0000 0.0980
vn -0.9952 -0.0000 -0.0980
vn -0.9569 -0.0000 -0.2903
vn -0.8819 -0.0000 -0.4714
vn -0.7730 -0.0000 -0.6344
vn -0.6344 -0.0000 -0.7730
vn -0.4714 -0.0000 -0.8819
vn -0.0000 1.0000 -0.0000
vn -0.2903 -0.0000 -0.9569
vn -0.0980 -0.0000 -0.9952
vn -0.0000 -1.0000 -0.0000
vt 1.000000 0.500000
vt 1.000000 1.000000
vt 0.968750 1.000000
vt 0.968750 0.500000
vt 0.937500 1.000000
vt 0.937500 0.500000
vt 0.906250 1.000000
vt 0.906250 0.500000
vt 0.875000 1.000000
vt 0.875000 0.500000
vt 0.843750 1.000000
vt 0.843750 0.500000
vt 0.812500 1.000000
vt 0.812500 0.500000
vt 0.781250 1.000000
vt 0.781250 0.500000
vt 0.750000 1.000000
vt 0.750000 0.500000
vt 0.718750 1.000000
vt 0.718750 0.500000
vt 0.687500 1.000000
vt 0.687500 0.500000
vt 0.656250 1.000000
vt 0.656250 0.500000
vt 0.625000 1.000000
vt 0.625000 0.500000
vt 0.593750 1.000000
vt 0.593750 0.500000
vt 0.562500 1.000000
vt 0.562500 0.500000
vt 0.531250 1.000000
vt 0.531250 0.500000
vt 0.500000 1.000000
vt 0.500000 0.500000
vt 0.468750 1.000000
vt 0.468750 0.500000
vt 0.437500 1.000000
vt 0.437500 0.500000
vt 0.406250 1.000000
vt 0.406250 0.500000
vt 0.375000 1.000000
vt 0.375000 0.500000
vt 0.343750 1.000000
vt 0.343750 0.500000
vt 0.312500 1.000000
vt 0.312500 0.500000
vt 0.281250 1.000000
vt 0.281250 0.500000
vt 0.250000 1.000000
vt 0.250000 0.500000
vt 0.218750 1.000000
vt 0.218750 0.500000
vt 0.187500 1.000000
vt 0.187500 0.500000
vt 0.156250 1.000000
vt 0.156250 0.500000
vt 0.125000 1.000000
vt 0.125000 0.500000
vt 0.093750 1.000000
vt 0.093750 0.500000
vt 0.062500 1.000000
vt 0.062500 0.500000
vt 0.296822 0.485388
vt 0.250000 0.490000
vt 0.203178 0.485388
vt 0.158156 0.471731
vt 0.116663 0.449553
vt 0.080294 0.419706
vt 0.050447 0.383337
vt 0.028269 0.341844
vt 0.014612 0.296822
vt 0.010000 0.250000
vt 0.014612 0.203178
vt 0.028269 0.158156
vt 0.050447 0.116663
vt 0.080294 0.080294
vt 0.116663 0.050447
vt 0.158156 0.028269
vt 0.203178 0.014612
vt 0.250000 0.010000
vt 0.296822 0.014612
vt 0.341844 0.028269
vt 0.383337 0.050447
vt 0.419706 0.080294
vt 0.449553 0.116663
vt 0.471731 0.158156
vt 0.485388 0.203178
vt 0.490000 0.250000
vt 0.485388 0.296822
vt 0.471731 0.341844
vt 0.449553 0.383337
vt 0.419706 0.419706
vt 0.383337 0.449553
vt 0.341844 0.471731
vt 0.031250 1.000000
vt 0.031250 0.500000
vt 0.000000 1.000000
vt 0.000000 0.500000
vt 0.750000 0.490000
vt 0.796822 0.485388
vt 0.841844 0.471731
vt 0.883337 0.449553
vt 0.919706 0.419706
vt 0.949553 0.383337
vt 0.971731 0.341844
vt 0.985388 0.296822
vt 0.990000 0.250000
vt 0.985388 0.203178
vt 0.971731 0.158156
vt 0.949553 0.116663
vt 0.919706 0.080294
vt 0.883337 0.050447
vt 0.841844 0.028269
vt 0.796822 0.014612
vt 0.750000 0.010000
vt 0.703178 0.014612
vt 0.658156 0.028269
vt 0.616663 0.050447
vt 0.580294 0.080294
vt 0.550447 0.116663
vt 0.528269 0.158156
vt 0.514612 0.203178
vt 0.510000 0.250000
vt 0.514612 0.296822
vt 0.528269 0.341844
vt 0.550447 0.383337
vt 0.580294 0.419706
vt 0.616663 0.449553
vt 0.658156 0.471731
vt 0.703178 0.485388
s 0
f 4146/6002/1219 4147/6003/1219 4149/6004/1219 4148/6005/1219
f 4148/6005/1220 4149/6004/1220 4151/6006/1220 4150/6007/1220
f 4150/6007/1221 4151/6006/1221 4153/6008/1221 4152/6009/1221
f 4152/6009/1222 4153/6008/1222 4155/6010/1222 4154/6011/1222
f 4154/6011/1223 4155/6010/1223 4157/6012/1223 4156/6013/1223
f 4156/6013/1224 4157/6012/1224 4159/6014/1224 4158/6015/1224
f 4158/6015/1225 4159/6014/1225 4161/6016/1225 4160/6017/1225
f 4160/6017/1226 4161/6016/1226 4163/6018/1226 4162/6019/1226
f 4162/6019/1227 4163/6018/1227 4165/6020/1227 4164/6021/1227
f 4164/6021/1228 4165/6020/1228 4167/6022/1228 4166/6023/1228
f 4166/6023/1229 4167/6022/1229 4169/6024/1229 4168/6025/1229
f 4168/6025/1230 4169/6024/1230 4171/6026/1230 4170/6027/1230
f 4170/6027/1231 4171/6026/1231 4173/6028/1231 4172/6029/1231
f 4172/6029/1232 4173/6028/1232 4175/6030/1232 4174/6031/1232
f 4174/6031/1233 4175/6030/1233 4177/6032/1233 4176/6033/1233
f 4176/6033/1234 4177/6032/1234 4179/6034/1234 4178/6035/1234
f 4178/6035/1235 4179/6034/1235 4181/6036/1235 4180/6037/1235
f 4180/6037/1236 4181/6036/1236 4183/6038/1236 4182/6039/1236
f 4182/6039/1237 4183/6038/1237 4185/6040/1237 4184/6041/1237
f 4184/6041/1238 4185/6040/1238 4187/6042/1238 4186/6043/1238
f 4186/6043/1239 4187/6042/1239 4189/6044/1239 4188/6045/1239
f 4188/6045/1240 4189/6044/1240 4191/6046/1240 4190/6047/1240
f 4190/6047/1241 4191/6046/1241 4193/6048/1241 4192/6049/1241
f 4192/6049/1242 4193/6048/1242 4195/6050/1242 4194/6051/1242
f 4194/6051/1243 4195/6050/1243 4197/6052/1243 4196/6053/1243
f 4196/6053/1244 4197/6052/1244 4199/6054/1244 4198/6055/1244
f 4198/6055/1245 4199/6054/1245 4201/6056/1245 4200/6057/1245
f 4200/6057/1246 4201/6056/1246 4203/6058/1246 4202/6059/1246
f 4202/6059/1247 4203/6058/1247 4205/6060/1247 4204/6061/1247
f 4204/6061/1248 4205/6060/1248 4207/6062/1248 4206/6063/1248
f 4149/6064/1249 4147/6065/1249 4209/6066/1249 4207/6067/1249 4205/6068/1249 4203/6069/1249 4201/6070/1249 4199/6071/1249 4197/6072/1249 4195/6073/1249 4193/6074/1249 4191/6075/1249 4189/6076/1249 4187/6077/1249 4185/6078/1249 4183/6079/1249 4181/6080/1249 4179/6081/1249 4177/6082/1249 4175/6083/1249 4173/6084/1249 4171/6085/1249 4169/6086/1249 4167/6087/1249 4165/6088/1249 4163/6089/1249 4161/6090/1249 4159/6091/1249 4157/6092/1249 4155/6093/1249 4153/6094/1249 4151/6095/1249
f 4206/6063/1250 4207/6062/1250 4209/6096/1250 4208/6097/1250
f 4208/6097/1251 4209/6096/1251 4147/6098/1251 4146/6099/1251
f 4146/6100/1252 4148/6101/1252 4150/6102/1252 4152/6103/1252 4154/6104/1252 4156/6105/1252 4158/6106/1252 4160/6107/1252 4162/6108/1252 4164/6109/1252 4166/6110/1252 4168/6111/1252 4170/6112/1252 4172/6113/1252 4174/6114/1252 4176/6115/1252 4178/6116/1252 4180/6117/1252 4182/6118/1252 4184/6119/1252 4186/6120/1252 4188/6121/1252 4190/6122/1252 4192/6123/1252 4194/6124/1252 4196/6125/1252 4198/6126/1252 4200/6127/1252 4202/6128/1252 4204/6129/1252 4206/6130/1252 4208/6131/1252
o Cylinder.036
v 12.817398 -0.231861 13.591704
v 12.817398 16.465769 13.591704
v 12.864206 -0.231861 13.596314
v 12.864206 16.465769 13.596314
v 12.909216 -0.231861 13.609968
v 12.909216 16.465769 13.609968
v 12.950697 -0.231861 13.632140
v 12.950697 16.465769 13.632140
v 12.987056 -0.231861 13.661979
v 12.987056 16.465769 13.661979
v 13.016894 -0.231861 13.698338
v 13.016894 16.465769 13.698338
v 13.039066 -0.231861 13.739819
v 13.039066 16.465769 13.739819
v 13.052720 -0.231861 13.784828
v 13.052720 16.465769 13.784828
v 13.057330 -0.231861 13.831636
v 13.057330 16.465769 13.831636
v 13.052720 -0.231861 13.878445
v 13.052720 16.465769 13.878445
v 13.039066 -0.231861 13.923454
v 13.039066 16.465769 13.923454
v 13.016894 -0.231861 13.964935
v 13.016894 16.465769 13.964935
v 12.987056 -0.231861 14.001294
v 12.987056 16.465769 14.001294
v 12.950697 -0.231861 14.031133
v 12.950697 16.465769 14.031133
v 12.909216 -0.231861 14.053305
v 12.909216 16.465769 14.053305
v 12.864206 -0.231861 14.066958
v 12.864206 16.465769 14.066958
v 12.817398 -0.231861 14.071568
v 12.817398 16.465769 14.071568
v 12.770590 -0.231861 14.066958
v 12.770590 16.465769 14.066958
v 12.725580 -0.231861 14.053305
v 12.725580 16.465769 14.053305
v 12.684099 -0.231861 14.031133
v 12.684099 16.465769 14.031133
v 12.647740 -0.231861 14.001294
v 12.647740 16.465769 14.001294
v 12.617902 -0.231861 13.964935
v 12.617902 16.465769 13.964935
v 12.595730 -0.231861 13.923454
v 12.595730 16.465769 13.923454
v 12.582076 -0.231861 13.878445
v 12.582076 16.465769 13.878445
v 12.577466 -0.231861 13.831636
v 12.577466 16.465769 13.831636
v 12.582076 -0.231861 13.784828
v 12.582076 16.465769 13.784828
v 12.595730 -0.231861 13.739819
v 12.595730 16.465769 13.739819
v 12.617902 -0.231861 13.698338
v 12.617902 16.465769 13.698338
v 12.647740 -0.231861 13.661979
v 12.647740 16.465769 13.661979
v 12.684099 -0.231861 13.632140
v 12.684099 16.465769 13.632140
v 12.725580 -0.231861 13.609968
v 12.725580 16.465769 13.609968
v 12.770590 -0.231861 13.596314
v 12.770590 16.465769 13.596314
vn 0.0980 -0.0000 -0.9952
vn 0.2903 -0.0000 -0.9569
vn 0.4714 -0.0000 -0.8819
vn 0.6344 -0.0000 -0.7730
vn 0.7730 -0.0000 -0.6344
vn 0.8819 -0.0000 -0.4714
vn 0.9569 -0.0000 -0.2903
vn 0.9952 -0.0000 -0.0980
vn 0.9952 -0.0000 0.0980
vn 0.9569 -0.0000 0.2903
vn 0.8819 -0.0000 0.4714
vn 0.7730 -0.0000 0.6344
vn 0.6344 -0.0000 0.7730
vn 0.4714 -0.0000 0.8819
vn 0.2903 -0.0000 0.9569
vn 0.0980 -0.0000 0.9952
vn -0.0980 -0.0000 0.9952
vn -0.2903 -0.0000 0.9569
vn -0.4714 -0.0000 0.8819
vn -0.6344 -0.0000 0.7730
vn -0.7730 -0.0000 0.6344
vn -0.8819 -0.0000 0.4714
vn -0.9569 -0.0000 0.2903
vn -0.9952 -0.0000 0.0980
vn -0.9952 -0.0000 -0.0980
vn -0.9569 -0.0000 -0.2903
vn -0.8819 -0.0000 -0.4714
vn -0.7730 -0.0000 -0.6344
vn -0.6344 -0.0000 -0.7730
vn -0.4714 -0.0000 -0.8819
vn -0.0000 1.0000 -0.0000
vn -0.2903 -0.0000 -0.9569
vn -0.0980 -0.0000 -0.9952
vn -0.0000 -1.0000 -0.0000
vt 1.000000 0.500000
vt 1.000000 1.000000
vt 0.968750 1.000000
vt 0.968750 0.500000
vt 0.937500 1.000000
vt 0.937500 0.500000
vt 0.906250 1.000000
vt 0.906250 0.500000
vt 0.875000 1.000000
vt 0.875000 0.500000
vt 0.843750 1.000000
vt 0.843750 0.500000
vt 0.812500 1.000000
vt 0.812500 0.500000
vt 0.781250 1.000000
vt 0.781250 0.500000
vt 0.750000 1.000000
vt 0.750000 0.500000
vt 0.718750 1.000000
vt 0.718750 0.500000
vt 0.687500 1.000000
vt 0.687500 0.500000
vt 0.656250 1.000000
vt 0.656250 0.500000
vt 0.625000 1.000000
vt 0.625000 0.500000
vt 0.593750 1.000000
vt 0.593750 0.500000
vt 0.562500 1.000000
vt 0.562500 0.500000
vt 0.531250 1.000000
vt 0.531250 0.500000
vt 0.500000 1.000000
vt 0.500000 0.500000
vt 0.468750 1.000000
vt 0.468750 0.500000
vt 0.437500 1.000000
vt 0.437500 0.500000
vt 0.406250 1.000000
vt 0.406250 0.500000
vt 0.375000 1.000000
vt 0.375000 0.500000
vt 0.343750 1.000000
vt 0.343750 0.500000
vt 0.312500 1.000000
vt 0.312500 0.500000
vt 0.281250 1.000000
vt 0.281250 0.500000
vt 0.250000 1.000000
vt 0.250000 0.500000
vt 0.218750 1.000000
vt 0.218750 0.500000
vt 0.187500 1.000000
vt 0.187500 0.500000
vt 0.156250 1.000000
vt 0.156250 0.500000
vt 0.125000 1.000000
vt 0.125000 0.500000
vt 0.093750 1.000000
vt 0.093750 0.500000
vt 0.062500 1.000000
vt 0.062500 0.500000
vt 0.296822 0.485388
vt 0.250000 0.490000
vt 0.203178 0.485388
vt 0.158156 0.471731
vt 0.116663 0.449553
vt 0.080294 0.419706
vt 0.050447 0.383337
vt 0.028269 0.341844
vt 0.014612 0.296822
vt 0.010000 0.250000
vt 0.014612 0.203178
vt 0.028269 0.158156
vt 0.050447 0.116663
vt 0.080294 0.080294
vt 0.116663 0.050447
vt 0.158156 0.028269
vt 0.203178 0.014612
vt 0.250000 0.010000
vt 0.296822 0.014612
vt 0.341844 0.028269
vt 0.383337 0.050447
vt 0.419706 0.080294
vt 0.449553 0.116663
vt 0.471731 0.158156
vt 0.485388 0.203178
vt 0.490000 0.250000
vt 0.485388 0.296822
vt 0.471731 0.341844
vt 0.449553 0.383337
vt 0.419706 0.419706
vt 0.383337 0.449553
vt 0.341844 0.471731
vt 0.031250 1.000000
vt 0.031250 0.500000
vt 0.000000 1.000000
vt 0.000000 0.500000
vt 0.750000 0.490000
vt 0.796822 0.485388
vt 0.841844 0.471731
vt 0.883337 0.449553
vt 0.919706 0.419706
vt 0.949553 0.383337
vt 0.971731 0.341844
vt 0.985388 0.296822
vt 0.990000 0.250000
vt 0.985388 0.203178
vt 0.971731 0.158156
vt 0.949553 0.116663
vt 0.919706 0.080294
vt 0.883337 0.050447
vt 0.841844 0.028269
vt 0.796822 0.014612
vt 0.750000 0.010000
vt 0.703178 0.014612
vt 0.658156 0.028269
vt 0.616663 0.050447
vt 0.580294 0.080294
vt 0.550447 0.116663
vt 0.528269 0.158156
vt 0.514612 0.203178
vt 0.510000 0.250000
vt 0.514612 0.296822
vt 0.528269 0.341844
vt 0.550447 0.383337
vt 0.580294 0.419706
vt 0.616663 0.449553
vt 0.658156 0.471731
vt 0.703178 0.485388
s 0
f 4210/6132/1253 4211/6133/1253 4213/6134/1253 4212/6135/1253
f 4212/6135/1254 4213/6134/1254 4215/6136/1254 4214/6137/1254
f 4214/6137/1255 4215/6136/1255 4217/6138/1255 4216/6139/1255
f 4216/6139/1256 4217/6138/1256 4219/6140/1256 4218/6141/1256
f 4218/6141/1257 4219/6140/1257 4221/6142/1257 4220/6143/1257
f 4220/6143/1258 4221/6142/1258 4223/6144/1258 4222/6145/1258
f 4222/6145/1259 4223/6144/1259 4225/6146/1259 4224/6147/1259
f 4224/6147/1260 4225/6146/1260 4227/6148/1260 4226/6149/1260
f 4226/6149/1261 4227/6148/1261 4229/6150/1261 4228/6151/1261
f 4228/6151/1262 4229/6150/1262 4231/6152/1262 4230/6153/1262
f 4230/6153/1263 4231/6152/1263 4233/6154/1263 4232/6155/1263
f 4232/6155/1264 4233/6154/1264 4235/6156/1264 4234/6157/1264
f 4234/6157/1265 4235/6156/1265 4237/6158/1265 4236/6159/1265
f 4236/6159/1266 4237/6158/1266 4239/6160/1266 4238/6161/1266
f 4238/6161/1267 4239/6160/1267 4241/6162/1267 4240/6163/1267
f 4240/6163/1268 4241/6162/1268 4243/6164/1268 4242/6165/1268
f 4242/6165/1269 4243/6164/1269 4245/6166/1269 4244/6167/1269
f 4244/6167/1270 4245/6166/1270 4247/6168/1270 4246/6169/1270
f 4246/6169/1271 4247/6168/1271 4249/6170/1271 4248/6171/1271
f 4248/6171/1272 4249/6170/1272 4251/6172/1272 4250/6173/1272
f 4250/6173/1273 4251/6172/1273 4253/6174/1273 4252/6175/1273
f 4252/6175/1274 4253/6174/1274 4255/6176/1274 4254/6177/1274
f 4254/6177/1275 4255/6176/1275 4257/6178/1275 4256/6179/1275
f 4256/6179/1276 4257/6178/1276 4259/6180/1276 4258/6181/1276
f 4258/6181/1277 4259/6180/1277 4261/6182/1277 4260/6183/1277
f 4260/6183/1278 4261/6182/1278 4263/6184/1278 4262/6185/1278
f 4262/6185/1279 4263/6184/1279 4265/6186/1279 4264/6187/1279
f 4264/6187/1280 4265/6186/1280 4267/6188/1280 4266/6189/1280
f 4266/6189/1281 4267/6188/1281 4269/6190/1281 4268/6191/1281
f 4268/6191/1282 4269/6190/1282 4271/6192/1282 4270/6193/1282
f 4213/6194/1283 4211/6195/1283 4273/6196/1283 4271/6197/1283 4269/6198/1283 4267/6199/1283 4265/6200/1283 4263/6201/1283 4261/6202/1283 4259/6203/1283 4257/6204/1283 4255/6205/1283 4253/6206/1283 4251/6207/1283 4249/6208/1283 4247/6209/1283 4245/6210/1283 4243/6211/1283 4241/6212/1283 4239/6213/1283 4237/6214/1283 4235/6215/1283 4233/6216/1283 4231/6217/1283 4229/6218/1283 4227/6219/1283 4225/6220/1283 4223/6221/1283 4221/6222/1283 4219/6223/1283 4217/6224/1283 4215/6225/1283
f 4270/6193/1284 4271/6192/1284 4273/6226/1284 4272/6227/1284
f 4272/6227/1285 4273/6226/1285 4211/6228/1285 4210/6229/1285
f 4210/6230/1286 4212/6231/1286 4214/6232/1286 4216/6233/1286 4218/6234/1286 4220/6235/1286 4222/6236/1286 4224/6237/1286 4226/6238/1286 4228/6239/1286 4230/6240/1286 4232/6241/1286 4234/6242/1286 4236/6243/1286 4238/6244/1286 4240/6245/1286 4242/6246/1286 4244/6247/1286 4246/6248/1286 4248/6249/1286 4250/6250/1286 4252/6251/1286 4254/6252/1286 4256/6253/1286 4258/6254/1286 4260/6255/1286 4262/6256/1286 4264/6257/1286 4266/6258/1286 4268/6259/1286 4270/6260/1286 4272/6261/1286
o Cylinder.037
v -13.060215 -0.231861 7.062733
v -13.060215 16.465769 7.062733
v -13.013407 -0.231861 7.067343
v -13.013407 16.465769 7.067343
v -12.968397 -0.231861 7.080996
v -12.968397 16.465769 7.080996
v -12.926916 -0.231861 7.103168
v -12.926916 16.465769 7.103168
v -12.890557 -0.231861 7.133007
v -12.890557 16.465769 7.133007
v -12.860719 -0.231861 7.169365
v -12.860719 16.465769 7.169365
v -12.838547 -0.231861 7.210846
v -12.838547 16.465769 7.210846
v -12.824893 -0.231861 7.255857
v -12.824893 16.465769 7.255857
v -12.820283 -0.231861 7.302665
v -12.820283 16.465769 7.302665
v -12.824893 -0.231861 7.349473
v -12.824893 16.465769 7.349473
v -12.838547 -0.231861 7.394483
v -12.838547 16.465769 7.394483
v -12.860719 -0.231861 7.435964
v -12.860719 16.465769 7.435964
v -12.890557 -0.231861 7.472322
v -12.890557 16.465769 7.472322
v -12.926916 -0.231861 7.502161
v -12.926916 16.465769 7.502161
v -12.968397 -0.231861 7.524333
v -12.968397 16.465769 7.524333
v -13.013407 -0.231861 7.537987
v -13.013407 16.465769 7.537987
v -13.060215 -0.231861 7.542597
v -13.060215 16.465769 7.542597
v -13.107023 -0.231861 7.537987
v -13.107023 16.465769 7.537987
v -13.152033 -0.231861 7.524333
v -13.152033 16.465769 7.524333
v -13.193514 -0.231861 7.502161
v -13.193514 16.465769 7.502161
v -13.229873 -0.231861 7.472322
v -13.229873 16.465769 7.472322
v -13.259711 -0.231861 7.435964
v -13.259711 16.465769 7.435964
v -13.281883 -0.231861 7.394483
v -13.281883 16.465769 7.394483
v -13.295537 -0.231861 7.349473
v -13.295537 16.465769 7.349473
v -13.300147 -0.231861 7.302665
v -13.300147 16.465769 7.302665
v -13.295537 -0.231861 7.255857
v -13.295537 16.465769 7.255857
v -13.281883 -0.231861 7.210846
v -13.281883 16.465769 7.210846
v -13.259711 -0.231861 7.169365
v -13.259711 16.465769 7.169365
v -13.229873 -0.231861 7.133007
v -13.229873 16.465769 7.133007
v -13.193514 -0.231861 7.103168
v -13.193514 16.465769 7.103168
v -13.152033 -0.231861 7.080996
v -13.152033 16.465769 7.080996
v -13.107023 -0.231861 7.067343
v -13.107023 16.465769 7.067343
vn 0.0980 -0.0000 -0.9952
vn 0.2903 -0.0000 -0.9569
vn 0.4714 -0.0000 -0.8819
vn 0.6344 -0.0000 -0.7730
vn 0.7730 -0.0000 -0.6344
vn 0.8819 -0.0000 -0.4714
vn 0.9569 -0.0000 -0.2903
vn 0.9952 -0.0000 -0.0980
vn 0.9952 -0.0000 0.0980
vn 0.9569 -0.0000 0.2903
vn 0.8819 -0.0000 0.4714
vn 0.7730 -0.0000 0.6344
vn 0.6344 -0.0000 0.7730
vn 0.4714 -0.0000 0.8819
vn 0.2903 -0.0000 0.9569
vn 0.0980 -0.0000 0.9952
vn -0.0980 -0.0000 0.9952
vn -0.2903 -0.0000 0.9569
vn -0.4714 -0.0000 0.8819
vn -0.6344 -0.0000 0.7730
vn -0.7730 -0.0000 0.6344
vn -0.8819 -0.0000 0.4714
vn -0.9569 -0.0000 0.2903
vn -0.9952 -0.0000 0.0980
vn -0.9952 -0.0000 -0.0980
vn -0.9569 -0.0000 -0.2903
vn -0.8819 -0.0000 -0.4714
vn -0.7730 -0.0000 -0.6344
vn -0.6344 -0.0000 -0.7730
vn -0.4714 -0.0000 -0.8819
vn -0.0000 1.0000 -0.0000
vn -0.2903 -0.0000 -0.9569
vn -0.0980 -0.0000 -0.9952
vn -0.0000 -1.0000 -0.0000
vt 1.000000 0.500000
vt 1.000000 1.000000
vt 0.968750 1.000000
vt 0.968750 0.500000
vt 0.937500 1.000000
vt 0.937500 0.500000
vt 0.906250 1.000000
vt 0.906250 0.500000
vt 0.875000 1.000000
vt 0.875000 0.500000
vt 0.843750 1.000000
vt 0.843750 0.500000
vt 0.812500 1.000000
vt 0.812500 0.500000
vt 0.781250 1.000000
vt 0.781250 0.500000
vt 0.750000 1.000000
vt 0.750000 0.500000
vt 0.718750 1.000000
vt 0.718750 0.500000
vt 0.687500 1.000000
vt 0.687500 0.500000
vt 0.656250 1.000000
vt 0.656250 0.500000
vt 0.625000 1.000000
vt 0.625000 0.500000
vt 0.593750 1.000000
vt 0.593750 0.500000
vt 0.562500 1.000000
vt 0.562500 0.500000
vt 0.531250 1.000000
vt 0.531250 0.500000
vt 0.500000 1.000000
vt 0.500000 0.500000
vt 0.468750 1.000000
vt 0.468750 0.500000
vt 0.437500 1.000000
vt 0.437500 0.500000
vt 0.406250 1.000000
vt 0.406250 0.500000
vt 0.375000 1.000000
vt 0.375000 0.500000
vt 0.343750 1.000000
vt 0.343750 0.500000
vt 0.312500 1.000000
vt 0.312500 0.500000
vt 0.281250 1.000000
vt 0.281250 0.500000
vt 0.250000 1.000000
vt 0.250000 0.500000
vt 0.218750 1.000000
vt 0.218750 0.500000
vt 0.187500 1.000000
vt 0.187500 0.500000
vt 0.156250 1.000000
vt 0.156250 0.500000
vt 0.125000 1.000000
vt 0.125000 0.500000
vt 0.093750 1.000000
vt 0.093750 0.500000
vt 0.062500 1.000000
vt 0.062500 0.500000
vt 0.296822 0.485388
vt 0.250000 0.490000
vt 0.203178 0.485388
vt 0.158156 0.471731
vt 0.116663 0.449553
vt 0.080294 0.419706
vt 0.050447 0.383337
vt 0.028269 0.341844
vt 0.014612 0.296822
vt 0.010000 0.250000
vt 0.014612 0.203178
vt 0.028269 0.158156
vt 0.050447 0.116663
vt 0.080294 0.080294
vt 0.116663 0.050447
vt 0.158156 0.028269
vt 0.203178 0.014612
vt 0.250000 0.010000
vt 0.296822 0.014612
vt 0.341844 0.028269
vt 0.383337 0.050447
vt 0.419706 0.080294
vt 0.449553 0.116663
vt 0.471731 0.158156
vt 0.485388 0.203178
vt 0.490000 0.250000
vt 0.485388 0.296822
vt 0.471731 0.341844
vt 0.449553 0.383337
vt 0.419706 0.419706
vt 0.383337 0.449553
vt 0.341844 0.471731
vt 0.031250 1.000000
vt 0.031250 0.500000
vt 0.000000 1.000000
vt 0.000000 0.500000
vt 0.750000 0.490000
vt 0.796822 0.485388
vt 0.841844 0.471731
vt 0.883337 0.449553
vt 0.919706 0.419706
vt 0.949553 0.383337
vt 0.971731 0.341844
vt 0.985388 0.296822
vt 0.990000 0.250000
vt 0.985388 0.203178
vt 0.971731 0.158156
vt 0.949553 0.116663
vt 0.919706 0.080294
vt 0.883337 0.050447
vt 0.841844 0.028269
vt 0.796822 0.014612
vt 0.750000 0.010000
vt 0.703178 0.014612
vt 0.658156 0.028269
vt 0.616663 0.050447
vt 0.580294 0.080294
vt 0.550447 0.116663
vt 0.528269 0.158156
vt 0.514612 0.203178
vt 0.510000 0.250000
vt 0.514612 0.296822
vt 0.528269 0.341844
vt 0.550447 0.383337
vt 0.580294 0.419706
vt 0.616663 0.449553
vt 0.658156 0.471731
vt 0.703178 0.485388
s 0
f 4274/6262/1287 4275/6263/1287 4277/6264/1287 4276/6265/1287
f 4276/6265/1288 4277/6264/1288 4279/6266/1288 4278/6267/1288
f 4278/6267/1289 4279/6266/1289 4281/6268/1289 4280/6269/1289
f 4280/6269/1290 4281/6268/1290 4283/6270/1290 4282/6271/1290
f 4282/6271/1291 4283/6270/1291 4285/6272/1291 4284/6273/1291
f 4284/6273/1292 4285/6272/1292 4287/6274/1292 4286/6275/1292
f 4286/6275/1293 4287/6274/1293 4289/6276/1293 4288/6277/1293
f 4288/6277/1294 4289/6276/1294 4291/6278/1294 4290/6279/1294
f 4290/6279/1295 4291/6278/1295 4293/6280/1295 4292/6281/1295
f 4292/6281/1296 4293/6280/1296 4295/6282/1296 4294/6283/1296
f 4294/6283/1297 4295/6282/1297 4297/6284/1297 4296/6285/1297
f 4296/6285/1298 4297/6284/1298 4299/6286/1298 4298/6287/1298
f 4298/6287/1299 4299/6286/1299 4301/6288/1299 4300/6289/1299
f 4300/6289/1300 4301/6288/1300 4303/6290/1300 4302/6291/1300
f 4302/6291/1301 4303/6290/1301 4305/6292/1301 4304/6293/1301
f 4304/6293/1302 4305/6292/1302 4307/6294/1302 4306/6295/1302
f 4306/6295/1303 4307/6294/1303 4309/6296/1303 4308/6297/1303
f 4308/6297/1304 4309/6296/1304 4311/6298/1304 4310/6299/1304
f 4310/6299/1305 4311/6298/1305 4313/6300/1305 4312/6301/1305
f 4312/6301/1306 4313/6300/1306 4315/6302/1306 4314/6303/1306
f 4314/6303/1307 4315/6302/1307 4317/6304/1307 4316/6305/1307
f 4316/6305/1308 4317/6304/1308 4319/6306/1308 4318/6307/1308
f 4318/6307/1309 4319/6306/1309 4321/6308/1309 4320/6309/1309
f 4320/6309/1310 4321/6308/1310 4323/6310/1310 4322/6311/1310
f 4322/6311/1311 4323/6310/1311 4325/6312/1311 4324/6313/1311
f 4324/6313/1312 4325/6312/1312 4327/6314/1312 4326/6315/1312
f 4326/6315/1313 4327/6314/1313 4329/6316/1313 4328/6317/1313
f 4328/6317/1314 4329/6316/1314 4331/6318/1314 4330/6319/1314
f 4330/6319/1315 4331/6318/1315 4333/6320/1315 4332/6321/1315
f 4332/6321/1316 4333/6320/1316 4335/6322/1316 4334/6323/1316
f 4277/6324/1317 4275/6325/1317 4337/6326/1317 4335/6327/1317 4333/6328/1317 4331/6329/1317 4329/6330/1317 4327/6331/1317 4325/6332/1317 4323/6333/1317 4321/6334/1317 4319/6335/1317 4317/6336/1317 4315/6337/1317 4313/6338/1317 4311/6339/1317 4309/6340/1317 4307/6341/1317 4305/6342/1317 4303/6343/1317 4301/6344/1317 4299/6345/1317 4297/6346/1317 4295/6347/1317 4293/6348/1317 4291/6349/1317 4289/6350/1317 4287/6351/1317 4285/6352/1317 4283/6353/1317 4281/6354/1317 4279/6355/1317
f 4334/6323/1318 4335/6322/1318 4337/6356/1318 4336/6357/1318
f 4336/6357/1319 4337/6356/1319 4275/6358/1319 4274/6359/1319
f 4274/6360/1320 4276/6361/1320 4278/6362/1320 4280/6363/1320 4282/6364/1320 4284/6365/1320 4286/6366/1320 4288/6367/1320 4290/6368/1320 4292/6369/1320 4294/6370/1320 4296/6371/1320 4298/6372/1320 4300/6373/1320 4302/6374/1320 4304/6375/1320 4306/6376/1320 4308/6377/1320 4310/6378/1320 4312/6379/1320 4314/6380/1320 4316/6381/1320 4318/6382/1320 4320/6383/1320 4322/6384/1320 4324/6385/1320 4326/6386/1320 4328/6387/1320 4330/6388/1320 4332/6389/1320 4334/6390/1320 4336/6391/1320
o Cylinder.038
v -13.060215 -0.231861 5.952074
v -13.060215 16.465769 5.952074
v -13.013407 -0.231861 5.956684
v -13.013407 16.465769 5.956684
v -12.968397 -0.231861 5.970337
v -12.968397 16.465769 5.970337
v -12.926916 -0.231861 5.992510
v -12.926916 16.465769 5.992510
v -12.890557 -0.231861 6.022348
v -12.890557 16.465769 6.022348
v -12.860719 -0.231861 6.058707
v -12.860719 16.465769 6.058707
v -12.838547 -0.231861 6.100188
v -12.838547 16.465769 6.100188
v -12.824893 -0.231861 6.145198
v -12.824893 16.465769 6.145198
v -12.820283 -0.231861 6.192006
v -12.820283 16.465769 6.192006
v -12.824893 -0.231861 6.238814
v -12.824893 16.465769 6.238814
v -12.838547 -0.231861 6.283824
v -12.838547 16.465769 6.283824
v -12.860719 -0.231861 6.325305
v -12.860719 16.465769 6.325305
v -12.890557 -0.231861 6.361664
v -12.890557 16.465769 6.361664
v -12.926916 -0.231861 6.391502
v -12.926916 16.465769 6.391502
v -12.968397 -0.231861 6.413675
v -12.968397 16.465769 6.413675
v -13.013407 -0.231861 6.427328
v -13.013407 16.465769 6.427328
v -13.060215 -0.231861 6.431938
v -13.060215 16.465769 6.431938
v -13.107023 -0.231861 6.427328
v -13.107023 16.465769 6.427328
v -13.152033 -0.231861 6.413675
v -13.152033 16.465769 6.413675
v -13.193514 -0.231861 6.391502
v -13.193514 16.465769 6.391502
v -13.229873 -0.231861 6.361664
v -13.229873 16.465769 6.361664
v -13.259711 -0.231861 6.325305
v -13.259711 16.465769 6.325305
v -13.281883 -0.231861 6.283824
v -13.281883 16.465769 6.283824
v -13.295537 -0.231861 6.238814
v -13.295537 16.465769 6.238814
v -13.300147 -0.231861 6.192006
v -13.300147 16.465769 6.192006
v -13.295537 -0.231861 6.145198
v -13.295537 16.465769 6.145198
v -13.281883 -0.231861 6.100188
v -13.281883 16.465769 6.100188
v -13.259711 -0.231861 6.058707
v -13.259711 16.465769 6.058707
v -13.229873 -0.231861 6.022348
v -13.229873 16.465769 6.022348
v -13.193514 -0.231861 5.992510
v -13.193514 16.465769 5.992510
v -13.152033 -0.231861 5.970337
v -13.152033 16.465769 5.970337
v -13.107023 -0.231861 5.956684
v -13.107023 16.465769 5.956684
vn 0.0980 -0.0000 -0.9952
vn 0.2903 -0.0000 -0.9569
vn 0.4714 -0.0000 -0.8819
vn 0.6344 -0.0000 -0.7730
vn 0.7730 -0.0000 -0.6344
vn 0.8819 -0.0000 -0.4714
vn 0.9569 -0.0000 -0.2903
vn 0.9952 -0.0000 -0.0980
vn 0.9952 -0.0000 0.0980
vn 0.9569 -0.0000 0.2903
vn 0.8819 -0.0000 0.4714
vn 0.7730 -0.0000 0.6344
vn 0.6344 -0.0000 0.7730
vn 0.4714 -0.0000 0.8819
vn 0.2903 -0.0000 0.9569
vn 0.0980 -0.0000 0.9952
vn -0.0980 -0.0000 0.9952
vn -0.2903 -0.0000 0.9569
vn -0.4714 -0.0000 0.8819
vn -0.6344 -0.0000 0.7730
vn -0.7730 -0.0000 0.6344
vn -0.8819 -0.0000 0.4714
vn -0.9569 -0.0000 0.2903
vn -0.9952 -0.0000 0.0980
vn -0.9952 -0.0000 -0.0980
vn -0.9569 -0.0000 -0.2903
vn -0.8819 -0.0000 -0.4714
vn -0.7730 -0.0000 -0.6344
vn -0.6344 -0.0000 -0.7730
vn -0.4714 -0.0000 -0.8819
vn -0.0000 1.0000 -0.0000
vn -0.2903 -0.0000 -0.9569
vn -0.0980 -0.0000 -0.9952
vn -0.0000 -1.0000 -0.0000
vt 1.000000 0.500000
vt 1.000000 1.000000
vt 0.968750 1.000000
vt 0.968750 0.500000
vt 0.937500 1.000000
vt 0.937500 0.500000
vt 0.906250 1.000000
vt 0.906250 0.500000
vt 0.875000 1.000000
vt 0.875000 0.500000
vt 0.843750 1.000000
vt 0.843750 0.500000
vt 0.812500 1.000000
vt 0.812500 0.500000
vt 0.781250 1.000000
vt 0.781250 0.500000
vt 0.750000 1.000000
vt 0.750000 0.500000
vt 0.718750 1.000000
vt 0.718750 0.500000
vt 0.687500 1.000000
vt 0.687500 0.500000
vt 0.656250 1.000000
vt 0.656250 0.500000
vt 0.625000 1.000000
vt 0.625000 0.500000
vt 0.593750 1.000000
vt 0.593750 0.500000
vt 0.562500 1.000000
vt 0.562500 0.500000
vt 0.531250 1.000000
vt 0.531250 0.500000
vt 0.500000 1.000000
vt 0.500000 0.500000
vt 0.468750 1.000000
vt 0.468750 0.500000
vt 0.437500 1.000000
vt 0.437500 0.500000
vt 0.406250 1.000000
vt 0.406250 0.500000
vt 0.375000 1.000000
vt 0.375000 0.500000
vt 0.343750 1.000000
vt 0.343750 0.500000
vt 0.312500 1.000000
vt 0.312500 0.500000
vt 0.281250 1.000000
vt 0.281250 0.500000
vt 0.250000 1.000000
vt 0.250000 0.500000
vt 0.218750 1.000000
vt 0.218750 0.500000
vt 0.187500 1.000000
vt 0.187500 0.500000
vt 0.156250 1.000000
vt 0.156250 0.500000
vt 0.125000 1.000000
vt 0.125000 0.500000
vt 0.093750 1.000000
vt 0.093750 0.500000
vt 0.062500 1.000000
vt 0.062500 0.500000
vt 0.296822 0.485388
vt 0.250000 0.490000
vt 0.203178 0.485388
vt 0.158156 0.471731
vt 0.116663 0.449553
vt 0.080294 0.419706
vt 0.050447 0.383337
vt 0.028269 0.341844
vt 0.014612 0.296822
vt 0.010000 0.250000
vt 0.014612 0.203178
vt 0.028269 0.158156
vt 0.050447 0.116663
vt 0.080294 0.080294
vt 0.116663 0.050447
vt 0.158156 0.028269
vt 0.203178 0.014612
vt 0.250000 0.010000
vt 0.296822 0.014612
vt 0.341844 0.028269
vt 0.383337 0.050447
vt 0.419706 0.080294
vt 0.449553 0.116663
vt 0.471731 0.158156
vt 0.485388 0.203178
vt 0.490000 0.250000
vt 0.485388 0.296822
vt 0.471731 0.341844
vt 0.449553 0.383337
vt 0.419706 0.419706
vt 0.383337 0.449553
vt 0.341844 0.471731
vt 0.031250 1.000000
vt 0.031250 0.500000
vt 0.000000 1.000000
vt 0.000000 0.500000
vt 0.750000 0.490000
vt 0.796822 0.485388
vt 0.841844 0.471731
vt 0.883337 0.449553
vt 0.919706 0.419706
vt 0.949553 0.383337
vt 0.971731 0.341844
vt 0.985388 0.296822
vt 0.990000 0.250000
vt 0.985388 0.203178
vt 0.971731 0.158156
vt 0.949553 0.116663
vt 0.919706 0.080294
vt 0.883337 0.050447
vt 0.841844 0.028269
vt 0.796822 0.014612
vt 0.750000 0.010000
vt 0.703178 0.014612
vt 0.658156 0.028269
vt 0.616663 0.050447
vt 0.580294 0.080294
vt 0.550447 0.116663
vt 0.528269 0.158156
vt 0.514612 0.203178
vt 0.510000 0.250000
vt 0.514612 0.296822
vt 0.528269 0.341844
vt 0.550447 0.383337
vt 0.580294 0.419706
vt 0.616663 0.449553
vt 0.658156 0.471731
vt 0.703178 0.485388
s 0
f 4338/6392/1321 4339/6393/1321 4341/6394/1321 4340/6395/1321
f 4340/6395/1322 4341/6394/1322 4343/6396/1322 4342/6397/1322
f 4342/6397/1323 4343/6396/1323 4345/6398/1323 4344/6399/1323
f 4344/6399/1324 4345/6398/1324 4347/6400/1324 4346/6401/1324
f 4346/6401/1325 4347/6400/1325 4349/6402/1325 4348/6403/1325
f 4348/6403/1326 4349/6402/1326 4351/6404/1326 4350/6405/1326
f 4350/6405/1327 4351/6404/1327 4353/6406/1327 4352/6407/1327
f 4352/6407/1328 4353/6406/1328 4355/6408/1328 4354/6409/1328
f 4354/6409/1329 4355/6408/1329 4357/6410/1329 4356/6411/1329
f 4356/6411/1330 4357/6410/1330 4359/6412/1330 4358/6413/1330
f 4358/6413/1331 4359/6412/1331 4361/6414/1331 4360/6415/1331
f 4360/6415/1332 4361/6414/1332 4363/6416/1332 4362/6417/1332
f 4362/6417/1333 4363/6416/1333 4365/6418/1333 4364/6419/1333
f 4364/6419/1334 4365/6418/1334 4367/6420/1334 4366/6421/1334
f 4366/6421/1335 4367/6420/1335 4369/6422/1335 4368/6423/1335
f 4368/6423/1336 4369/6422/1336 4371/6424/1336 4370/6425/1336
f 4370/6425/1337 4371/6424/1337 4373/6426/1337 4372/6427/1337
f 4372/6427/1338 4373/6426/1338 4375/6428/1338 4374/6429/1338
f 4374/6429/1339 4375/6428/1339 4377/6430/1339 4376/6431/1339
f 4376/6431/1340 4377/6430/1340 4379/6432/1340 4378/6433/1340
f 4378/6433/1341 4379/6432/1341 4381/6434/1341 4380/6435/1341
f 4380/6435/1342 4381/6434/1342 4383/6436/1342 4382/6437/1342
f 4382/6437/1343 4383/6436/1343 4385/6438/1343 4384/6439/1343
f 4384/6439/1344 4385/6438/1344 4387/6440/1344 4386/6441/1344
f 4386/6441/1345 4387/6440/1345 4389/6442/1345 4388/6443/1345
f 4388/6443/1346 4389/6442/1346 4391/6444/1346 4390/6445/1346
f 4390/6445/1347 4391/6444/1347 4393/6446/1347 4392/6447/1347
f 4392/6447/1348 4393/6446/1348 4395/6448/1348 4394/6449/1348
f 4394/6449/1349 4395/6448/1349 4397/6450/1349 4396/6451/1349
f 4396/6451/1350 4397/6450/1350 4399/6452/1350 4398/6453/1350
f 4341/6454/1351 4339/6455/1351 4401/6456/1351 4399/6457/1351 4397/6458/1351 4395/6459/1351 4393/6460/1351 4391/6461/1351 4389/6462/1351 4387/6463/1351 4385/6464/1351 4383/6465/1351 4381/6466/1351 4379/6467/1351 4377/6468/1351 4375/6469/1351 4373/6470/1351 4371/6471/1351 4369/6472/1351 4367/6473/1351 4365/6474/1351 4363/6475/1351 4361/6476/1351 4359/6477/1351 4357/6478/1351 4355/6479/1351 4353/6480/1351 4351/6481/1351 4349/6482/1351 4347/6483/1351 4345/6484/1351 4343/6485/1351
f 4398/6453/1352 4399/6452/1352 4401/6486/1352 4400/6487/1352
f 4400/6487/1353 4401/6486/1353 4339/6488/1353 4338/6489/1353
f 4338/6490/1354 4340/6491/1354 4342/6492/1354 4344/6493/1354 4346/6494/1354 4348/6495/1354 4350/6496/1354 4352/6497/1354 4354/6498/1354 4356/6499/1354 4358/6500/1354 4360/6501/1354 4362/6502/1354 4364/6503/1354 4366/6504/1354 4368/6505/1354 4370/6506/1354 4372/6507/1354 4374/6508/1354 4376/6509/1354 4378/6510/1354 4380/6511/1354 4382/6512/1354 4384/6513/1354 4386/6514/1354 4388/6515/1354 4390/6516/1354 4392/6517/1354 4394/6518/1354 4396/6519/1354 4398/6520/1354 4400/6521/1354
o Cylinder.039
v -13.060215 -0.231861 4.827753
v -13.060215 16.465769 4.827753
v -13.013407 -0.231861 4.832363
v -13.013407 16.465769 4.832363
v -12.968397 -0.231861 4.846016
v -12.968397 16.465769 4.846016
v -12.926916 -0.231861 4.868189
v -12.926916 16.465769 4.868189
v -12.890557 -0.231861 4.898027
v -12.890557 16.465769 4.898027
v -12.860719 -0.231861 4.934386
v -12.860719 16.465769 4.934386
v -12.838547 -0.231861 4.975867
v -12.838547 16.465769 4.975867
v -12.824893 -0.231861 5.020877
v -12.824893 16.465769 5.020877
v -12.820283 -0.231861 5.067685
v -12.820283 16.465769 5.067685
v -12.824893 -0.231861 5.114493
v -12.824893 16.465769 5.114493
v -12.838547 -0.231861 5.159503
v -12.838547 16.465769 5.159503
v -12.860719 -0.231861 5.200984
v -12.860719 16.465769 5.200984
v -12.890557 -0.231861 5.237343
v -12.890557 16.465769 5.237343
v -12.926916 -0.231861 5.267181
v -12.926916 16.465769 5.267181
v -12.968397 -0.231861 5.289354
v -12.968397 16.465769 5.289354
v -13.013407 -0.231861 5.303007
v -13.013407 16.465769 5.303007
v -13.060215 -0.231861 5.307617
v -13.060215 16.465769 5.307617
v -13.107023 -0.231861 5.303007
v -13.107023 16.465769 5.303007
v -13.152033 -0.231861 5.289354
v -13.152033 16.465769 5.289354
v -13.193514 -0.231861 5.267181
v -13.193514 16.465769 5.267181
v -13.229873 -0.231861 5.237343
v -13.229873 16.465769 5.237343
v -13.259711 -0.231861 5.200984
v -13.259711 16.465769 5.200984
v -13.281883 -0.231861 5.159503
v -13.281883 16.465769 5.159503
v -13.295537 -0.231861 5.114493
v -13.295537 16.465769 5.114493
v -13.300147 -0.231861 5.067685
v -13.300147 16.465769 5.067685
v -13.295537 -0.231861 5.020877
v -13.295537 16.465769 5.020877
v -13.281883 -0.231861 4.975867
v -13.281883 16.465769 4.975867
v -13.259711 -0.231861 4.934386
v -13.259711 16.465769 4.934386
v -13.229873 -0.231861 4.898027
v -13.229873 16.465769 4.898027
v -13.193514 -0.231861 4.868189
v -13.193514 16.465769 4.868189
v -13.152033 -0.231861 4.846016
v -13.152033 16.465769 4.846016
v -13.107023 -0.231861 4.832363
v -13.107023 16.465769 4.832363
vn 0.0980 -0.0000 -0.9952
vn 0.2903 -0.0000 -0.9569
vn 0.4714 -0.0000 -0.8819
vn 0.6344 -0.0000 -0.7730
vn 0.7730 -0.0000 -0.6344
vn 0.8819 -0.0000 -0.4714
vn 0.9569 -0.0000 -0.2903
vn 0.9952 -0.0000 -0.0980
vn 0.9952 -0.0000 0.0980
vn 0.9569 -0.0000 0.2903
vn 0.8819 -0.0000 0.4714
vn 0.7730 -0.0000 0.6344
vn 0.6344 -0.0000 0.7730
vn 0.4714 -0.0000 0.8819
vn 0.2903 -0.0000 0.9569
vn 0.0980 -0.0000 0.9952
vn -0.0980 -0.0000 0.9952
vn -0.2903 -0.0000 0.9569
vn -0.4714 -0.0000 0.8819
vn -0.6344 -0.0000 0.7730
vn -0.7730 -0.0000 0.6344
vn -0.8819 -0.0000 0.4714
vn -0.9569 -0.0000 0.2903
vn -0.9952 -0.0000 0.0980
vn -0.9952 -0.0000 -0.0980
vn -0.9569 -0.0000 -0.2903
vn -0.8819 -0.0000 -0.4714
vn -0.7730 -0.0000 -0.6344
vn -0.6344 -0.0000 -0.7730
vn -0.4714 -0.0000 -0.8819
vn -0.0000 1.0000 -0.0000
vn -0.2903 -0.0000 -0.9569
vn -0.0980 -0.0000 -0.9952
vn -0.0000 -1.0000 -0.0000
vt 1.000000 0.500000
vt 1.000000 1.000000
vt 0.968750 1.000000
vt 0.968750 0.500000
vt 0.937500 1.000000
vt 0.937500 0.500000
vt 0.906250 1.000000
vt 0.906250 0.500000
vt 0.875000 1.000000
vt 0.875000 0.500000
vt 0.843750 1.000000
vt 0.843750 0.500000
vt 0.812500 1.000000
vt 0.812500 0.500000
vt 0.781250 1.000000
vt 0.781250 0.500000
vt 0.750000 1.000000
vt 0.750000 0.500000
vt 0.718750 1.000000
vt 0.718750 0.500000
vt 0.687500 1.000000
vt 0.687500 0.500000
vt 0.656250 1.000000
vt 0.656250 0.500000
vt 0.625000 1.000000
vt 0.625000 0.500000
vt 0.593750 1.000000
vt 0.593750 0.500000
vt 0.562500 1.000000
vt 0.562500 0.500000
vt 0.531250 1.000000
vt 0.531250 0.500000
vt 0.500000 1.000000
vt 0.500000 0.500000
vt 0.468750 1.000000
vt 0.468750 0.500000
vt 0.437500 1.000000
vt 0.437500 0.500000
vt 0.406250 1.000000
vt 0.406250 0.500000
vt 0.375000 1.000000
vt 0.375000 0.500000
vt 0.343750 1.000000
vt 0.343750 0.500000
vt 0.312500 1.000000
vt 0.312500 0.500000
vt 0.281250 1.000000
vt 0.281250 0.500000
vt 0.250000 1.000000
vt 0.250000 0.500000
vt 0.218750 1.000000
vt 0.218750 0.500000
vt 0.187500 1.000000
vt 0.187500 0.500000
vt 0.156250 1.000000
vt 0.156250 0.500000
vt 0.125000 1.000000
vt 0.125000 0.500000
vt 0.093750 1.000000
vt 0.093750 0.500000
vt 0.062500 1.000000
vt 0.062500 0.500000
vt 0.296822 0.485388
vt 0.250000 0.490000
vt 0.203178 0.485388
vt 0.158156 0.471731
vt 0.116663 0.449553
vt 0.080294 0.419706
vt 0.050447 0.383337
vt 0.028269 0.341844
vt 0.014612 0.296822
vt 0.010000 0.250000
vt 0.014612 0.203178
vt 0.028269 0.158156
vt 0.050447 0.116663
vt 0.080294 0.080294
vt 0.116663 0.050447
vt 0.158156 0.028269
vt 0.203178 0.014612
vt 0.250000 0.010000
vt 0.296822 0.014612
vt 0.341844 0.028269
vt 0.383337 0.050447
vt 0.419706 0.080294
vt 0.449553 0.116663
vt 0.471731 0.158156
vt 0.485388 0.203178
vt 0.490000 0.250000
vt 0.485388 0.296822
vt 0.471731 0.341844
vt 0.449553 0.383337
vt 0.419706 0.419706
vt 0.383337 0.449553
vt 0.341844 0.471731
vt 0.031250 1.000000
vt 0.031250 0.500000
vt 0.000000 1.000000
vt 0.000000 0.500000
vt 0.750000 0.490000
vt 0.796822 0.485388
vt 0.841844 0.471731
vt 0.883337 0.449553
vt 0.919706 0.419706
vt 0.949553 0.383337
vt 0.971731 0.341844
vt 0.985388 0.296822
vt 0.990000 0.250000
vt 0.985388 0.203178
vt 0.971731 0.158156
vt 0.949553 0.116663
vt 0.919706 0.080294
vt 0.883337 0.050447
vt 0.841844 0.028269
vt 0.796822 0.014612
vt 0.750000 0.010000
vt 0.703178 0.014612
vt 0.658156 0.028269
vt 0.616663 0.050447
vt 0.580294 0.080294
vt 0.550447 0.116663
vt 0.528269 0.158156
vt 0.514612 0.203178
vt 0.510000 0.250000
vt 0.514612 0.296822
vt 0.528269 0.341844
vt 0.550447 0.383337
vt 0.580294 0.419706
vt 0.616663 0.449553
vt 0.658156 0.471731
vt 0.703178 0.485388
s 0
f 4402/6522/1355 4403/6523/1355 4405/6524/1355 4404/6525/1355
f 4404/6525/1356 4405/6524/1356 4407/6526/1356 4406/6527/1356
f 4406/6527/1357 4407/6526/1357 4409/6528/1357 4408/6529/1357
f 4408/6529/1358 4409/6528/1358 4411/6530/1358 4410/6531/1358
f 4410/6531/1359 4411/6530/1359 4413/6532/1359 4412/6533/1359
f 4412/6533/1360 4413/6532/1360 4415/6534/1360 4414/6535/1360
f 4414/6535/1361 4415/6534/1361 4417/6536/1361 4416/6537/1361
f 4416/6537/1362 4417/6536/1362 4419/6538/1362 4418/6539/1362
f 4418/6539/1363 4419/6538/1363 4421/6540/1363 4420/6541/1363
f 4420/6541/1364 4421/6540/1364 4423/6542/1364 4422/6543/1364
f 4422/6543/1365 4423/6542/1365 4425/6544/1365 4424/6545/1365
f 4424/6545/1366 4425/6544/1366 4427/6546/1366 4426/6547/1366
f 4426/6547/1367 4427/6546/1367 4429/6548/1367 4428/6549/1367
f 4428/6549/1368 4429/6548/1368 4431/6550/1368 4430/6551/1368
f 4430/6551/1369 4431/6550/1369 4433/6552/1369 4432/6553/1369
f 4432/6553/1370 4433/6552/1370 4435/6554/1370 4434/6555/1370
f 4434/6555/1371 4435/6554/1371 4437/6556/1371 4436/6557/1371
f 4436/6557/1372 4437/6556/1372 4439/6558/1372 4438/6559/1372
f 4438/6559/1373 4439/6558/1373 4441/6560/1373 4440/6561/1373
f 4440/6561/1374 4441/6560/1374 4443/6562/1374 4442/6563/1374
f 4442/6563/1375 4443/6562/1375 4445/6564/1375 4444/6565/1375
f 4444/6565/1376 4445/6564/1376 4447/6566/1376 4446/6567/1376
f 4446/6567/1377 4447/6566/1377 4449/6568/1377 4448/6569/1377
f 4448/6569/1378 4449/6568/1378 4451/6570/1378 4450/6571/1378
f 4450/6571/1379 4451/6570/1379 4453/6572/1379 4452/6573/1379
f 4452/6573/1380 4453/6572/1380 4455/6574/1380 4454/6575/1380
f 4454/6575/1381 4455/6574/1381 4457/6576/1381 4456/6577/1381
f 4456/6577/1382 4457/6576/1382 4459/6578/1382 4458/6579/1382
f 4458/6579/1383 4459/6578/1383 4461/6580/1383 4460/6581/1383
f 4460/6581/1384 4461/6580/1384 4463/6582/1384 4462/6583/1384
f 4405/6584/1385 4403/6585/1385 4465/6586/1385 4463/6587/1385 4461/6588/1385 4459/6589/1385 4457/6590/1385 4455/6591/1385 4453/6592/1385 4451/6593/1385 4449/6594/1385 4447/6595/1385 4445/6596/1385 4443/6597/1385 4441/6598/1385 4439/6599/1385 4437/6600/1385 4435/6601/1385 4433/6602/1385 4431/6603/1385 4429/6604/1385 4427/6605/1385 4425/6606/1385 4423/6607/1385 4421/6608/1385 4419/6609/1385 4417/6610/1385 4415/6611/1385 4413/6612/1385 4411/6613/1385 4409/6614/1385 4407/6615/1385
f 4462/6583/1386 4463/6582/1386 4465/6616/1386 4464/6617/1386
f 4464/6617/1387 4465/6616/1387 4403/6618/1387 4402/6619/1387
f 4402/6620/1388 4404/6621/1388 4406/6622/1388 4408/6623/1388 4410/6624/1388 4412/6625/1388 4414/6626/1388 4416/6627/1388 4418/6628/1388 4420/6629/1388 4422/6630/1388 4424/6631/1388 4426/6632/1388 4428/6633/1388 4430/6634/1388 4432/6635/1388 4434/6636/1388 4436/6637/1388 4438/6638/1388 4440/6639/1388 4442/6640/1388 4444/6641/1388 4446/6642/1388 4448/6643/1388 4450/6644/1388 4452/6645/1388 4454/6646/1388 4456/6647/1388 4458/6648/1388 4460/6649/1388 4462/6650/1388 4464/6651/1388
o Cylinder.040
v -13.060215 -0.231861 10.353695
v -13.060215 16.465769 10.353695
v -13.013407 -0.231861 10.358305
v -13.013407 16.465769 10.358305
v -12.968397 -0.231861 10.371959
v -12.968397 16.465769 10.371959
v -12.926916 -0.231861 10.394131
v -12.926916 16.465769 10.394131
v -12.890557 -0.231861 10.423969
v -12.890557 16.465769 10.423969
v -12.860719 -0.231861 10.460328
v -12.860719 16.465769 10.460328
v -12.838547 -0.231861 10.501809
v -12.838547 16.465769 10.501809
v -12.824893 -0.231861 10.546819
v -12.824893 16.465769 10.546819
v -12.820283 -0.231861 10.593627
v -12.820283 16.465769 10.593627
v -12.824893 -0.231861 10.640435
v -12.824893 16.465769 10.640435
v -12.838547 -0.231861 10.685445
v -12.838547 16.465769 10.685445
v -12.860719 -0.231861 10.726926
v -12.860719 16.465769 10.726926
v -12.890557 -0.231861 10.763285
v -12.890557 16.465769 10.763285
v -12.926916 -0.231861 10.793123
v -12.926916 16.465769 10.793123
v -12.968397 -0.231861 10.815295
v -12.968397 16.465769 10.815295
v -13.013407 -0.231861 10.828949
v -13.013407 16.465769 10.828949
v -13.060215 -0.231861 10.833559
v -13.060215 16.465769 10.833559
v -13.107023 -0.231861 10.828949
v -13.107023 16.465769 10.828949
v -13.152033 -0.231861 10.815295
v -13.152033 16.465769 10.815295
v -13.193514 -0.231861 10.793123
v -13.193514 16.465769 10.793123
v -13.229873 -0.231861 10.763285
v -13.229873 16.465769 10.763285
v -13.259711 -0.231861 10.726926
v -13.259711 16.465769 10.726926
v -13.281883 -0.231861 10.685445
v -13.281883 16.465769 10.685445
v -13.295537 -0.231861 10.640435
v -13.295537 16.465769 10.640435
v -13.300147 -0.231861 10.593627
v -13.300147 16.465769 10.593627
v -13.295537 -0.231861 10.546819
v -13.295537 16.465769 10.546819
v -13.281883 -0.231861 10.501809
v -13.281883 16.465769 10.501809
v -13.259711 -0.231861 10.460328
v -13.259711 16.465769 10.460328
v -13.229873 -0.231861 10.423969
v -13.229873 16.465769 10.423969
v -13.193514 -0.231861 10.394131
v -13.193514 16.465769 10.394131
v -13.152033 -0.231861 10.371959
v -13.152033 16.465769 10.371959
v -13.107023 -0.231861 10.358305
v -13.107023 16.465769 10.358305
vn 0.0980 -0.0000 -0.9952
vn 0.2903 -0.0000 -0.9569
vn 0.4714 -0.0000 -0.8819
vn 0.6344 -0.0000 -0.7730
vn 0.7730 -0.0000 -0.6344
vn 0.8819 -0.0000 -0.4714
vn 0.9569 -0.0000 -0.2903
vn 0.9952 -0.0000 -0.0980
vn 0.9952 -0.0000 0.0980
vn 0.9569 -0.0000 0.2903
vn 0.8819 -0.0000 0.4714
vn 0.7730 -0.0000 0.6344
vn 0.6344 -0.0000 0.7730
vn 0.4714 -0.0000 0.8819
vn 0.2903 -0.0000 0.9569
vn 0.0980 -0.0000 0.9952
vn -0.0980 -0.0000 0.9952
vn -0.2903 -0.0000 0.9569
vn -0.4714 -0.0000 0.8819
vn -0.6344 -0.0000 0.7730
vn -0.7730 -0.0000 0.6344
vn -0.8819 -0.0000 0.4714
vn -0.9569 -0.0000 0.2903
vn -0.9952 -0.0000 0.0980
vn -0.9952 -0.0000 -0.0980
vn -0.9569 -0.0000 -0.2903
vn -0.8819 -0.0000 -0.4714
vn -0.7730 -0.0000 -0.6344
vn -0.6344 -0.0000 -0.7730
vn -0.4714 -0.0000 -0.8819
vn -0.0000 1.0000 -0.0000
vn -0.2903 -0.0000 -0.9569
vn -0.0980 -0.0000 -0.9952
vn -0.0000 -1.0000 -0.0000
vt 1.000000 0.500000
vt 1.000000 1.000000
vt 0.968750 1.000000
vt 0.968750 0.500000
vt 0.937500 1.000000
vt 0.937500 0.500000
vt 0.906250 1.000000
vt 0.906250 0.500000
vt 0.875000 1.000000
vt 0.875000 0.500000
vt 0.843750 1.000000
vt 0.843750 0.500000
vt 0.812500 1.000000
vt 0.812500 0.500000
vt 0.781250 1.000000
vt 0.781250 0.500000
vt 0.750000 1.000000
vt 0.750000 0.500000
vt 0.718750 1.000000
vt 0.718750 0.500000
vt 0.687500 1.000000
vt 0.687500 0.500000
vt 0.656250 1.000000
vt 0.656250 0.500000
vt 0.625000 1.000000
vt 0.625000 0.500000
vt 0.593750 1.000000
vt 0.593750 0.500000
vt 0.562500 1.000000
vt 0.562500 0.500000
vt 0.531250 1.000000
vt 0.531250 0.500000
vt 0.500000 1.000000
vt 0.500000 0.500000
vt 0.468750 1.000000
vt 0.468750 0.500000
vt 0.437500 1.000000
vt 0.437500 0.500000
vt 0.406250 1.000000
vt 0.406250 0.500000
vt 0.375000 1.000000
vt 0.375000 0.500000
vt 0.343750 1.000000
vt 0.343750 0.500000
vt 0.312500 1.000000
vt 0.312500 0.500000
vt 0.281250 1.000000
vt 0.281250 0.500000
vt 0.250000 1.000000
vt 0.250000 0.500000
vt 0.218750 1.000000
vt 0.218750 0.500000
vt 0.187500 1.000000
vt 0.187500 0.500000
vt 0.156250 1.000000
vt 0.156250 0.500000
vt 0.125000 1.000000
vt 0.125000 0.500000
vt 0.093750 1.000000
vt 0.093750 0.500000
vt 0.062500 1.000000
vt 0.062500 0.500000
vt 0.296822 0.485388
vt 0.250000 0.490000
vt 0.203178 0.485388
vt 0.158156 0.471731
vt 0.116663 0.449553
vt 0.080294 0.419706
vt 0.050447 0.383337
vt 0.028269 0.341844
vt 0.014612 0.296822
vt 0.010000 0.250000
vt 0.014612 0.203178
vt 0.028269 0.158156
vt 0.050447 0.116663
vt 0.080294 0.080294
vt 0.116663 0.050447
vt 0.158156 0.028269
vt 0.203178 0.014612
vt 0.250000 0.010000
vt 0.296822 0.014612
vt 0.341844 0.028269
vt 0.383337 0.050447
vt 0.419706 0.080294
vt 0.449553 0.116663
vt 0.471731 0.158156
vt 0.485388 0.203178
vt 0.490000 0.250000
vt 0.485388 0.296822
vt 0.471731 0.341844
vt 0.449553 0.383337
vt 0.419706 0.419706
vt 0.383337 0.449553
vt 0.341844 0.471731
vt 0.031250 1.000000
vt 0.031250 0.500000
vt 0.000000 1.000000
vt 0.000000 0.500000
vt 0.750000 0.490000
vt 0.796822 0.485388
vt 0.841844 0.471731
vt 0.883337 0.449553
vt 0.919706 0.419706
vt 0.949553 0.383337
vt 0.971731 0.341844
vt 0.985388 0.296822
vt 0.990000 0.250000
vt 0.985388 0.203178
vt 0.971731 0.158156
vt 0.949553 0.116663
vt 0.919706 0.080294
vt 0.883337 0.050447
vt 0.841844 0.028269
vt 0.796822 0.014612
vt 0.750000 0.010000
vt 0.703178 0.014612
vt 0.658156 0.028269
vt 0.616663 0.050447
vt 0.580294 0.080294
vt 0.550447 0.116663
vt 0.528269 0.158156
vt 0.514612 0.203178
vt 0.510000 0.250000
vt 0.514612 0.296822
vt 0.528269 0.341844
vt 0.550447 0.383337
vt 0.580294 0.419706
vt 0.616663 0.449553
vt 0.658156 0.471731
vt 0.703178 0.485388
s 0
f 4466/6652/1389 4467/6653/1389 4469/6654/1389 4468/6655/1389
f 4468/6655/1390 4469/6654/1390 4471/6656/1390 4470/6657/1390
f 4470/6657/1391 4471/6656/1391 4473/6658/1391 4472/6659/1391
f 4472/6659/1392 4473/6658/1392 4475/6660/1392 4474/6661/1392
f 4474/6661/1393 4475/6660/1393 4477/6662/1393 4476/6663/1393
f 4476/6663/1394 4477/6662/1394 4479/6664/1394 4478/6665/1394
f 4478/6665/1395 4479/6664/1395 4481/6666/1395 4480/6667/1395
f 4480/6667/1396 4481/6666/1396 4483/6668/1396 4482/6669/1396
f 4482/6669/1397 4483/6668/1397 4485/6670/1397 4484/6671/1397
f 4484/6671/1398 4485/6670/1398 4487/6672/1398 4486/6673/1398
f 4486/6673/1399 4487/6672/1399 4489/6674/1399 4488/6675/1399
f 4488/6675/1400 4489/6674/1400 4491/6676/1400 4490/6677/1400
f 4490/6677/1401 4491/6676/1401 4493/6678/1401 4492/6679/1401
f 4492/6679/1402 4493/6678/1402 4495/6680/1402 4494/6681/1402
f 4494/6681/1403 4495/6680/1403 4497/6682/1403 4496/6683/1403
f 4496/6683/1404 4497/6682/1404 4499/6684/1404 4498/6685/1404
f 4498/6685/1405 4499/6684/1405 4501/6686/1405 4500/6687/1405
f 4500/6687/1406 4501/6686/1406 4503/6688/1406 4502/6689/1406
f 4502/6689/1407 4503/6688/1407 4505/6690/1407 4504/6691/1407
f 4504/6691/1408 4505/6690/1408 4507/6692/1408 4506/6693/1408
f 4506/6693/1409 4507/6692/1409 4509/6694/1409 4508/6695/1409
f 4508/6695/1410 4509/6694/1410 4511/6696/1410 4510/6697/1410
f 4510/6697/1411 4511/6696/1411 4513/6698/1411 4512/6699/1411
f 4512/6699/1412 4513/6698/1412 4515/6700/1412 4514/6701/1412
f 4514/6701/1413 4515/6700/1413 4517/6702/1413 4516/6703/1413
f 4516/6703/1414 4517/6702/1414 4519/6704/1414 4518/6705/1414
f 4518/6705/1415 4519/6704/1415 4521/6706/1415 4520/6707/1415
f 4520/6707/1416 4521/6706/1416 4523/6708/1416 4522/6709/1416
f 4522/6709/1417 4523/6708/1417 4525/6710/1417 4524/6711/1417
f 4524/6711/1418 4525/6710/1418 4527/6712/1418 4526/6713/1418
f 4469/6714/1419 4467/6715/1419 4529/6716/1419 4527/6717/1419 4525/6718/1419 4523/6719/1419 4521/6720/1419 4519/6721/1419 4517/6722/1419 4515/6723/1419 4513/6724/1419 4511/6725/1419 4509/6726/1419 4507/6727/1419 4505/6728/1419 4503/6729/1419 4501/6730/1419 4499/6731/1419 4497/6732/1419 4495/6733/1419 4493/6734/1419 4491/6735/1419 4489/6736/1419 4487/6737/1419 4485/6738/1419 4483/6739/1419 4481/6740/1419 4479/6741/1419 4477/6742/1419 4475/6743/1419 4473/6744/1419 4471/6745/1419
f 4526/6713/1420 4527/6712/1420 4529/6746/1420 4528/6747/1420
f 4528/6747/1421 4529/6746/1421 4467/6748/1421 4466/6749/1421
f 4466/6750/1422 4468/6751/1422 4470/6752/1422 4472/6753/1422 4474/6754/1422 4476/6755/1422 4478/6756/1422 4480/6757/1422 4482/6758/1422 4484/6759/1422 4486/6760/1422 4488/6761/1422 4490/6762/1422 4492/6763/1422 4494/6764/1422 4496/6765/1422 4498/6766/1422 4500/6767/1422 4502/6768/1422 4504/6769/1422 4506/6770/1422 4508/6771/1422 4510/6772/1422 4512/6773/1422 4514/6774/1422 4516/6775/1422 4518/6776/1422 4520/6777/1422 4522/6778/1422 4524/6779/1422 4526/6780/1422 4528/6781/1422
o Cylinder.041
v -13.060215 -0.231861 9.243036
v -13.060215 16.465769 9.243036
v -13.013407 -0.231861 9.247646
v -13.013407 16.465769 9.247646
v -12.968397 -0.231861 9.261300
v -12.968397 16.465769 9.261300
v -12.926916 -0.231861 9.283472
v -12.926916 16.465769 9.283472
v -12.890557 -0.231861 9.313311
v -12.890557 16.465769 9.313311
v -12.860719 -0.231861 9.349669
v -12.860719 16.465769 9.349669
v -12.838547 -0.231861 9.391150
v -12.838547 16.465769 9.391150
v -12.824893 -0.231861 9.436160
v -12.824893 16.465769 9.436160
v -12.820283 -0.231861 9.482968
v -12.820283 16.465769 9.482968
v -12.824893 -0.231861 9.529777
v -12.824893 16.465769 9.529777
v -12.838547 -0.231861 9.574786
v -12.838547 16.465769 9.574786
v -12.860719 -0.231861 9.616267
v -12.860719 16.465769 9.616267
v -12.890557 -0.231861 9.652626
v -12.890557 16.465769 9.652626
v -12.926916 -0.231861 9.682465
v -12.926916 16.465769 9.682465
v -12.968397 -0.231861 9.704637
v -12.968397 16.465769 9.704637
v -13.013407 -0.231861 9.718290
v -13.013407 16.465769 9.718290
v -13.060215 -0.231861 9.722900
v -13.060215 16.465769 9.722900
v -13.107023 -0.231861 9.718290
v -13.107023 16.465769 9.718290
v -13.152033 -0.231861 9.704637
v -13.152033 16.465769 9.704637
v -13.193514 -0.231861 9.682465
v -13.193514 16.465769 9.682465
v -13.229873 -0.231861 9.652626
v -13.229873 16.465769 9.652626
v -13.259711 -0.231861 9.616267
v -13.259711 16.465769 9.616267
v -13.281883 -0.231861 9.574786
v -13.281883 16.465769 9.574786
v -13.295537 -0.231861 9.529777
v -13.295537 16.465769 9.529777
v -13.300147 -0.231861 9.482968
v -13.300147 16.465769 9.482968
v -13.295537 -0.231861 9.436160
v -13.295537 16.465769 9.436160
v -13.281883 -0.231861 9.391150
v -13.281883 16.465769 9.391150
v -13.259711 -0.231861 9.349669
v -13.259711 16.465769 9.349669
v -13.229873 -0.231861 9.313311
v -13.229873 16.465769 9.313311
v -13.193514 -0.231861 9.283472
v -13.193514 16.465769 9.283472
v -13.152033 -0.231861 9.261300
v -13.152033 16.465769 9.261300
v -13.107023 -0.231861 9.247646
v -13.107023 16.465769 9.247646
vn 0.0980 -0.0000 -0.9952
vn 0.2903 -0.0000 -0.9569
vn 0.4714 -0.0000 -0.8819
vn 0.6344 -0.0000 -0.7730
vn 0.7730 -0.0000 -0.6344
vn 0.8819 -0.0000 -0.4714
vn 0.9569 -0.0000 -0.2903
vn 0.9952 -0.0000 -0.0980
vn 0.9952 -0.0000 0.0980
vn 0.9569 -0.0000 0.2903
vn 0.8819 -0.0000 0.4714
vn 0.7730 -0.0000 0.6344
vn 0.6344 -0.0000 0.7730
vn 0.4714 -0.0000 0.8819
vn 0.2903 -0.0000 0.9569
vn 0.0980 -0.0000 0.9952
vn -0.0980 -0.0000 0.9952
vn -0.2903 -0.0000 0.9569
vn -0.4714 -0.0000 0.8819
vn -0.6344 -0.0000 0.7730
vn -0.7730 -0.0000 0.6344
vn -0.8819 -0.0000 0.4714
vn -0.9569 -0.0000 0.2903
vn -0.9952 -0.0000 0.0980
vn -0.9952 -0.0000 -0.0980
vn -0.9569 -0.0000 -0.2903
vn -0.8819 -0.0000 -0.4714
vn -0.7730 -0.0000 -0.6344
vn -0.6344 -0.0000 -0.7730
vn -0.4714 -0.0000 -0.8819
vn -0.0000 1.0000 -0.0000
vn -0.2903 -0.0000 -0.9569
vn -0.0980 -0.0000 -0.9952
vn -0.0000 -1.0000 -0.0000
vt 1.000000 0.500000
vt 1.000000 1.000000
vt 0.968750 1.000000
vt 0.968750 0.500000
vt 0.937500 1.000000
vt 0.937500 0.500000
vt 0.906250 1.000000
vt 0.906250 0.500000
vt 0.875000 1.000000
vt 0.875000 0.500000
vt 0.843750 1.000000
vt 0.843750 0.500000
vt 0.812500 1.000000
vt 0.812500 0.500000
vt 0.781250 1.000000
vt 0.781250 0.500000
vt 0.750000 1.000000
vt 0.750000 0.500000
vt 0.718750 1.000000
vt 0.718750 0.500000
vt 0.687500 1.000000
vt 0.687500 0.500000
vt 0.656250 1.000000
vt 0.656250 0.500000
vt 0.625000 1.000000
vt 0.625000 0.500000
vt 0.593750 1.000000
vt 0.593750 0.500000
vt 0.562500 1.000000
vt 0.562500 0.500000
vt 0.531250 1.000000
vt 0.531250 0.500000
vt 0.500000 1.000000
vt 0.500000 0.500000
vt 0.468750 1.000000
vt 0.468750 0.500000
vt 0.437500 1.000000
vt 0.437500 0.500000
vt 0.406250 1.000000
vt 0.406250 0.500000
vt 0.375000 1.000000
vt 0.375000 0.500000
vt 0.343750 1.000000
vt 0.343750 0.500000
vt 0.312500 1.000000
vt 0.312500 0.500000
vt 0.281250 1.000000
vt 0.281250 0.500000
vt 0.250000 1.000000
vt 0.250000 0.500000
vt 0.218750 1.000000
vt 0.218750 0.500000
vt 0.187500 1.000000
vt 0.187500 0.500000
vt 0.156250 1.000000
vt 0.156250 0.500000
vt 0.125000 1.000000
vt 0.125000 0.500000
vt 0.093750 1.000000
vt 0.093750 0.500000
vt 0.062500 1.000000
vt 0.062500 0.500000
vt 0.296822 0.485388
vt 0.250000 0.490000
vt 0.203178 0.485388
vt 0.158156 0.471731
vt 0.116663 0.449553
vt 0.080294 0.419706
vt 0.050447 0.383337
vt 0.028269 0.341844
vt 0.014612 0.296822
vt 0.010000 0.250000
vt 0.014612 0.203178
vt 0.028269 0.158156
vt 0.050447 0.116663
vt 0.080294 0.080294
vt 0.116663 0.050447
vt 0.158156 0.028269
vt 0.203178 0.014612
vt 0.250000 0.010000
vt 0.296822 0.014612
vt 0.341844 0.028269
vt 0.383337 0.050447
vt 0.419706 0.080294
vt 0.449553 0.116663
vt 0.471731 0.158156
vt 0.485388 0.203178
vt 0.490000 0.250000
vt 0.485388 0.296822
vt 0.471731 0.341844
vt 0.449553 0.383337
vt 0.419706 0.419706
vt 0.383337 0.449553
vt 0.341844 0.471731
vt 0.031250 1.000000
vt 0.031250 0.500000
vt 0.000000 1.000000
vt 0.000000 0.500000
vt 0.750000 0.490000
vt 0.796822 0.485388
vt 0.841844 0.471731
vt 0.883337 0.449553
vt 0.919706 0.419706
vt 0.949553 0.383337
vt 0.971731 0.341844
vt 0.985388 0.296822
vt 0.990000 0.250000
vt 0.985388 0.203178
vt 0.971731 0.158156
vt 0.949553 0.116663
vt 0.919706 0.080294
vt 0.883337 0.050447
vt 0.841844 0.028269
vt 0.796822 0.014612
vt 0.750000 0.010000
vt 0.703178 0.014612
vt 0.658156 0.028269
vt 0.616663 0.050447
vt 0.580294 0.080294
vt 0.550447 0.116663
vt 0.528269 0.158156
vt 0.514612 0.203178
vt 0.510000 0.250000
vt 0.514612 0.296822
vt 0.528269 0.341844
vt 0.550447 0.383337
vt 0.580294 0.419706
vt 0.616663 0.449553
vt 0.658156 0.471731
vt 0.703178 0.485388
s 0
f 4530/6782/1423 4531/6783/1423 4533/6784/1423 4532/6785/1423
f 4532/6785/1424 4533/6784/1424 4535/6786/1424 4534/6787/1424
f 4534/6787/1425 4535/6786/1425 4537/6788/1425 4536/6789/1425
f 4536/6789/1426 4537/6788/1426 4539/6790/1426 4538/6791/1426
f 4538/6791/1427 4539/6790/1427 4541/6792/1427 4540/6793/1427
f 4540/6793/1428 4541/6792/1428 4543/6794/1428 4542/6795/1428
f 4542/6795/1429 4543/6794/1429 4545/6796/1429 4544/6797/1429
f 4544/6797/1430 4545/6796/1430 4547/6798/1430 4546/6799/1430
f 4546/6799/1431 4547/6798/1431 4549/6800/1431 4548/6801/1431
f 4548/6801/1432 4549/6800/1432 4551/6802/1432 4550/6803/1432
f 4550/6803/1433 4551/6802/1433 4553/6804/1433 4552/6805/1433
f 4552/6805/1434 4553/6804/1434 4555/6806/1434 4554/6807/1434
f 4554/6807/1435 4555/6806/1435 4557/6808/1435 4556/6809/1435
f 4556/6809/1436 4557/6808/1436 4559/6810/1436 4558/6811/1436
f 4558/6811/1437 4559/6810/1437 4561/6812/1437 4560/6813/1437
f 4560/6813/1438 4561/6812/1438 4563/6814/1438 4562/6815/1438
f 4562/6815/1439 4563/6814/1439 4565/6816/1439 4564/6817/1439
f 4564/6817/1440 4565/6816/1440 4567/6818/1440 4566/6819/1440
f 4566/6819/1441 4567/6818/1441 4569/6820/1441 4568/6821/1441
f 4568/6821/1442 4569/6820/1442 4571/6822/1442 4570/6823/1442
f 4570/6823/1443 4571/6822/1443 4573/6824/1443 4572/6825/1443
f 4572/6825/1444 4573/6824/1444 4575/6826/1444 4574/6827/1444
f 4574/6827/1445 4575/6826/1445 4577/6828/1445 4576/6829/1445
f 4576/6829/1446 4577/6828/1446 4579/6830/1446 4578/6831/1446
f 4578/6831/1447 4579/6830/1447 4581/6832/1447 4580/6833/1447
f 4580/6833/1448 4581/6832/1448 4583/6834/1448 4582/6835/1448
f 4582/6835/1449 4583/6834/1449 4585/6836/1449 4584/6837/1449
f 4584/6837/1450 4585/6836/1450 4587/6838/1450 4586/6839/1450
f 4586/6839/1451 4587/6838/1451 4589/6840/1451 4588/6841/1451
f 4588/6841/1452 4589/6840/1452 4591/6842/1452 4590/6843/1452
f 4533/6844/1453 4531/6845/1453 4593/6846/1453 4591/6847/1453 4589/6848/1453 4587/6849/1453 4585/6850/1453 4583/6851/1453 4581/6852/1453 4579/6853/1453 4577/6854/1453 4575/6855/1453 4573/6856/1453 4571/6857/1453 4569/6858/1453 4567/6859/1453 4565/6860/1453 4563/6861/1453 4561/6862/1453 4559/6863/1453 4557/6864/1453 4555/6865/1453 4553/6866/1453 4551/6867/1453 4549/6868/1453 4547/6869/1453 4545/6870/1453 4543/6871/1453 4541/6872/1453 4539/6873/1453 4537/6874/1453 4535/6875/1453
f 4590/6843/1454 4591/6842/1454 4593/6876/1454 4592/6877/1454
f 4592/6877/1455 4593/6876/1455 4531/6878/1455 4530/6879/1455
f 4530/6880/1456 4532/6881/1456 4534/6882/1456 4536/6883/1456 4538/6884/1456 4540/6885/1456 4542/6886/1456 4544/6887/1456 4546/6888/1456 4548/6889/1456 4550/6890/1456 4552/6891/1456 4554/6892/1456 4556/6893/1456 4558/6894/1456 4560/6895/1456 4562/6896/1456 4564/6897/1456 4566/6898/1456 4568/6899/1456 4570/6900/1456 4572/6901/1456 4574/6902/1456 4576/6903/1456 4578/6904/1456 4580/6905/1456 4582/6906/1456 4584/6907/1456 4586/6908/1456 4588/6909/1456 4590/6910/1456 4592/6911/1456
o Cylinder.042
v -13.060215 -0.231861 8.118715
v -13.060215 16.465769 8.118715
v -13.013407 -0.231861 8.123325
v -13.013407 16.465769 8.123325
v -12.968397 -0.231861 8.136979
v -12.968397 16.465769 8.136979
v -12.926916 -0.231861 8.159151
v -12.926916 16.465769 8.159151
v -12.890557 -0.231861 8.188990
v -12.890557 16.465769 8.188990
v -12.860719 -0.231861 8.225348
v -12.860719 16.465769 8.225348
v -12.838547 -0.231861 8.266829
v -12.838547 16.465769 8.266829
v -12.824893 -0.231861 8.311839
v -12.824893 16.465769 8.311839
v -12.820283 -0.231861 8.358647
v -12.820283 16.465769 8.358647
v -12.824893 -0.231861 8.405456
v -12.824893 16.465769 8.405456
v -12.838547 -0.231861 8.450465
v -12.838547 16.465769 8.450465
v -12.860719 -0.231861 8.491946
v -12.860719 16.465769 8.491946
v -12.890557 -0.231861 8.528305
v -12.890557 16.465769 8.528305
v -12.926916 -0.231861 8.558144
v -12.926916 16.465769 8.558144
v -12.968397 -0.231861 8.580316
v -12.968397 16.465769 8.580316
v -13.013407 -0.231861 8.593969
v -13.013407 16.465769 8.593969
v -13.060215 -0.231861 8.598579
v -13.060215 16.465769 8.598579
v -13.107023 -0.231861 8.593969
v -13.107023 16.465769 8.593969
v -13.152033 -0.231861 8.580316
v -13.152033 16.465769 8.580316
v -13.193514 -0.231861 8.558144
v -13.193514 16.465769 8.558144
v -13.229873 -0.231861 8.528305
v -13.229873 16.465769 8.528305
v -13.259711 -0.231861 8.491946
v -13.259711 16.465769 8.491946
v -13.281883 -0.231861 8.450465
v -13.281883 16.465769 8.450465
v -13.295537 -0.231861 8.405456
v -13.295537 16.465769 8.405456
v -13.300147 -0.231861 8.358647
v -13.300147 16.465769 8.358647
v -13.295537 -0.231861 8.311839
v -13.295537 16.465769 8.311839
v -13.281883 -0.231861 8.266829
v -13.281883 16.465769 8.266829
v -13.259711 -0.231861 8.225348
v -13.259711 16.465769 8.225348
v -13.229873 -0.231861 8.188990
v -13.229873 16.465769 8.188990
v -13.193514 -0.231861 8.159151
v -13.193514 16.465769 8.159151
v -13.152033 -0.231861 8.136979
v -13.152033 16.465769 8.136979
v -13.107023 -0.231861 8.123325
v -13.107023 16.465769 8.123325
vn 0.0980 -0.0000 -0.9952
vn 0.2903 -0.0000 -0.9569
vn 0.4714 -0.0000 -0.8819
vn 0.6344 -0.0000 -0.7730
vn 0.7730 -0.0000 -0.6344
vn 0.8819 -0.0000 -0.4714
vn 0.9569 -0.0000 -0.2903
vn 0.9952 -0.0000 -0.0980
vn 0.9952 -0.0000 0.0980
vn 0.9569 -0.0000 0.2903
vn 0.8819 -0.0000 0.4714
vn 0.7730 -0.0000 0.6344
vn 0.6344 -0.0000 0.7730
vn 0.4714 -0.0000 0.8819
vn 0.2903 -0.0000 0.9569
vn 0.0980 -0.0000 0.9952
vn -0.0980 -0.0000 0.9952
vn -0.2903 -0.0000 0.9569
vn -0.4714 -0.0000 0.8819
vn -0.6344 -0.0000 0.7730
vn -0.7730 -0.0000 0.6344
vn -0.8819 -0.0000 0.4714
vn -0.9569 -0.0000 0.2903
vn -0.9952 -0.0000 0.0980
vn -0.9952 -0.0000 -0.0980
vn -0.9569 -0.0000 -0.2903
vn -0.8819 -0.0000 -0.4714
vn -0.7730 -0.0000 -0.6344
vn -0.6344 -0.0000 -0.7730
vn -0.4714 -0.0000 -0.8819
vn -0.0000 1.0000 -0.0000
vn -0.2903 -0.0000 -0.9569
vn -0.0980 -0.0000 -0.9952
vn -0.0000 -1.0000 -0.0000
vt 1.000000 0.500000
vt 1.000000 1.000000
vt 0.968750 1.000000
vt 0.968750 0.500000
vt 0.937500 1.000000
vt 0.937500 0.500000
vt 0.906250 1.000000
vt 0.906250 0.500000
vt 0.875000 1.000000
vt 0.875000 0.500000
vt 0.843750 1.000000
vt 0.843750 0.500000
vt 0.812500 1.000000
vt 0.812500 0.500000
vt 0.781250 1.000000
vt 0.781250 0.500000
vt 0.750000 1.000000
vt 0.750000 0.500000
vt 0.718750 1.000000
vt 0.718750 0.500000
vt 0.687500 1.000000
vt 0.687500 0.500000
vt 0.656250 1.000000
vt 0.656250 0.500000
vt 0.625000 1.000000
vt 0.625000 0.500000
vt 0.593750 1.000000
vt 0.593750 0.500000
vt 0.562500 1.000000
vt 0.562500 0.500000
vt 0.531250 1.000000
vt 0.531250 0.500000
vt 0.500000 1.000000
vt 0.500000 0.500000
vt 0.468750 1.000000
vt 0.468750 0.500000
vt 0.437500 1.000000
vt 0.437500 0.500000
vt 0.406250 1.000000
vt 0.406250 0.500000
vt 0.375000 1.000000
vt 0.375000 0.500000
vt 0.343750 1.000000
vt 0.343750 0.500000
vt 0.312500 1.000000
vt 0.312500 0.500000
vt 0.281250 1.000000
vt 0.281250 0.500000
vt 0.250000 1.000000
vt 0.250000 0.500000
vt 0.218750 1.000000
vt 0.218750 0.500000
vt 0.187500 1.000000
vt 0.187500 0.500000
vt 0.156250 1.000000
vt 0.156250 0.500000
vt 0.125000 1.000000
vt 0.125000 0.500000
vt 0.093750 1.000000
vt 0.093750 0.500000
vt 0.062500 1.000000
vt 0.062500 0.500000
vt 0.296822 0.485388
vt 0.250000 0.490000
vt 0.203178 0.485388
vt 0.158156 0.471731
vt 0.116663 0.449553
vt 0.080294 0.419706
vt 0.050447 0.383337
vt 0.028269 0.341844
vt 0.014612 0.296822
vt 0.010000 0.250000
vt 0.014612 0.203178
vt 0.028269 0.158156
vt 0.050447 0.116663
vt 0.080294 0.080294
vt 0.116663 0.050447
vt 0.158156 0.028269
vt 0.203178 0.014612
vt 0.250000 0.010000
vt 0.296822 0.014612
vt 0.341844 0.028269
vt 0.383337 0.050447
vt 0.419706 0.080294
vt 0.449553 0.116663
vt 0.471731 0.158156
vt 0.485388 0.203178
vt 0.490000 0.250000
vt 0.485388 0.296822
vt 0.471731 0.341844
vt 0.449553 0.383337
vt 0.419706 0.419706
vt 0.383337 0.449553
vt 0.341844 0.471731
vt 0.031250 1.000000
vt 0.031250 0.500000
vt 0.000000 1.000000
vt 0.000000 0.500000
vt 0.750000 0.490000
vt 0.796822 0.485388
vt 0.841844 0.471731
vt 0.883337 0.449553
vt 0.919706 0.419706
vt 0.949553 0.383337
vt 0.971731 0.341844
vt 0.985388 0.296822
vt 0.990000 0.250000
vt 0.985388 0.203178
vt 0.971731 0.158156
vt 0.949553 0.116663
vt 0.919706 0.080294
vt 0.883337 0.050447
vt 0.841844 0.028269
vt 0.796822 0.014612
vt 0.750000 0.010000
vt 0.703178 0.014612
vt 0.658156 0.028269
vt 0.616663 0.050447
vt 0.580294 0.080294
vt 0.550447 0.116663
vt 0.528269 0.158156
vt 0.514612 0.203178
vt 0.510000 0.250000
vt 0.514612 0.296822
vt 0.528269 0.341844
vt 0.550447 0.383337
vt 0.580294 0.419706
vt 0.616663 0.449553
vt 0.658156 0.471731
vt 0.703178 0.485388
s 0
f 4594/6912/1457 4595/6913/1457 4597/6914/1457 4596/6915/1457
f 4596/6915/1458 4597/6914/1458 4599/6916/1458 4598/6917/1458
f 4598/6917/1459 4599/6916/1459 4601/6918/1459 4600/6919/1459
f 4600/6919/1460 4601/6918/1460 4603/6920/1460 4602/6921/1460
f 4602/6921/1461 4603/6920/1461 4605/6922/1461 4604/6923/1461
f 4604/6923/1462 4605/6922/1462 4607/6924/1462 4606/6925/1462
f 4606/6925/1463 4607/6924/1463 4609/6926/1463 4608/6927/1463
f 4608/6927/1464 4609/6926/1464 4611/6928/1464 4610/6929/1464
f 4610/6929/1465 4611/6928/1465 4613/6930/1465 4612/6931/1465
f 4612/6931/1466 4613/6930/1466 4615/6932/1466 4614/6933/1466
f 4614/6933/1467 4615/6932/1467 4617/6934/1467 4616/6935/1467
f 4616/6935/1468 4617/6934/1468 4619/6936/1468 4618/6937/1468
f 4618/6937/1469 4619/6936/1469 4621/6938/1469 4620/6939/1469
f 4620/6939/1470 4621/6938/1470 4623/6940/1470 4622/6941/1470
f 4622/6941/1471 4623/6940/1471 4625/6942/1471 4624/6943/1471
f 4624/6943/1472 4625/6942/1472 4627/6944/1472 4626/6945/1472
f 4626/6945/1473 4627/6944/1473 4629/6946/1473 4628/6947/1473
f 4628/6947/1474 4629/6946/1474 4631/6948/1474 4630/6949/1474
f 4630/6949/1475 4631/6948/1475 4633/6950/1475 4632/6951/1475
f 4632/6951/1476 4633/6950/1476 4635/6952/1476 4634/6953/1476
f 4634/6953/1477 4635/6952/1477 4637/6954/1477 4636/6955/1477
f 4636/6955/1478 4637/6954/1478 4639/6956/1478 4638/6957/1478
f 4638/6957/1479 4639/6956/1479 4641/6958/1479 4640/6959/1479
f 4640/6959/1480 4641/6958/1480 4643/6960/1480 4642/6961/1480
f 4642/6961/1481 4643/6960/1481 4645/6962/1481 4644/6963/1481
f 4644/6963/1482 4645/6962/1482 4647/6964/1482 4646/6965/1482
f 4646/6965/1483 4647/6964/1483 4649/6966/1483 4648/6967/1483
f 4648/6967/1484 4649/6966/1484 4651/6968/1484 4650/6969/1484
f 4650/6969/1485 4651/6968/1485 4653/6970/1485 4652/6971/1485
f 4652/6971/1486 4653/6970/1486 4655/6972/1486 4654/6973/1486
f 4597/6974/1487 4595/6975/1487 4657/6976/1487 4655/6977/1487 4653/6978/1487 4651/6979/1487 4649/6980/1487 4647/6981/1487 4645/6982/1487 4643/6983/1487 4641/6984/1487 4639/6985/1487 4637/6986/1487 4635/6987/1487 4633/6988/1487 4631/6989/1487 4629/6990/1487 4627/6991/1487 4625/6992/1487 4623/6993/1487 4621/6994/1487 4619/6995/1487 4617/6996/1487 4615/6997/1487 4613/6998/1487 4611/6999/1487 4609/7000/1487 4607/7001/1487 4605/7002/1487 4603/7003/1487 4601/7004/1487 4599/7005/1487
f 4654/6973/1488 4655/6972/1488 4657/7006/1488 4656/7007/1488
f 4656/7007/1489 4657/7006/1489 4595/7008/1489 4594/7009/1489
f 4594/7010/1490 4596/7011/1490 4598/7012/1490 4600/7013/1490 4602/7014/1490 4604/7015/1490 4606/7016/1490 4608/7017/1490 4610/7018/1490 4612/7019/1490 4614/7020/1490 4616/7021/1490 4618/7022/1490 4620/7023/1490 4622/7024/1490 4624/7025/1490 4626/7026/1490 4628/7027/1490 4630/7028/1490 4632/7029/1490 4634/7030/1490 4636/7031/1490 4638/7032/1490 4640/7033/1490 4642/7034/1490 4644/7035/1490 4646/7036/1490 4648/7037/1490 4650/7038/1490 4652/7039/1490 4654/7040/1490 4656/7041/1490
o Cylinder.043
v -13.060215 -0.231861 3.845976
v -13.060215 16.465769 3.845976
v -13.013407 -0.231861 3.850586
v -13.013407 16.465769 3.850586
v -12.968397 -0.231861 3.864239
v -12.968397 16.465769 3.864239
v -12.926916 -0.231861 3.886411
v -12.926916 16.465769 3.886411
v -12.890557 -0.231861 3.916250
v -12.890557 16.465769 3.916250
v -12.860719 -0.231861 3.952609
v -12.860719 16.465769 3.952609
v -12.838547 -0.231861 3.994090
v -12.838547 16.465769 3.994090
v -12.824893 -0.231861 4.039100
v -12.824893 16.465769 4.039100
v -12.820283 -0.231861 4.085908
v -12.820283 16.465769 4.085908
v -12.824893 -0.231861 4.132716
v -12.824893 16.465769 4.132716
v -12.838547 -0.231861 4.177726
v -12.838547 16.465769 4.177726
v -12.860719 -0.231861 4.219207
v -12.860719 16.465769 4.219207
v -12.890557 -0.231861 4.255566
v -12.890557 16.465769 4.255566
v -12.926916 -0.231861 4.285404
v -12.926916 16.465769 4.285404
v -12.968397 -0.231861 4.307577
v -12.968397 16.465769 4.307577
v -13.013407 -0.231861 4.321230
v -13.013407 16.465769 4.321230
v -13.060215 -0.231861 4.325840
v -13.060215 16.465769 4.325840
v -13.107023 -0.231861 4.321230
v -13.107023 16.465769 4.321230
v -13.152033 -0.231861 4.307577
v -13.152033 16.465769 4.307577
v -13.193514 -0.231861 4.285404
v -13.193514 16.465769 4.285404
v -13.229873 -0.231861 4.255566
v -13.229873 16.465769 4.255566
v -13.259711 -0.231861 4.219207
v -13.259711 16.465769 4.219207
v -13.281883 -0.231861 4.177726
v -13.281883 16.465769 4.177726
v -13.295537 -0.231861 4.132716
v -13.295537 16.465769 4.132716
v -13.300147 -0.231861 4.085908
v -13.300147 16.465769 4.085908
v -13.295537 -0.231861 4.039100
v -13.295537 16.465769 4.039100
v -13.281883 -0.231861 3.994090
v -13.281883 16.465769 3.994090
v -13.259711 -0.231861 3.952609
v -13.259711 16.465769 3.952609
v -13.229873 -0.231861 3.916250
v -13.229873 16.465769 3.916250
v -13.193514 -0.231861 3.886411
v -13.193514 16.465769 3.886411
v -13.152033 -0.231861 3.864239
v -13.152033 16.465769 3.864239
v -13.107023 -0.231861 3.850586
v -13.107023 16.465769 3.850586
vn 0.0980 -0.0000 -0.9952
vn 0.2903 -0.0000 -0.9569
vn 0.4714 -0.0000 -0.8819
vn 0.6344 -0.0000 -0.7730
vn 0.7730 -0.0000 -0.6344
vn 0.8819 -0.0000 -0.4714
vn 0.9569 -0.0000 -0.2903
vn 0.9952 -0.0000 -0.0980
vn 0.9952 -0.0000 0.0980
vn 0.9569 -0.0000 0.2903
vn 0.8819 -0.0000 0.4714
vn 0.7730 -0.0000 0.6344
vn 0.6344 -0.0000 0.7730
vn 0.4714 -0.0000 0.8819
vn 0.2903 -0.0000 0.9569
vn 0.0980 -0.0000 0.9952
vn -0.0980 -0.0000 0.9952
vn -0.2903 -0.0000 0.9569
vn -0.4714 -0.0000 0.8819
vn -0.6344 -0.0000 0.7730
vn -0.7730 -0.0000 0.6344
vn -0.8819 -0.0000 0.4714
vn -0.9569 -0.0000 0.2903
vn -0.9952 -0.0000 0.0980
vn -0.9952 -0.0000 -0.0980
vn -0.9569 -0.0000 -0.2903
vn -0.8819 -0.0000 -0.4714
vn -0.7730 -0.0000 -0.6344
vn -0.6344 -0.0000 -0.7730
vn -0.4714 -0.0000 -0.8819
vn -0.0000 1.0000 -0.0000
vn -0.2903 -0.0000 -0.9569
vn -0.0980 -0.0000 -0.9952
vn -0.0000 -1.0000 -0.0000
vt 1.000000 0.500000
vt 1.000000 1.000000
vt 0.968750 1.000000
vt 0.968750 0.500000
vt 0.937500 1.000000
vt 0.937500 0.500000
vt 0.906250 1.000000
vt 0.906250 0.500000
vt 0.875000 1.000000
vt 0.875000 0.500000
vt 0.843750 1.000000
vt 0.843750 0.500000
vt 0.812500 1.000000
vt 0.812500 0.500000
vt 0.781250 1.000000
vt 0.781250 0.500000
vt 0.750000 1.000000
vt 0.750000 0.500000
vt 0.718750 1.000000
vt 0.718750 0.500000
vt 0.687500 1.000000
vt 0.687500 0.500000
vt 0.656250 1.000000
vt 0.656250 0.500000
vt 0.625000 1.000000
vt 0.625000 0.500000
vt 0.593750 1.000000
vt 0.593750 0.500000
vt 0.562500 1.000000
vt 0.562500 0.500000
vt 0.531250 1.000000
vt 0.531250 0.500000
vt 0.500000 1.000000
vt 0.500000 0.500000
vt 0.468750 1.000000
vt 0.468750 0.500000
vt 0.437500 1.000000
vt 0.437500 0.500000
vt 0.406250 1.000000
vt 0.406250 0.500000
vt 0.375000 1.000000
vt 0.375000 0.500000
vt 0.343750 1.000000
vt 0.343750 0.500000
vt 0.312500 1.000000
vt 0.312500 0.500000
vt 0.281250 1.000000
vt 0.281250 0.500000
vt 0.250000 1.000000
vt 0.250000 0.500000
vt 0.218750 1.000000
vt 0.218750 0.500000
vt 0.187500 1.000000
vt 0.187500 0.500000
vt 0.156250 1.000000
vt 0.156250 0.500000
vt 0.125000 1.000000
vt 0.125000 0.500000
vt 0.093750 1.000000
vt 0.093750 0.500000
vt 0.062500 1.000000
vt 0.062500 0.500000
vt 0.296822 0.485388
vt 0.250000 0.490000
vt 0.203178 0.485388
vt 0.158156 0.471731
vt 0.116663 0.449553
vt 0.080294 0.419706
vt 0.050447 0.383337
vt 0.028269 0.341844
vt 0.014612 0.296822
vt 0.010000 0.250000
vt 0.014612 0.203178
vt 0.028269 0.158156
vt 0.050447 0.116663
vt 0.080294 0.080294
vt 0.116663 0.050447
vt 0.158156 0.028269
vt 0.203178 0.014612
vt 0.250000 0.010000
vt 0.296822 0.014612
vt 0.341844 0.028269
vt 0.383337 0.050447
vt 0.419706 0.080294
vt 0.449553 0.116663
vt 0.471731 0.158156
vt 0.485388 0.203178
vt 0.490000 0.250000
vt 0.485388 0.296822
vt 0.471731 0.341844
vt 0.449553 0.383337
vt 0.419706 0.419706
vt 0.383337 0.449553
vt 0.341844 0.471731
vt 0.031250 1.000000
vt 0.031250 0.500000
vt 0.000000 1.000000
vt 0.000000 0.500000
vt 0.750000 0.490000
vt 0.796822 0.485388
vt 0.841844 0.471731
vt 0.883337 0.449553
vt 0.919706 0.419706
vt 0.949553 0.383337
vt 0.971731 0.341844
vt 0.985388 0.296822
vt 0.990000 0.250000
vt 0.985388 0.203178
vt 0.971731 0.158156
vt 0.949553 0.116663
vt 0.919706 0.080294
vt 0.883337 0.050447
vt 0.841844 0.028269
vt 0.796822 0.014612
vt 0.750000 0.010000
vt 0.703178 0.014612
vt 0.658156 0.028269
vt 0.616663 0.050447
vt 0.580294 0.080294
vt 0.550447 0.116663
vt 0.528269 0.158156
vt 0.514612 0.203178
vt 0.510000 0.250000
vt 0.514612 0.296822
vt 0.528269 0.341844
vt 0.550447 0.383337
vt 0.580294 0.419706
vt 0.616663 0.449553
vt 0.658156 0.471731
vt 0.703178 0.485388
s 0
f 4658/7042/1491 4659/7043/1491 4661/7044/1491 4660/7045/1491
f 4660/7045/1492 4661/7044/1492 4663/7046/1492 4662/7047/1492
f 4662/7047/1493 4663/7046/1493 4665/7048/1493 4664/7049/1493
f 4664/7049/1494 4665/7048/1494 4667/7050/1494 4666/7051/1494
f 4666/7051/1495 4667/7050/1495 4669/7052/1495 4668/7053/1495
f 4668/7053/1496 4669/7052/1496 4671/7054/1496 4670/7055/1496
f 4670/7055/1497 4671/7054/1497 4673/7056/1497 4672/7057/1497
f 4672/7057/1498 4673/7056/1498 4675/7058/1498 4674/7059/1498
f 4674/7059/1499 4675/7058/1499 4677/7060/1499 4676/7061/1499
f 4676/7061/1500 4677/7060/1500 4679/7062/1500 4678/7063/1500
f 4678/7063/1501 4679/7062/1501 4681/7064/1501 4680/7065/1501
f 4680/7065/1502 4681/7064/1502 4683/7066/1502 4682/7067/1502
f 4682/7067/1503 4683/7066/1503 4685/7068/1503 4684/7069/1503
f 4684/7069/1504 4685/7068/1504 4687/7070/1504 4686/7071/1504
f 4686/7071/1505 4687/7070/1505 4689/7072/1505 4688/7073/1505
f 4688/7073/1506 4689/7072/1506 4691/7074/1506 4690/7075/1506
f 4690/7075/1507 4691/7074/1507 4693/7076/1507 4692/7077/1507
f 4692/7077/1508 4693/7076/1508 4695/7078/1508 4694/7079/1508
f 4694/7079/1509 4695/7078/1509 4697/7080/1509 4696/7081/1509
f 4696/7081/1510 4697/7080/1510 4699/7082/1510 4698/7083/1510
f 4698/7083/1511 4699/7082/1511 4701/7084/1511 4700/7085/1511
f 4700/7085/1512 4701/7084/1512 4703/7086/1512 4702/7087/1512
f 4702/7087/1513 4703/7086/1513 4705/7088/1513 4704/7089/1513
f 4704/7089/1514 4705/7088/1514 4707/7090/1514 4706/7091/1514
f 4706/7091/1515 4707/7090/1515 4709/7092/1515 4708/7093/1515
f 4708/7093/1516 4709/7092/1516 4711/7094/1516 4710/7095/1516
f 4710/7095/1517 4711/7094/1517 4713/7096/1517 4712/7097/1517
f 4712/7097/1518 4713/7096/1518 4715/7098/1518 4714/7099/1518
f 4714/7099/1519 4715/7098/1519 4717/7100/1519 4716/7101/1519
f 4716/7101/1520 4717/7100/1520 4719/7102/1520 4718/7103/1520
f 4661/7104/1521 4659/7105/1521 4721/7106/1521 4719/7107/1521 4717/7108/1521 4715/7109/1521 4713/7110/1521 4711/7111/1521 4709/7112/1521 4707/7113/1521 4705/7114/1521 4703/7115/1521 4701/7116/1521 4699/7117/1521 4697/7118/1521 4695/7119/1521 4693/7120/1521 4691/7121/1521 4689/7122/1521 4687/7123/1521 4685/7124/1521 4683/7125/1521 4681/7126/1521 4679/7127/1521 4677/7128/1521 4675/7129/1521 4673/7130/1521 4671/7131/1521 4669/7132/1521 4667/7133/1521 4665/7134/1521 4663/7135/1521
f 4718/7103/1522 4719/7102/1522 4721/7136/1522 4720/7137/1522
f 4720/7137/1523 4721/7136/1523 4659/7138/1523 4658/7139/1523
f 4658/7140/1524 4660/7141/1524 4662/7142/1524 4664/7143/1524 4666/7144/1524 4668/7145/1524 4670/7146/1524 4672/7147/1524 4674/7148/1524 4676/7149/1524 4678/7150/1524 4680/7151/1524 4682/7152/1524 4684/7153/1524 4686/7154/1524 4688/7155/1524 4690/7156/1524 4692/7157/1524 4694/7158/1524 4696/7159/1524 4698/7160/1524 4700/7161/1524 4702/7162/1524 4704/7163/1524 4706/7164/1524 4708/7165/1524 4710/7166/1524 4712/7167/1524 4714/7168/1524 4716/7169/1524 4718/7170/1524 4720/7171/1524
o Cylinder.044
v -13.060215 -0.231861 2.735319
v -13.060215 16.465769 2.735319
v -13.013407 -0.231861 2.739929
v -13.013407 16.465769 2.739929
v -12.968397 -0.231861 2.753583
v -12.968397 16.465769 2.753583
v -12.926916 -0.231861 2.775755
v -12.926916 16.465769 2.775755
v -12.890557 -0.231861 2.805593
v -12.890557 16.465769 2.805593
v -12.860719 -0.231861 2.841952
v -12.860719 16.465769 2.841952
v -12.838547 -0.231861 2.883433
v -12.838547 16.465769 2.883433
v -12.824893 -0.231861 2.928443
v -12.824893 16.465769 2.928443
v -12.820283 -0.231861 2.975251
v -12.820283 16.465769 2.975251
v -12.824893 -0.231861 3.022060
v -12.824893 16.465769 3.022060
v -12.838547 -0.231861 3.067069
v -12.838547 16.465769 3.067069
v -12.860719 -0.231861 3.108551
v -12.860719 16.465769 3.108551
v -12.890557 -0.231861 3.144909
v -12.890557 16.465769 3.144909
v -12.926916 -0.231861 3.174748
v -12.926916 16.465769 3.174748
v -12.968397 -0.231861 3.196920
v -12.968397 16.465769 3.196920
v -13.013407 -0.231861 3.210573
v -13.013407 16.465769 3.210573
v -13.060215 -0.231861 3.215183
v -13.060215 16.465769 3.215183
v -13.107023 -0.231861 3.210573
v -13.107023 16.465769 3.210573
v -13.152033 -0.231861 3.196920
v -13.152033 16.465769 3.196920
v -13.193514 -0.231861 3.174748
v -13.193514 16.465769 3.174748
v -13.229873 -0.231861 3.144909
v -13.229873 16.465769 3.144909
v -13.259711 -0.231861 3.108551
v -13.259711 16.465769 3.108551
v -13.281883 -0.231861 3.067069
v -13.281883 16.465769 3.067069
v -13.295537 -0.231861 3.022060
v -13.295537 16.465769 3.022060
v -13.300147 -0.231861 2.975251
v -13.300147 16.465769 2.975251
v -13.295537 -0.231861 2.928443
v -13.295537 16.465769 2.928443
v -13.281883 -0.231861 2.883433
v -13.281883 16.465769 2.883433
v -13.259711 -0.231861 2.841952
v -13.259711 16.465769 2.841952
v -13.229873 -0.231861 2.805593
v -13.229873 16.465769 2.805593
v -13.193514 -0.231861 2.775755
v -13.193514 16.465769 2.775755
v -13.152033 -0.231861 2.753583
v -13.152033 16.465769 2.753583
v -13.107023 -0.231861 2.739929
v -13.107023 16.465769 2.739929
vn 0.0980 -0.0000 -0.9952
vn 0.2903 -0.0000 -0.9569
vn 0.4714 -0.0000 -0.8819
vn 0.6344 -0.0000 -0.7730
vn 0.7730 -0.0000 -0.6344
vn 0.8819 -0.0000 -0.4714
vn 0.9569 -0.0000 -0.2903
vn 0.9952 -0.0000 -0.0980
vn 0.9952 -0.0000 0.0980
vn 0.9569 -0.0000 0.2903
vn 0.8819 -0.0000 0.4714
vn 0.7730 -0.0000 0.6344
vn 0.6344 -0.0000 0.7730
vn 0.4714 -0.0000 0.8819
vn 0.2903 -0.0000 0.9569
vn 0.0980 -0.0000 0.9952
vn -0.0980 -0.0000 0.9952
vn -0.2903 -0.0000 0.9569
vn -0.4714 -0.0000 0.8819
vn -0.6344 -0.0000 0.7730
vn -0.7730 -0.0000 0.6344
vn -0.8819 -0.0000 0.4714
vn -0.9569 -0.0000 0.2903
vn -0.9952 -0.0000 0.0980
vn -0.9952 -0.0000 -0.0980
vn -0.9569 -0.0000 -0.2903
vn -0.8819 -0.0000 -0.4714
vn -0.7730 -0.0000 -0.6344
vn -0.6344 -0.0000 -0.7730
vn -0.4714 -0.0000 -0.8819
vn -0.0000 1.0000 -0.0000
vn -0.2903 -0.0000 -0.9569
vn -0.0980 -0.0000 -0.9952
vn -0.0000 -1.0000 -0.0000
vt 1.000000 0.500000
vt 1.000000 1.000000
vt 0.968750 1.000000
vt 0.968750 0.500000
vt 0.937500 1.000000
vt 0.937500 0.500000
vt 0.906250 1.000000
vt 0.906250 0.500000
vt 0.875000 1.000000
vt 0.875000 0.500000
vt 0.843750 1.000000
vt 0.843750 0.500000
vt 0.812500 1.000000
vt 0.812500 0.500000
vt 0.781250 1.000000
vt 0.781250 0.500000
vt 0.750000 1.000000
vt 0.750000 0.500000
vt 0.718750 1.000000
vt 0.718750 0.500000
vt 0.687500 1.000000
vt 0.687500 0.500000
vt 0.656250 1.000000
vt 0.656250 0.500000
vt 0.625000 1.000000
vt 0.625000 0.500000
vt 0.593750 1.000000
vt 0.593750 0.500000
vt 0.562500 1.000000
vt 0.562500 0.500000
vt 0.531250 1.000000
vt 0.531250 0.500000
vt 0.500000 1.000000
vt 0.500000 0.500000
vt 0.468750 1.000000
vt 0.468750 0.500000
vt 0.437500 1.000000
vt 0.437500 0.500000
vt 0.406250 1.000000
vt 0.406250 0.500000
vt 0.375000 1.000000
vt 0.375000 0.500000
vt 0.343750 1.000000
vt 0.343750 0.500000
vt 0.312500 1.000000
vt 0.312500 0.500000
vt 0.281250 1.000000
vt 0.281250 0.500000
vt 0.250000 1.000000
vt 0.250000 0.500000
vt 0.218750 1.000000
vt 0.218750 0.500000
vt 0.187500 1.000000
vt 0.187500 0.500000
vt 0.156250 1.000000
vt 0.156250 0.500000
vt 0.125000 1.000000
vt 0.125000 0.500000
vt 0.093750 1.000000
vt 0.093750 0.500000
vt 0.062500 1.000000
vt 0.062500 0.500000
vt 0.296822 0.485388
vt 0.250000 0.490000
vt 0.203178 0.485388
vt 0.158156 0.471731
vt 0.116663 0.449553
vt 0.080294 0.419706
vt 0.050447 0.383337
vt 0.028269 0.341844
vt 0.014612 0.296822
vt 0.010000 0.250000
vt 0.014612 0.203178
vt 0.028269 0.158156
vt 0.050447 0.116663
vt 0.080294 0.080294
vt 0.116663 0.050447
vt 0.158156 0.028269
vt 0.203178 0.014612
vt 0.250000 0.010000
vt 0.296822 0.014612
vt 0.341844 0.028269
vt 0.383337 0.050447
vt 0.419706 0.080294
vt 0.449553 0.116663
vt 0.471731 0.158156
vt 0.485388 0.203178
vt 0.490000 0.250000
vt 0.485388 0.296822
vt 0.471731 0.341844
vt 0.449553 0.383337
vt 0.419706 0.419706
vt 0.383337 0.449553
vt 0.341844 0.471731
vt 0.031250 1.000000
vt 0.031250 0.500000
vt 0.000000 1.000000
vt 0.000000 0.500000
vt 0.750000 0.490000
vt 0.796822 0.485388
vt 0.841844 0.471731
vt 0.883337 0.449553
vt 0.919706 0.419706
vt 0.949553 0.383337
vt 0.971731 0.341844
vt 0.985388 0.296822
vt 0.990000 0.250000
vt 0.985388 0.203178
vt 0.971731 0.158156
vt 0.949553 0.116663
vt 0.919706 0.080294
vt 0.883337 0.050447
vt 0.841844 0.028269
vt 0.796822 0.014612
vt 0.750000 0.010000
vt 0.703178 0.014612
vt 0.658156 0.028269
vt 0.616663 0.050447
vt 0.580294 0.080294
vt 0.550447 0.116663
vt 0.528269 0.158156
vt 0.514612 0.203178
vt 0.510000 0.250000
vt 0.514612 0.296822
vt 0.528269 0.341844
vt 0.550447 0.383337
vt 0.580294 0.419706
vt 0.616663 0.449553
vt 0.658156 0.471731
vt 0.703178 0.485388
s 0
f 4722/7172/1525 4723/7173/1525 4725/7174/1525 4724/7175/1525
f 4724/7175/1526 4725/7174/1526 4727/7176/1526 4726/7177/1526
f 4726/7177/1527 4727/7176/1527 4729/7178/1527 4728/7179/1527
f 4728/7179/1528 4729/7178/1528 4731/7180/1528 4730/7181/1528
f 4730/7181/1529 4731/7180/1529 4733/7182/1529 4732/7183/1529
f 4732/7183/1530 4733/7182/1530 4735/7184/1530 4734/7185/1530
f 4734/7185/1531 4735/7184/1531 4737/7186/1531 4736/7187/1531
f 4736/7187/1532 4737/7186/1532 4739/7188/1532 4738/7189/1532
f 4738/7189/1533 4739/7188/1533 4741/7190/1533 4740/7191/1533
f 4740/7191/1534 4741/7190/1534 4743/7192/1534 4742/7193/1534
f 4742/7193/1535 4743/7192/1535 4745/7194/1535 4744/7195/1535
f 4744/7195/1536 4745/7194/1536 4747/7196/1536 4746/7197/1536
f 4746/7197/1537 4747/7196/1537 4749/7198/1537 4748/7199/1537
f 4748/7199/1538 4749/7198/1538 4751/7200/1538 4750/7201/1538
f 4750/7201/1539 4751/7200/1539 4753/7202/1539 4752/7203/1539
f 4752/7203/1540 4753/7202/1540 4755/7204/1540 4754/7205/1540
f 4754/7205/1541 4755/7204/1541 4757/7206/1541 4756/7207/1541
f 4756/7207/1542 4757/7206/1542 4759/7208/1542 4758/7209/1542
f 4758/7209/1543 4759/7208/1543 4761/7210/1543 4760/7211/1543
f 4760/7211/1544 4761/7210/1544 4763/7212/1544 4762/7213/1544
f 4762/7213/1545 4763/7212/1545 4765/7214/1545 4764/7215/1545
f 4764/7215/1546 4765/7214/1546 4767/7216/1546 4766/7217/1546
f 4766/7217/1547 4767/7216/1547 4769/7218/1547 4768/7219/1547
f 4768/7219/1548 4769/7218/1548 4771/7220/1548 4770/7221/1548
f 4770/7221/1549 4771/7220/1549 4773/7222/1549 4772/7223/1549
f 4772/7223/1550 4773/7222/1550 4775/7224/1550 4774/7225/1550
f 4774/7225/1551 4775/7224/1551 4777/7226/1551 4776/7227/1551
f 4776/7227/1552 4777/7226/1552 4779/7228/1552 4778/7229/1552
f 4778/7229/1553 4779/7228/1553 4781/7230/1553 4780/7231/1553
f 4780/7231/1554 4781/7230/1554 4783/7232/1554 4782/7233/1554
f 4725/7234/1555 4723/7235/1555 4785/7236/1555 4783/7237/1555 4781/7238/1555 4779/7239/1555 4777/7240/1555 4775/7241/1555 4773/7242/1555 4771/7243/1555 4769/7244/1555 4767/7245/1555 4765/7246/1555 4763/7247/1555 4761/7248/1555 4759/7249/1555 4757/7250/1555 4755/7251/1555 4753/7252/1555 4751/7253/1555 4749/7254/1555 4747/7255/1555 4745/7256/1555 4743/7257/1555 4741/7258/1555 4739/7259/1555 4737/7260/1555 4735/7261/1555 4733/7262/1555 4731/7263/1555 4729/7264/1555 4727/7265/1555
f 4782/7233/1556 4783/7232/1556 4785/7266/1556 4784/7267/1556
f 4784/7267/1557 4785/7266/1557 4723/7268/1557 4722/7269/1557
f 4722/7270/1558 4724/7271/1558 4726/7272/1558 4728/7273/1558 4730/7274/1558 4732/7275/1558 4734/7276/1558 4736/7277/1558 4738/7278/1558 4740/7279/1558 4742/7280/1558 4744/7281/1558 4746/7282/1558 4748/7283/1558 4750/7284/1558 4752/7285/1558 4754/7286/1558 4756/7287/1558 4758/7288/1558 4760/7289/1558 4762/7290/1558 4764/7291/1558 4766/7292/1558 4768/7293/1558 4770/7294/1558 4772/7295/1558 4774/7296/1558 4776/7297/1558 4778/7298/1558 4780/7299/1558 4782/7300/1558 4784/7301/1558
o Cylinder.045
v -13.060215 -0.231861 1.610996
v -13.060215 16.465769 1.610996
v -13.013407 -0.231861 1.615606
v -13.013407 16.465769 1.615606
v -12.968397 -0.231861 1.629260
v -12.968397 16.465769 1.629260
v -12.926916 -0.231861 1.651432
v -12.926916 16.465769 1.651432
v -12.890557 -0.231861 1.681271
v -12.890557 16.465769 1.681271
v -12.860719 -0.231861 1.717629
v -12.860719 16.465769 1.717629
v -12.838547 -0.231861 1.759110
v -12.838547 16.465769 1.759110
v -12.824893 -0.231861 1.804120
v -12.824893 16.465769 1.804120
v -12.820283 -0.231861 1.850928
v -12.820283 16.465769 1.850928
v -12.824893 -0.231861 1.897737
v -12.824893 16.465769 1.897737
v -12.838547 -0.231861 1.942746
v -12.838547 16.465769 1.942746
v -12.860719 -0.231861 1.984228
v -12.860719 16.465769 1.984228
v -12.890557 -0.231861 2.020586
v -12.890557 16.465769 2.020586
v -12.926916 -0.231861 2.050425
v -12.926916 16.465769 2.050425
v -12.968397 -0.231861 2.072597
v -12.968397 16.465769 2.072597
v -13.013407 -0.231861 2.086250
v -13.013407 16.465769 2.086250
v -13.060215 -0.231861 2.090861
v -13.060215 16.465769 2.090861
v -13.107023 -0.231861 2.086250
v -13.107023 16.465769 2.086250
v -13.152033 -0.231861 2.072597
v -13.152033 16.465769 2.072597
v -13.193514 -0.231861 2.050425
v -13.193514 16.465769 2.050425
v -13.229873 -0.231861 2.020586
v -13.229873 16.465769 2.020586
v -13.259711 -0.231861 1.984228
v -13.259711 16.465769 1.984228
v -13.281883 -0.231861 1.942746
v -13.281883 16.465769 1.942746
v -13.295537 -0.231861 1.897737
v -13.295537 16.465769 1.897737
v -13.300147 -0.231861 1.850928
v -13.300147 16.465769 1.850928
v -13.295537 -0.231861 1.804120
v -13.295537 16.465769 1.804120
v -13.281883 -0.231861 1.759110
v -13.281883 16.465769 1.759110
v -13.259711 -0.231861 1.717629
v -13.259711 16.465769 1.717629
v -13.229873 -0.231861 1.681271
v -13.229873 16.465769 1.681271
v -13.193514 -0.231861 1.651432
v -13.193514 16.465769 1.651432
v -13.152033 -0.231861 1.629260
v -13.152033 16.465769 1.629260
v -13.107023 -0.231861 1.615606
v -13.107023 16.465769 1.615606
vn 0.0980 -0.0000 -0.9952
vn 0.2903 -0.0000 -0.9569
vn 0.4714 -0.0000 -0.8819
vn 0.6344 -0.0000 -0.7730
vn 0.7730 -0.0000 -0.6344
vn 0.8819 -0.0000 -0.4714
vn 0.9569 -0.0000 -0.2903
vn 0.9952 -0.0000 -0.0980
vn 0.9952 -0.0000 0.0980
vn 0.9569 -0.0000 0.2903
vn 0.8819 -0.0000 0.4714
vn 0.7730 -0.0000 0.6344
vn 0.6344 -0.0000 0.7730
vn 0.4714 -0.0000 0.8819
vn 0.2903 -0.0000 0.9569
vn 0.0980 -0.0000 0.9952
vn -0.0980 -0.0000 0.9952
vn -0.2903 -0.0000 0.9569
vn -0.4714 -0.0000 0.8819
vn -0.6344 -0.0000 0.7730
vn -0.7730 -0.0000 0.6344
vn -0.8819 -0.0000 0.4714
vn -0.9569 -0.0000 0.2903
vn -0.9952 -0.0000 0.0980
vn -0.9952 -0.0000 -0.0980
vn -0.9569 -0.0000 -0.2903
vn -0.8819 -0.0000 -0.4714
vn -0.7730 -0.0000 -0.6344
vn -0.6344 -0.0000 -0.7730
vn -0.4714 -0.0000 -0.8819
vn -0.0000 1.0000 -0.0000
vn -0.2903 -0.0000 -0.9569
vn -0.0980 -0.0000 -0.9952
vn -0.0000 -1.0000 -0.0000
vt 1.000000 0.500000
vt 1.000000 1.000000
vt 0.968750 1.000000
vt 0.968750 0.500000
vt 0.937500 1.000000
vt 0.937500 0.500000
vt 0.906250 1.000000
vt 0.906250 0.500000
vt 0.875000 1.000000
vt 0.875000 0.500000
vt 0.843750 1.000000
vt 0.843750 0.500000
vt 0.812500 1.000000
vt 0.812500 0.500000
vt 0.781250 1.000000
vt 0.781250 0.500000
vt 0.750000 1.000000
vt 0.750000 0.500000
vt 0.718750 1.000000
vt 0.718750 0.500000
vt 0.687500 1.000000
vt 0.687500 0.500000
vt 0.656250 1.000000
vt 0.656250 0.500000
vt 0.625000 1.000000
vt 0.625000 0.500000
vt 0.593750 1.000000
vt 0.593750 0.500000
vt 0.562500 1.000000
vt 0.562500 0.500000
vt 0.531250 1.000000
vt 0.531250 0.500000
vt 0.500000 1.000000
vt 0.500000 0.500000
vt 0.468750 1.000000
vt 0.468750 0.500000
vt 0.437500 1.000000
vt 0.437500 0.500000
vt 0.406250 1.000000
vt 0.406250 0.500000
vt 0.375000 1.000000
vt 0.375000 0.500000
vt 0.343750 1.000000
vt 0.343750 0.500000
vt 0.312500 1.000000
vt 0.312500 0.500000
vt 0.281250 1.000000
vt 0.281250 0.500000
vt 0.250000 1.000000
vt 0.250000 0.500000
vt 0.218750 1.000000
vt 0.218750 0.500000
vt 0.187500 1.000000
vt 0.187500 0.500000
vt 0.156250 1.000000
vt 0.156250 0.500000
vt 0.125000 1.000000
vt 0.125000 0.500000
vt 0.093750 1.000000
vt 0.093750 0.500000
vt 0.062500 1.000000
vt 0.062500 0.500000
vt 0.296822 0.485388
vt 0.250000 0.490000
vt 0.203178 0.485388
vt 0.158156 0.471731
vt 0.116663 0.449553
vt 0.080294 0.419706
vt 0.050447 0.383337
vt 0.028269 0.341844
vt 0.014612 0.296822
vt 0.010000 0.250000
vt 0.014612 0.203178
vt 0.028269 0.158156
vt 0.050447 0.116663
vt 0.080294 0.080294
vt 0.116663 0.050447
vt 0.158156 0.028269
vt 0.203178 0.014612
vt 0.250000 0.010000
vt 0.296822 0.014612
vt 0.341844 0.028269
vt 0.383337 0.050447
vt 0.419706 0.080294
vt 0.449553 0.116663
vt 0.471731 0.158156
vt 0.485388 0.203178
vt 0.490000 0.250000
vt 0.485388 0.296822
vt 0.471731 0.341844
vt 0.449553 0.383337
vt 0.419706 0.419706
vt 0.383337 0.449553
vt 0.341844 0.471731
vt 0.031250 1.000000
vt 0.031250 0.500000
vt 0.000000 1.000000
vt 0.000000 0.500000
vt 0.750000 0.490000
vt 0.796822 0.485388
vt 0.841844 0.471731
vt 0.883337 0.449553
vt 0.919706 0.419706
vt 0.949553 0.383337
vt 0.971731 0.341844
vt 0.985388 0.296822
vt 0.990000 0.250000
vt 0.985388 0.203178
vt 0.971731 0.158156
vt 0.949553 0.116663
vt 0.919706 0.080294
vt 0.883337 0.050447
vt 0.841844 0.028269
vt 0.796822 0.014612
vt 0.750000 0.010000
vt 0.703178 0.014612
vt 0.658156 0.028269
vt 0.616663 0.050447
vt 0.580294 0.080294
vt 0.550447 0.116663
vt 0.528269 0.158156
vt 0.514612 0.203178
vt 0.510000 0.250000
vt 0.514612 0.296822
vt 0.528269 0.341844
vt 0.550447 0.383337
vt 0.580294 0.419706
vt 0.616663 0.449553
vt 0.658156 0.471731
vt 0.703178 0.485388
s 0
f 4786/7302/1559 4787/7303/1559 4789/7304/1559 4788/7305/1559
f 4788/7305/1560 4789/7304/1560 4791/7306/1560 4790/7307/1560
f 4790/7307/1561 4791/7306/1561 4793/7308/1561 4792/7309/1561
f 4792/7309/1562 4793/7308/1562 4795/7310/1562 4794/7311/1562
f 4794/7311/1563 4795/7310/1563 4797/7312/1563 4796/7313/1563
f 4796/7313/1564 4797/7312/1564 4799/7314/1564 4798/7315/1564
f 4798/7315/1565 4799/7314/1565 4801/7316/1565 4800/7317/1565
f 4800/7317/1566 4801/7316/1566 4803/7318/1566 4802/7319/1566
f 4802/7319/1567 4803/7318/1567 4805/7320/1567 4804/7321/1567
f 4804/7321/1568 4805/7320/1568 4807/7322/1568 4806/7323/1568
f 4806/7323/1569 4807/7322/1569 4809/7324/1569 4808/7325/1569
f 4808/7325/1570 4809/7324/1570 4811/7326/1570 4810/7327/1570
f 4810/7327/1571 4811/7326/1571 4813/7328/1571 4812/7329/1571
f 4812/7329/1572 4813/7328/1572 4815/7330/1572 4814/7331/1572
f 4814/7331/1573 4815/7330/1573 4817/7332/1573 4816/7333/1573
f 4816/7333/1574 4817/7332/1574 4819/7334/1574 4818/7335/1574
f 4818/7335/1575 4819/7334/1575 4821/7336/1575 4820/7337/1575
f 4820/7337/1576 4821/7336/1576 4823/7338/1576 4822/7339/1576
f 4822/7339/1577 4823/7338/1577 4825/7340/1577 4824/7341/1577
f 4824/7341/1578 4825/7340/1578 4827/7342/1578 4826/7343/1578
f 4826/7343/1579 4827/7342/1579 4829/7344/1579 4828/7345/1579
f 4828/7345/1580 4829/7344/1580 4831/7346/1580 4830/7347/1580
f 4830/7347/1581 4831/7346/1581 4833/7348/1581 4832/7349/1581
f 4832/7349/1582 4833/7348/1582 4835/7350/1582 4834/7351/1582
f 4834/7351/1583 4835/7350/1583 4837/7352/1583 4836/7353/1583
f 4836/7353/1584 4837/7352/1584 4839/7354/1584 4838/7355/1584
f 4838/7355/1585 4839/7354/1585 4841/7356/1585 4840/7357/1585
f 4840/7357/1586 4841/7356/1586 4843/7358/1586 4842/7359/1586
f 4842/7359/1587 4843/7358/1587 4845/7360/1587 4844/7361/1587
f 4844/7361/1588 4845/7360/1588 4847/7362/1588 4846/7363/1588
f 4789/7364/1589 4787/7365/1589 4849/7366/1589 4847/7367/1589 4845/7368/1589 4843/7369/1589 4841/7370/1589 4839/7371/1589 4837/7372/1589 4835/7373/1589 4833/7374/1589 4831/7375/1589 4829/7376/1589 4827/7377/1589 4825/7378/1589 4823/7379/1589 4821/7380/1589 4819/7381/1589 4817/7382/1589 4815/7383/1589 4813/7384/1589 4811/7385/1589 4809/7386/1589 4807/7387/1589 4805/7388/1589 4803/7389/1589 4801/7390/1589 4799/7391/1589 4797/7392/1589 4795/7393/1589 4793/7394/1589 4791/7395/1589
f 4846/7363/1590 4847/7362/1590 4849/7396/1590 4848/7397/1590
f 4848/7397/1591 4849/7396/1591 4787/7398/1591 4786/7399/1591
f 4786/7400/1592 4788/7401/1592 4790/7402/1592 4792/7403/1592 4794/7404/1592 4796/7405/1592 4798/7406/1592 4800/7407/1592 4802/7408/1592 4804/7409/1592 4806/7410/1592 4808/7411/1592 4810/7412/1592 4812/7413/1592 4814/7414/1592 4816/7415/1592 4818/7416/1592 4820/7417/1592 4822/7418/1592 4824/7419/1592 4826/7420/1592 4828/7421/1592 4830/7422/1592 4832/7423/1592 4834/7424/1592 4836/7425/1592 4838/7426/1592 4840/7427/1592 4842/7428/1592 4844/7429/1592 4846/7430/1592 4848/7431/1592
o Cylinder.046
v -13.060215 -0.231861 12.575226
v -13.060215 16.465769 12.575226
v -13.013407 -0.231861 12.579836
v -13.013407 16.465769 12.579836
v -12.968397 -0.231861 12.593490
v -12.968397 16.465769 12.593490
v -12.926916 -0.231861 12.615662
v -12.926916 16.465769 12.615662
v -12.890557 -0.231861 12.645500
v -12.890557 16.465769 12.645500
v -12.860719 -0.231861 12.681859
v -12.860719 16.465769 12.681859
v -12.838547 -0.231861 12.723340
v -12.838547 16.465769 12.723340
v -12.824893 -0.231861 12.768350
v -12.824893 16.465769 12.768350
v -12.820283 -0.231861 12.815158
v -12.820283 16.465769 12.815158
v -12.824893 -0.231861 12.861966
v -12.824893 16.465769 12.861966
v -12.838547 -0.231861 12.906976
v -12.838547 16.465769 12.906976
v -12.860719 -0.231861 12.948457
v -12.860719 16.465769 12.948457
v -12.890557 -0.231861 12.984816
v -12.890557 16.465769 12.984816
v -12.926916 -0.231861 13.014654
v -12.926916 16.465769 13.014654
v -12.968397 -0.231861 13.036826
v -12.968397 16.465769 13.036826
v -13.013407 -0.231861 13.050480
v -13.013407 16.465769 13.050480
v -13.060215 -0.231861 13.055090
v -13.060215 16.465769 13.055090
v -13.107023 -0.231861 13.050480
v -13.107023 16.465769 13.050480
v -13.152033 -0.231861 13.036826
v -13.152033 16.465769 13.036826
v -13.193514 -0.231861 13.014654
v -13.193514 16.465769 13.014654
v -13.229873 -0.231861 12.984816
v -13.229873 16.465769 12.984816
v -13.259711 -0.231861 12.948457
v -13.259711 16.465769 12.948457
v -13.281883 -0.231861 12.906976
v -13.281883 16.465769 12.906976
v -13.295537 -0.231861 12.861966
v -13.295537 16.465769 12.861966
v -13.300147 -0.231861 12.815158
v -13.300147 16.465769 12.815158
v -13.295537 -0.231861 12.768350
v -13.295537 16.465769 12.768350
v -13.281883 -0.231861 12.723340
v -13.281883 16.465769 12.723340
v -13.259711 -0.231861 12.681859
v -13.259711 16.465769 12.681859
v -13.229873 -0.231861 12.645500
v -13.229873 16.465769 12.645500
v -13.193514 -0.231861 12.615662
v -13.193514 16.465769 12.615662
v -13.152033 -0.231861 12.593490
v -13.152033 16.465769 12.593490
v -13.107023 -0.231861 12.579836
v -13.107023 16.465769 12.579836
vn 0.0980 -0.0000 -0.9952
vn 0.2903 -0.0000 -0.9569
vn 0.4714 -0.0000 -0.8819
vn 0.6344 -0.0000 -0.7730
vn 0.7730 -0.0000 -0.6344
vn 0.8819 -0.0000 -0.4714
vn 0.9569 -0.0000 -0.2903
vn 0.9952 -0.0000 -0.0980
vn 0.9952 -0.0000 0.0980
vn 0.9569 -0.0000 0.2903
vn 0.8819 -0.0000 0.4714
vn 0.7730 -0.0000 0.6344
vn 0.6344 -0.0000 0.7730
vn 0.4714 -0.0000 0.8819
vn 0.2903 -0.0000 0.9569
vn 0.0980 -0.0000 0.9952
vn -0.0980 -0.0000 0.9952
vn -0.2903 -0.0000 0.9569
vn -0.4714 -0.0000 0.8819
vn -0.6344 -0.0000 0.7730
vn -0.7730 -0.0000 0.6344
vn -0.8819 -0.0000 0.4714
vn -0.9569 -0.0000 0.2903
vn -0.9952 -0.0000 0.0980
vn -0.9952 -0.0000 -0.0980
vn -0.9569 -0.0000 -0.2903
vn -0.8819 -0.0000 -0.4714
vn -0.7730 -0.0000 -0.6344
vn -0.6344 -0.0000 -0.7730
vn -0.4714 -0.0000 -0.8819
vn -0.0000 1.0000 -0.0000
vn -0.2903 -0.0000 -0.9569
vn -0.0980 -0.0000 -0.9952
vn -0.0000 -1.0000 -0.0000
vt 1.000000 0.500000
vt 1.000000 1.000000
vt 0.968750 1.000000
vt 0.968750 0.500000
vt 0.937500 1.000000
vt 0.937500 0.500000
vt 0.906250 1.000000
vt 0.906250 0.500000
vt 0.875000 1.000000
vt 0.875000 0.500000
vt 0.843750 1.000000
vt 0.843750 0.500000
vt 0.812500 1.000000
vt 0.812500 0.500000
vt 0.781250 1.000000
vt 0.781250 0.500000
vt 0.750000 1.000000
vt 0.750000 0.500000
vt 0.718750 1.000000
vt 0.718750 0.500000
vt 0.687500 1.000000
vt 0.687500 0.500000
vt 0.656250 1.000000
vt 0.656250 0.500000
vt 0.625000 1.000000
vt 0.625000 0.500000
vt 0.593750 1.000000
vt 0.593750 0.500000
vt 0.562500 1.000000
vt 0.562500 0.500000
vt 0.531250 1.000000
vt 0.531250 0.500000
vt 0.500000 1.000000
vt 0.500000 0.500000
vt 0.468750 1.000000
vt 0.468750 0.500000
vt 0.437500 1.000000
vt 0.437500 0.500000
vt 0.406250 1.000000
vt 0.406250 0.500000
vt 0.375000 1.000000
vt 0.375000 0.500000
vt 0.343750 1.000000
vt 0.343750 0.500000
vt 0.312500 1.000000
vt 0.312500 0.500000
vt 0.281250 1.000000
vt 0.281250 0.500000
vt 0.250000 1.000000
vt 0.250000 0.500000
vt 0.218750 1.000000
vt 0.218750 0.500000
vt 0.187500 1.000000
vt 0.187500 0.500000
vt 0.156250 1.000000
vt 0.156250 0.500000
vt 0.125000 1.000000
vt 0.125000 0.500000
vt 0.093750 1.000000
vt 0.093750 0.500000
vt 0.062500 1.000000
vt 0.062500 0.500000
vt 0.296822 0.485388
vt 0.250000 0.490000
vt 0.203178 0.485388
vt 0.158156 0.471731
vt 0.116663 0.449553
vt 0.080294 0.419706
vt 0.050447 0.383337
vt 0.028269 0.341844
vt 0.014612 0.296822
vt 0.010000 0.250000
vt 0.014612 0.203178
vt 0.028269 0.158156
vt 0.050447 0.116663
vt 0.080294 0.080294
vt 0.116663 0.050447
vt 0.158156 0.028269
vt 0.203178 0.014612
vt 0.250000 0.010000
vt 0.296822 0.014612
vt 0.341844 0.028269
vt 0.383337 0.050447
vt 0.419706 0.080294
vt 0.449553 0.116663
vt 0.471731 0.158156
vt 0.485388 0.203178
vt 0.490000 0.250000
vt 0.485388 0.296822
vt 0.471731 0.341844
vt 0.449553 0.383337
vt 0.419706 0.419706
vt 0.383337 0.449553
vt 0.341844 0.471731
vt 0.031250 1.000000
vt 0.031250 0.500000
vt 0.000000 1.000000
vt 0.000000 0.500000
vt 0.750000 0.490000
vt 0.796822 0.485388
vt 0.841844 0.471731
vt 0.883337 0.449553
vt 0.919706 0.419706
vt 0.949553 0.383337
vt 0.971731 0.341844
vt 0.985388 0.296822
vt 0.990000 0.250000
vt 0.985388 0.203178
vt 0.971731 0.158156
vt 0.949553 0.116663
vt 0.919706 0.080294
vt 0.883337 0.050447
vt 0.841844 0.028269
vt 0.796822 0.014612
vt 0.750000 0.010000
vt 0.703178 0.014612
vt 0.658156 0.028269
vt 0.616663 0.050447
vt 0.580294 0.080294
vt 0.550447 0.116663
vt 0.528269 0.158156
vt 0.514612 0.203178
vt 0.510000 0.250000
vt 0.514612 0.296822
vt 0.528269 0.341844
vt 0.550447 0.383337
vt 0.580294 0.419706
vt 0.616663 0.449553
vt 0.658156 0.471731
vt 0.703178 0.485388
s 0
f 4850/7432/1593 4851/7433/1593 4853/7434/1593 4852/7435/1593
f 4852/7435/1594 4853/7434/1594 4855/7436/1594 4854/7437/1594
f 4854/7437/1595 4855/7436/1595 4857/7438/1595 4856/7439/1595
f 4856/7439/1596 4857/7438/1596 4859/7440/1596 4858/7441/1596
f 4858/7441/1597 4859/7440/1597 4861/7442/1597 4860/7443/1597
f 4860/7443/1598 4861/7442/1598 4863/7444/1598 4862/7445/1598
f 4862/7445/1599 4863/7444/1599 4865/7446/1599 4864/7447/1599
f 4864/7447/1600 4865/7446/1600 4867/7448/1600 4866/7449/1600
f 4866/7449/1601 4867/7448/1601 4869/7450/1601 4868/7451/1601
f 4868/7451/1602 4869/7450/1602 4871/7452/1602 4870/7453/1602
f 4870/7453/1603 4871/7452/1603 4873/7454/1603 4872/7455/1603
f 4872/7455/1604 4873/7454/1604 4875/7456/1604 4874/7457/1604
f 4874/7457/1605 4875/7456/1605 4877/7458/1605 4876/7459/1605
f 4876/7459/1606 4877/7458/1606 4879/7460/1606 4878/7461/1606
f 4878/7461/1607 4879/7460/1607 4881/7462/1607 4880/7463/1607
f 4880/7463/1608 4881/7462/1608 4883/7464/1608 4882/7465/1608
f 4882/7465/1609 4883/7464/1609 4885/7466/1609 4884/7467/1609
f 4884/7467/1610 4885/7466/1610 4887/7468/1610 4886/7469/1610
f 4886/7469/1611 4887/7468/1611 4889/7470/1611 4888/7471/1611
f 4888/7471/1612 4889/7470/1612 4891/7472/1612 4890/7473/1612
f 4890/7473/1613 4891/7472/1613 4893/7474/1613 4892/7475/1613
f 4892/7475/1614 4893/7474/1614 4895/7476/1614 4894/7477/1614
f 4894/7477/1615 4895/7476/1615 4897/7478/1615 4896/7479/1615
f 4896/7479/1616 4897/7478/1616 4899/7480/1616 4898/7481/1616
f 4898/7481/1617 4899/7480/1617 4901/7482/1617 4900/7483/1617
f 4900/7483/1618 4901/7482/1618 4903/7484/1618 4902/7485/1618
f 4902/7485/1619 4903/7484/1619 4905/7486/1619 4904/7487/1619
f 4904/7487/1620 4905/7486/1620 4907/7488/1620 4906/7489/1620
f 4906/7489/1621 4907/7488/1621 4909/7490/1621 4908/7491/1621
f 4908/7491/1622 4909/7490/1622 4911/7492/1622 4910/7493/1622
f 4853/7494/1623 4851/7495/1623 4913/7496/1623 4911/7497/1623 4909/7498/1623 4907/7499/1623 4905/7500/1623 4903/7501/1623 4901/7502/1623 4899/7503/1623 4897/7504/1623 4895/7505/1623 4893/7506/1623 4891/7507/1623 4889/7508/1623 4887/7509/1623 4885/7510/1623 4883/7511/1623 4881/7512/1623 4879/7513/1623 4877/7514/1623 4875/7515/1623 4873/7516/1623 4871/7517/1623 4869/7518/1623 4867/7519/1623 4865/7520/1623 4863/7521/1623 4861/7522/1623 4859/7523/1623 4857/7524/1623 4855/7525/1623
f 4910/7493/1624 4911/7492/1624 4913/7526/1624 4912/7527/1624
f 4912/7527/1625 4913/7526/1625 4851/7528/1625 4850/7529/1625
f 4850/7530/1626 4852/7531/1626 4854/7532/1626 4856/7533/1626 4858/7534/1626 4860/7535/1626 4862/7536/1626 4864/7537/1626 4866/7538/1626 4868/7539/1626 4870/7540/1626 4872/7541/1626 4874/7542/1626 4876/7543/1626 4878/7544/1626 4880/7545/1626 4882/7546/1626 4884/7547/1626 4886/7548/1626 4888/7549/1626 4890/7550/1626 4892/7551/1626 4894/7552/1626 4896/7553/1626 4898/7554/1626 4900/7555/1626 4902/7556/1626 4904/7557/1626 4906/7558/1626 4908/7559/1626 4910/7560/1626 4912/7561/1626
o Cylinder.047
v -13.060215 -0.231861 11.464565
v -13.060215 16.465769 11.464565
v -13.013407 -0.231861 11.469175
v -13.013407 16.465769 11.469175
v -12.968397 -0.231861 11.482829
v -12.968397 16.465769 11.482829
v -12.926916 -0.231861 11.505001
v -12.926916 16.465769 11.505001
v -12.890557 -0.231861 11.534840
v -12.890557 16.465769 11.534840
v -12.860719 -0.231861 11.571198
v -12.860719 16.465769 11.571198
v -12.838547 -0.231861 11.612679
v -12.838547 16.465769 11.612679
v -12.824893 -0.231861 11.657689
v -12.824893 16.465769 11.657689
v -12.820283 -0.231861 11.704497
v -12.820283 16.465769 11.704497
v -12.824893 -0.231861 11.751306
v -12.824893 16.465769 11.751306
v -12.838547 -0.231861 11.796315
v -12.838547 16.465769 11.796315
v -12.860719 -0.231861 11.837796
v -12.860719 16.465769 11.837796
v -12.890557 -0.231861 11.874155
v -12.890557 16.465769 11.874155
v -12.926916 -0.231861 11.903994
v -12.926916 16.465769 11.903994
v -12.968397 -0.231861 11.926166
v -12.968397 16.465769 11.926166
v -13.013407 -0.231861 11.939819
v -13.013407 16.465769 11.939819
v -13.060215 -0.231861 11.944429
v -13.060215 16.465769 11.944429
v -13.107023 -0.231861 11.939819
v -13.107023 16.465769 11.939819
v -13.152033 -0.231861 11.926166
v -13.152033 16.465769 11.926166
v -13.193514 -0.231861 11.903994
v -13.193514 16.465769 11.903994
v -13.229873 -0.231861 11.874155
v -13.229873 16.465769 11.874155
v -13.259711 -0.231861 11.837796
v -13.259711 16.465769 11.837796
v -13.281883 -0.231861 11.796315
v -13.281883 16.465769 11.796315
v -13.295537 -0.231861 11.751306
v -13.295537 16.465769 11.751306
v -13.300147 -0.231861 11.704497
v -13.300147 16.465769 11.704497
v -13.295537 -0.231861 11.657689
v -13.295537 16.465769 11.657689
v -13.281883 -0.231861 11.612679
v -13.281883 16.465769 11.612679
v -13.259711 -0.231861 11.571198
v -13.259711 16.465769 11.571198
v -13.229873 -0.231861 11.534840
v -13.229873 16.465769 11.534840
v -13.193514 -0.231861 11.505001
v -13.193514 16.465769 11.505001
v -13.152033 -0.231861 11.482829
v -13.152033 16.465769 11.482829
v -13.107023 -0.231861 11.469175
v -13.107023 16.465769 11.469175
vn 0.0980 -0.0000 -0.9952
vn 0.2903 -0.0000 -0.9569
vn 0.4714 -0.0000 -0.8819
vn 0.6344 -0.0000 -0.7730
vn 0.7730 -0.0000 -0.6344
vn 0.8819 -0.0000 -0.4714
vn 0.9569 -0.0000 -0.2903
vn 0.9952 -0.0000 -0.0980
vn 0.9952 -0.0000 0.0980
vn 0.9569 -0.0000 0.2903
vn 0.8819 -0.0000 0.4714
vn 0.7730 -0.0000 0.6344
vn 0.6344 -0.0000 0.7730
vn 0.4714 -0.0000 0.8819
vn 0.2903 -0.0000 0.9569
vn 0.0980 -0.0000 0.9952
vn -0.0980 -0.0000 0.9952
vn -0.2903 -0.0000 0.9569
vn -0.4714 -0.0000 0.8819
vn -0.6344 -0.0000 0.7730
vn -0.7730 -0.0000 0.6344
vn -0.8819 -0.0000 0.4714
vn -0.9569 -0.0000 0.2903
vn -0.9952 -0.0000 0.0980
vn -0.9952 -0.0000 -0.0980
vn -0.9569 -0.0000 -0.2903
vn -0.8819 -0.0000 -0.4714
vn -0.7730 -0.0000 -0.6344
vn -0.6344 -0.0000 -0.7730
vn -0.4714 -0.0000 -0.8819
vn -0.0000 1.0000 -0.0000
vn -0.2903 -0.0000 -0.9569
vn -0.0980 -0.0000 -0.9952
vn -0.0000 -1.0000 -0.0000
vt 1.000000 0.500000
vt 1.000000 1.000000
vt 0.968750 1.000000
vt 0.968750 0.500000
vt 0.937500 1.000000
vt 0.937500 0.500000
vt 0.906250 1.000000
vt 0.906250 0.500000
vt 0.875000 1.000000
vt 0.875000 0.500000
vt 0.843750 1.000000
vt 0.843750 0.500000
vt 0.812500 1.000000
vt 0.812500 0.500000
vt 0.781250 1.000000
vt 0.781250 0.500000
vt 0.750000 1.000000
vt 0.750000 0.500000
vt 0.718750 1.000000
vt 0.718750 0.500000
vt 0.687500 1.000000
vt 0.687500 0.500000
vt 0.656250 1.000000
vt 0.656250 0.500000
vt 0.625000 1.000000
vt 0.625000 0.500000
vt 0.593750 1.000000
vt 0.593750 0.500000
vt 0.562500 1.000000
vt 0.562500 0.500000
vt 0.531250 1.000000
vt 0.531250 0.500000
vt 0.500000 1.000000
vt 0.500000 0.500000
vt 0.468750 1.000000
vt 0.468750 0.500000
vt 0.437500 1.000000
vt 0.437500 0.500000
vt 0.406250 1.000000
vt 0.406250 0.500000
vt 0.375000 1.000000
vt 0.375000 0.500000
vt 0.343750 1.000000
vt 0.343750 0.500000
vt 0.312500 1.000000
vt 0.312500 0.500000
vt 0.281250 1.000000
vt 0.281250 0.500000
vt 0.250000 1.000000
vt 0.250000 0.500000
vt 0.218750 1.000000
vt 0.218750 0.500000
vt 0.187500 1.000000
vt 0.187500 0.500000
vt 0.156250 1.000000
vt 0.156250 0.500000
vt 0.125000 1.000000
vt 0.125000 0.500000
vt 0.093750 1.000000
vt 0.093750 0.500000
vt 0.062500 1.000000
vt 0.062500 0.500000
vt 0.296822 0.485388
vt 0.250000 0.490000
vt 0.203178 0.485388
vt 0.158156 0.471731
vt 0.116663 0.449553
vt 0.080294 0.419706
vt 0.050447 0.383337
vt 0.028269 0.341844
vt 0.014612 0.296822
vt 0.010000 0.250000
vt 0.014612 0.203178
vt 0.028269 0.158156
vt 0.050447 0.116663
vt 0.080294 0.080294
vt 0.116663 0.050447
vt 0.158156 0.028269
vt 0.203178 0.014612
vt 0.250000 0.010000
vt 0.296822 0.014612
vt 0.341844 0.028269
vt 0.383337 0.050447
vt 0.419706 0.080294
vt 0.449553 0.116663
vt 0.471731 0.158156
vt 0.485388 0.203178
vt 0.490000 0.250000
vt 0.485388 0.296822
vt 0.471731 0.341844
vt 0.449553 0.383337
vt 0.419706 0.419706
vt 0.383337 0.449553
vt 0.341844 0.471731
vt 0.031250 1.000000
vt 0.031250 0.500000
vt 0.000000 1.000000
vt 0.000000 0.500000
vt 0.750000 0.490000
vt 0.796822 0.485388
vt 0.841844 0.471731
vt 0.883337 0.449553
vt 0.919706 0.419706
vt 0.949553 0.383337
vt 0.971731 0.341844
vt 0.985388 0.296822
vt 0.990000 0.250000
vt 0.985388 0.203178
vt 0.971731 0.158156
vt 0.949553 0.116663
vt 0.919706 0.080294
vt 0.883337 0.050447
vt 0.841844 0.028269
vt 0.796822 0.014612
vt 0.750000 0.010000
vt 0.703178 0.014612
vt 0.658156 0.028269
vt 0.616663 0.050447
vt 0.580294 0.080294
vt 0.550447 0.116663
vt 0.528269 0.158156
vt 0.514612 0.203178
vt 0.510000 0.250000
vt 0.514612 0.296822
vt 0.528269 0.341844
vt 0.550447 0.383337
vt 0.580294 0.419706
vt 0.616663 0.449553
vt 0.658156 0.471731
vt 0.703178 0.485388
s 0
f 4914/7562/1627 4915/7563/1627 4917/7564/1627 4916/7565/1627
f 4916/7565/1628 4917/7564/1628 4919/7566/1628 4918/7567/1628
f 4918/7567/1629 4919/7566/1629 4921/7568/1629 4920/7569/1629
f 4920/7569/1630 4921/7568/1630 4923/7570/1630 4922/7571/1630
f 4922/7571/1631 4923/7570/1631 4925/7572/1631 4924/7573/1631
f 4924/7573/1632 4925/7572/1632 4927/7574/1632 4926/7575/1632
f 4926/7575/1633 4927/7574/1633 4929/7576/1633 4928/7577/1633
f 4928/7577/1634 4929/7576/1634 4931/7578/1634 4930/7579/1634
f 4930/7579/1635 4931/7578/1635 4933/7580/1635 4932/7581/1635
f 4932/7581/1636 4933/7580/1636 4935/7582/1636 4934/7583/1636
f 4934/7583/1637 4935/7582/1637 4937/7584/1637 4936/7585/1637
f 4936/7585/1638 4937/7584/1638 4939/7586/1638 4938/7587/1638
f 4938/7587/1639 4939/7586/1639 4941/7588/1639 4940/7589/1639
f 4940/7589/1640 4941/7588/1640 4943/7590/1640 4942/7591/1640
f 4942/7591/1641 4943/7590/1641 4945/7592/1641 4944/7593/1641
f 4944/7593/1642 4945/7592/1642 4947/7594/1642 4946/7595/1642
f 4946/7595/1643 4947/7594/1643 4949/7596/1643 4948/7597/1643
f 4948/7597/1644 4949/7596/1644 4951/7598/1644 4950/7599/1644
f 4950/7599/1645 4951/7598/1645 4953/7600/1645 4952/7601/1645
f 4952/7601/1646 4953/7600/1646 4955/7602/1646 4954/7603/1646
f 4954/7603/1647 4955/7602/1647 4957/7604/1647 4956/7605/1647
f 4956/7605/1648 4957/7604/1648 4959/7606/1648 4958/7607/1648
f 4958/7607/1649 4959/7606/1649 4961/7608/1649 4960/7609/1649
f 4960/7609/1650 4961/7608/1650 4963/7610/1650 4962/7611/1650
f 4962/7611/1651 4963/7610/1651 4965/7612/1651 4964/7613/1651
f 4964/7613/1652 4965/7612/1652 4967/7614/1652 4966/7615/1652
f 4966/7615/1653 4967/7614/1653 4969/7616/1653 4968/7617/1653
f 4968/7617/1654 4969/7616/1654 4971/7618/1654 4970/7619/1654
f 4970/7619/1655 4971/7618/1655 4973/7620/1655 4972/7621/1655
f 4972/7621/1656 4973/7620/1656 4975/7622/1656 4974/7623/1656
f 4917/7624/1657 4915/7625/1657 4977/7626/1657 4975/7627/1657 4973/7628/1657 4971/7629/1657 4969/7630/1657 4967/7631/1657 4965/7632/1657 4963/7633/1657 4961/7634/1657 4959/7635/1657 4957/7636/1657 4955/7637/1657 4953/7638/1657 4951/7639/1657 4949/7640/1657 4947/7641/1657 4945/7642/1657 4943/7643/1657 4941/7644/1657 4939/7645/1657 4937/7646/1657 4935/7647/1657 4933/7648/1657 4931/7649/1657 4929/7650/1657 4927/7651/1657 4925/7652/1657 4923/7653/1657 4921/7654/1657 4919/7655/1657
f 4974/7623/1658 4975/7622/1658 4977/7656/1658 4976/7657/1658
f 4976/7657/1659 4977/7656/1659 4915/7658/1659 4914/7659/1659
f 4914/7660/1660 4916/7661/1660 4918/7662/1660 4920/7663/1660 4922/7664/1660 4924/7665/1660 4926/7666/1660 4928/7667/1660 4930/7668/1660 4932/7669/1660 4934/7670/1660 4936/7671/1660 4938/7672/1660 4940/7673/1660 4942/7674/1660 4944/7675/1660 4946/7676/1660 4948/7677/1660 4950/7678/1660 4952/7679/1660 4954/7680/1660 4956/7681/1660 4958/7682/1660 4960/7683/1660 4962/7684/1660 4964/7685/1660 4966/7686/1660 4968/7687/1660 4970/7688/1660 4972/7689/1660 4974/7690/1660 4976/7691/1660
o Cylinder.048
v -13.060215 -0.231861 0.456438
v -13.060215 16.465769 0.456438
v -13.013407 -0.231861 0.461048
v -13.013407 16.465769 0.461048
v -12.968397 -0.231861 0.474702
v -12.968397 16.465769 0.474702
v -12.926916 -0.231861 0.496874
v -12.926916 16.465769 0.496874
v -12.890557 -0.231861 0.526712
v -12.890557 16.465769 0.526712
v -12.860719 -0.231861 0.563071
v -12.860719 16.465769 0.563071
v -12.838547 -0.231861 0.604552
v -12.838547 16.465769 0.604552
v -12.824893 -0.231861 0.649562
v -12.824893 16.465769 0.649562
v -12.820283 -0.231861 0.696370
v -12.820283 16.465769 0.696370
v -12.824893 -0.231861 0.743179
v -12.824893 16.465769 0.743179
v -12.838547 -0.231861 0.788188
v -12.838547 16.465769 0.788188
v -12.860719 -0.231861 0.829669
v -12.860719 16.465769 0.829669
v -12.890557 -0.231861 0.866028
v -12.890557 16.465769 0.866028
v -12.926916 -0.231861 0.895867
v -12.926916 16.465769 0.895867
v -12.968397 -0.231861 0.918039
v -12.968397 16.465769 0.918039
v -13.013407 -0.231861 0.931692
v -13.013407 16.465769 0.931692
v -13.060215 -0.231861 0.936302
v -13.060215 16.465769 0.936302
v -13.107023 -0.231861 0.931692
v -13.107023 16.465769 0.931692
v -13.152033 -0.231861 0.918039
v -13.152033 16.465769 0.918039
v -13.193514 -0.231861 0.895867
v -13.193514 16.465769 0.895867
v -13.229873 -0.231861 0.866028
v -13.229873 16.465769 0.866028
v -13.259711 -0.231861 0.829669
v -13.259711 16.465769 0.829669
v -13.281883 -0.231861 0.788188
v -13.281883 16.465769 0.788188
v -13.295537 -0.231861 0.743179
v -13.295537 16.465769 0.743179
v -13.300147 -0.231861 0.696370
v -13.300147 16.465769 0.696370
v -13.295537 -0.231861 0.649562
v -13.295537 16.465769 0.649562
v -13.281883 -0.231861 0.604552
v -13.281883 16.465769 0.604552
v -13.259711 -0.231861 0.563071
v -13.259711 16.465769 0.563071
v -13.229873 -0.231861 0.526712
v -13.229873 16.465769 0.526712
v -13.193514 -0.231861 0.496874
v -13.193514 16.465769 0.496874
v -13.152033 -0.231861 0.474702
v -13.152033 16.465769 0.474702
v -13.107023 -0.231861 0.461048
v -13.107023 16.465769 0.461048
vn 0.0980 -0.0000 -0.9952
vn 0.2903 -0.0000 -0.9569
vn 0.4714 -0.0000 -0.8819
vn 0.6344 -0.0000 -0.7730
vn 0.7730 -0.0000 -0.6344
vn 0.8819 -0.0000 -0.4714
vn 0.9569 -0.0000 -0.2903
vn 0.9952 -0.0000 -0.0980
vn 0.9952 -0.0000 0.0980
vn 0.9569 -0.0000 0.2903
vn 0.8819 -0.0000 0.4714
vn 0.7730 -0.0000 0.6344
vn 0.6344 -0.0000 0.7730
vn 0.4714 -0.0000 0.8819
vn 0.2903 -0.0000 0.9569
vn 0.0980 -0.0000 0.9952
vn -0.0980 -0.0000 0.9952
vn -0.2903 -0.0000 0.9569
vn -0.4714 -0.0000 0.8819
vn -0.6344 -0.0000 0.7730
vn -0.7730 -0.0000 0.6344
vn -0.8819 -0.0000 0.4714
vn -0.9569 -0.0000 0.2903
vn -0.9952 -0.0000 0.0980
vn -0.9952 -0.0000 -0.0980
vn -0.9569 -0.0000 -0.2903
vn -0.8819 -0.0000 -0.4714
vn -0.7730 -0.0000 -0.6344
vn -0.6344 -0.0000 -0.7730
vn -0.4714 -0.0000 -0.8819
vn -0.0000 1.0000 -0.0000
vn -0.2903 -0.0000 -0.9569
vn -0.0980 -0.0000 -0.9952
vn -0.0000 -1.0000 -0.0000
vt 1.000000 0.500000
vt 1.000000 1.000000
vt 0.968750 1.000000
vt 0.968750 0.500000
vt 0.937500 1.000000
vt 0.937500 0.500000
vt 0.906250 1.000000
vt 0.906250 0.500000
vt 0.875000 1.000000
vt 0.875000 0.500000
vt 0.843750 1.000000
vt 0.843750 0.500000
vt 0.812500 1.000000
vt 0.812500 0.500000
vt 0.781250 1.000000
vt 0.781250 0.500000
vt 0.750000 1.000000
vt 0.750000 0.500000
vt 0.718750 1.000000
vt 0.718750 0.500000
vt 0.687500 1.000000
vt 0.687500 0.500000
vt 0.656250 1.000000
vt 0.656250 0.500000
vt 0.625000 1.000000
vt 0.625000 0.500000
vt 0.593750 1.000000
vt 0.593750 0.500000
vt 0.562500 1.000000
vt 0.562500 0.500000
vt 0.531250 1.000000
vt 0.531250 0.500000
vt 0.500000 1.000000
vt 0.500000 0.500000
vt 0.468750 1.000000
vt 0.468750 0.500000
vt 0.437500 1.000000
vt 0.437500 0.500000
vt 0.406250 1.000000
vt 0.406250 0.500000
vt 0.375000 1.000000
vt 0.375000 0.500000
vt 0.343750 1.000000
vt 0.343750 0.500000
vt 0.312500 1.000000
vt 0.312500 0.500000
vt 0.281250 1.000000
vt 0.281250 0.500000
vt 0.250000 1.000000
vt 0.250000 0.500000
vt 0.218750 1.000000
vt 0.218750 0.500000
vt 0.187500 1.000000
vt 0.187500 0.500000
vt 0.156250 1.000000
vt 0.156250 0.500000
vt 0.125000 1.000000
vt 0.125000 0.500000
vt 0.093750 1.000000
vt 0.093750 0.500000
vt 0.062500 1.000000
vt 0.062500 0.500000
vt 0.296822 0.485388
vt 0.250000 0.490000
vt 0.203178 0.485388
vt 0.158156 0.471731
vt 0.116663 0.449553
vt 0.080294 0.419706
vt 0.050447 0.383337
vt 0.028269 0.341844
vt 0.014612 0.296822
vt 0.010000 0.250000
vt 0.014612 0.203178
vt 0.028269 0.158156
vt 0.050447 0.116663
vt 0.080294 0.080294
vt 0.116663 0.050447
vt 0.158156 0.028269
vt 0.203178 0.014612
vt 0.250000 0.010000
vt 0.296822 0.014612
vt 0.341844 0.028269
vt 0.383337 0.050447
vt 0.419706 0.080294
vt 0.449553 0.116663
vt 0.471731 0.158156
vt 0.485388 0.203178
vt 0.490000 0.250000
vt 0.485388 0.296822
vt 0.471731 0.341844
vt 0.449553 0.383337
vt 0.419706 0.419706
vt 0.383337 0.449553
vt 0.341844 0.471731
vt 0.031250 1.000000
vt 0.031250 0.500000
vt 0.000000 1.000000
vt 0.000000 0.500000
vt 0.750000 0.490000
vt 0.796822 0.485388
vt 0.841844 0.471731
vt 0.883337 0.449553
vt 0.919706 0.419706
vt 0.949553 0.383337
vt 0.971731 0.341844
vt 0.985388 0.296822
vt 0.990000 0.250000
vt 0.985388 0.203178
vt 0.971731 0.158156
vt 0.949553 0.116663
vt 0.919706 0.080294
vt 0.883337 0.050447
vt 0.841844 0.028269
vt 0.796822 0.014612
vt 0.750000 0.010000
vt 0.703178 0.014612
vt 0.658156 0.028269
vt 0.616663 0.050447
vt 0.580294 0.080294
vt 0.550447 0.116663
vt 0.528269 0.158156
vt 0.514612 0.203178
vt 0.510000 0.250000
vt 0.514612 0.296822
vt 0.528269 0.341844
vt 0.550447 0.383337
vt 0.580294 0.419706
vt 0.616663 0.449553
vt 0.658156 0.471731
vt 0.703178 0.485388
s 0
f 4978/7692/1661 4979/7693/1661 4981/7694/1661 4980/7695/1661
f 4980/7695/1662 4981/7694/1662 4983/7696/1662 4982/7697/1662
f 4982/7697/1663 4983/7696/1663 4985/7698/1663 4984/7699/1663
f 4984/7699/1664 4985/7698/1664 4987/7700/1664 4986/7701/1664
f 4986/7701/1665 4987/7700/1665 4989/7702/1665 4988/7703/1665
f 4988/7703/1666 4989/7702/1666 4991/7704/1666 4990/7705/1666
f 4990/7705/1667 4991/7704/1667 4993/7706/1667 4992/7707/1667
f 4992/7707/1668 4993/7706/1668 4995/7708/1668 4994/7709/1668
f 4994/7709/1669 4995/7708/1669 4997/7710/1669 4996/7711/1669
f 4996/7711/1670 4997/7710/1670 4999/7712/1670 4998/7713/1670
f 4998/7713/1671 4999/7712/1671 5001/7714/1671 5000/7715/1671
f 5000/7715/1672 5001/7714/1672 5003/7716/1672 5002/7717/1672
f 5002/7717/1673 5003/7716/1673 5005/7718/1673 5004/7719/1673
f 5004/7719/1674 5005/7718/1674 5007/7720/1674 5006/7721/1674
f 5006/7721/1675 5007/7720/1675 5009/7722/1675 5008/7723/1675
f 5008/7723/1676 5009/7722/1676 5011/7724/1676 5010/7725/1676
f 5010/7725/1677 5011/7724/1677 5013/7726/1677 5012/7727/1677
f 5012/7727/1678 5013/7726/1678 5015/7728/1678 5014/7729/1678
f 5014/7729/1679 5015/7728/1679 5017/7730/1679 5016/7731/1679
f 5016/7731/1680 5017/7730/1680 5019/7732/1680 5018/7733/1680
f 5018/7733/1681 5019/7732/1681 5021/7734/1681 5020/7735/1681
f 5020/7735/1682 5021/7734/1682 5023/7736/1682 5022/7737/1682
f 5022/7737/1683 5023/7736/1683 5025/7738/1683 5024/7739/1683
f 5024/7739/1684 5025/7738/1684 5027/7740/1684 5026/7741/1684
f 5026/7741/1685 5027/7740/1685 5029/7742/1685 5028/7743/1685
f 5028/7743/1686 5029/7742/1686 5031/7744/1686 5030/7745/1686
f 5030/7745/1687 5031/7744/1687 5033/7746/1687 5032/7747/1687
f 5032/7747/1688 5033/7746/1688 5035/7748/1688 5034/7749/1688
f 5034/7749/1689 5035/7748/1689 5037/7750/1689 5036/7751/1689
f 5036/7751/1690 5037/7750/1690 5039/7752/1690 5038/7753/1690
f 4981/7754/1691 4979/7755/1691 5041/7756/1691 5039/7757/1691 5037/7758/1691 5035/7759/1691 5033/7760/1691 5031/7761/1691 5029/7762/1691 5027/7763/1691 5025/7764/1691 5023/7765/1691 5021/7766/1691 5019/7767/1691 5017/7768/1691 5015/7769/1691 5013/7770/1691 5011/7771/1691 5009/7772/1691 5007/7773/1691 5005/7774/1691 5003/7775/1691 5001/7776/1691 4999/7777/1691 4997/7778/1691 4995/7779/1691 4993/7780/1691 4991/7781/1691 4989/7782/1691 4987/7783/1691 4985/7784/1691 4983/7785/1691
f 5038/7753/1692 5039/7752/1692 5041/7786/1692 5040/7787/1692
f 5040/7787/1693 5041/7786/1693 4979/7788/1693 4978/7789/1693
f 4978/7790/1694 4980/7791/1694 4982/7792/1694 4984/7793/1694 4986/7794/1694 4988/7795/1694 4990/7796/1694 4992/7797/1694 4994/7798/1694 4996/7799/1694 4998/7800/1694 5000/7801/1694 5002/7802/1694 5004/7803/1694 5006/7804/1694 5008/7805/1694 5010/7806/1694 5012/7807/1694 5014/7808/1694 5016/7809/1694 5018/7810/1694 5020/7811/1694 5022/7812/1694 5024/7813/1694 5026/7814/1694 5028/7815/1694 5030/7816/1694 5032/7817/1694 5034/7818/1694 5036/7819/1694 5038/7820/1694 5040/7821/1694
o Cylinder.049
v -13.060215 -0.231861 -13.647842
v -13.060215 16.465769 -13.647842
v -13.013407 -0.231861 -13.643232
v -13.013407 16.465769 -13.643232
v -12.968397 -0.231861 -13.629579
v -12.968397 16.465769 -13.629579
v -12.926916 -0.231861 -13.607407
v -12.926916 16.465769 -13.607407
v -12.890557 -0.231861 -13.577568
v -12.890557 16.465769 -13.577568
v -12.860719 -0.231861 -13.541209
v -12.860719 16.465769 -13.541209
v -12.838547 -0.231861 -13.499728
v -12.838547 16.465769 -13.499728
v -12.824893 -0.231861 -13.454719
v -12.824893 16.465769 -13.454719
v -12.820283 -0.231861 -13.407910
v -12.820283 16.465769 -13.407910
v -12.824893 -0.231861 -13.361102
v -12.824893 16.465769 -13.361102
v -12.838547 -0.231861 -13.316092
v -12.838547 16.465769 -13.316092
v -12.860719 -0.231861 -13.274611
v -12.860719 16.465769 -13.274611
v -12.890557 -0.231861 -13.238253
v -12.890557 16.465769 -13.238253
v -12.926916 -0.231861 -13.208414
v -12.926916 16.465769 -13.208414
v -12.968397 -0.231861 -13.186242
v -12.968397 16.465769 -13.186242
v -13.013407 -0.231861 -13.172588
v -13.013407 16.465769 -13.172588
v -13.060215 -0.231861 -13.167978
v -13.060215 16.465769 -13.167978
v -13.107023 -0.231861 -13.172588
v -13.107023 16.465769 -13.172588
v -13.152033 -0.231861 -13.186242
v -13.152033 16.465769 -13.186242
v -13.193514 -0.231861 -13.208414
v -13.193514 16.465769 -13.208414
v -13.229873 -0.231861 -13.238253
v -13.229873 16.465769 -13.238253
v -13.259711 -0.231861 -13.274611
v -13.259711 16.465769 -13.274611
v -13.281883 -0.231861 -13.316092
v -13.281883 16.465769 -13.316092
v -13.295537 -0.231861 -13.361102
v -13.295537 16.465769 -13.361102
v -13.300147 -0.231861 -13.407910
v -13.300147 16.465769 -13.407910
v -13.295537 -0.231861 -13.454719
v -13.295537 16.465769 -13.454719
v -13.281883 -0.231861 -13.499728
v -13.281883 16.465769 -13.499728
v -13.259711 -0.231861 -13.541209
v -13.259711 16.465769 -13.541209
v -13.229873 -0.231861 -13.577568
v -13.229873 16.465769 -13.577568
v -13.193514 -0.231861 -13.607407
v -13.193514 16.465769 -13.607407
v -13.152033 -0.231861 -13.629579
v -13.152033 16.465769 -13.629579
v -13.107023 -0.231861 -13.643232
v -13.107023 16.465769 -13.643232
vn 0.0980 -0.0000 -0.9952
vn 0.2903 -0.0000 -0.9569
vn 0.4714 -0.0000 -0.8819
vn 0.6344 -0.0000 -0.7730
vn 0.7730 -0.0000 -0.6344
vn 0.8819 -0.0000 -0.4714
vn 0.9569 -0.0000 -0.2903
vn 0.9952 -0.0000 -0.0980
vn 0.9952 -0.0000 0.0980
vn 0.9569 -0.0000 0.2903
vn 0.8819 -0.0000 0.4714
vn 0.7730 -0.0000 0.6344
vn 0.6344 -0.0000 0.7730
vn 0.4714 -0.0000 0.8819
vn 0.2903 -0.0000 0.9569
vn 0.0980 -0.0000 0.9952
vn -0.0980 -0.0000 0.9952
vn -0.2903 -0.0000 0.9569
vn -0.4714 -0.0000 0.8819
vn -0.6344 -0.0000 0.7730
vn -0.7730 -0.0000 0.6344
vn -0.8819 -0.0000 0.4714
vn -0.9569 -0.0000 0.2903
vn -0.9952 -0.0000 0.0980
vn -0.9952 -0.0000 -0.0980
vn -0.9569 -0.0000 -0.2903
vn -0.8819 -0.0000 -0.4714
vn -0.7730 -0.0000 -0.6344
vn -0.6344 -0.0000 -0.7730
vn -0.4714 -0.0000 -0.8819
vn -0.0000 1.0000 -0.0000
vn -0.2903 -0.0000 -0.9569
vn -0.0980 -0.0000 -0.9952
vn -0.0000 -1.0000 -0.0000
vt 1.000000 0.500000
vt 1.000000 1.000000
vt 0.968750 1.000000
vt 0.968750 0.500000
vt 0.937500 1.000000
vt 0.937500 0.500000
vt 0.906250 1.000000
vt 0.906250 0.500000
vt 0.875000 1.000000
vt 0.875000 0.500000
vt 0.843750 1.000000
vt 0.843750 0.500000
vt 0.812500 1.000000
vt 0.812500 0.500000
vt 0.781250 1.000000
vt 0.781250 0.500000
vt 0.750000 1.000000
vt 0.750000 0.500000
vt 0.718750 1.000000
vt 0.718750 0.500000
vt 0.687500 1.000000
vt 0.687500 0.500000
vt 0.656250 1.000000
vt 0.656250 0.500000
vt 0.625000 1.000000
vt 0.625000 0.500000
vt 0.593750 1.000000
vt 0.593750 0.500000
vt 0.562500 1.000000
vt 0.562500 0.500000
vt 0.531250 1.000000
vt 0.531250 0.500000
vt 0.500000 1.000000
vt 0.500000 0.500000
vt 0.468750 1.000000
vt 0.468750 0.500000
vt 0.437500 1.000000
vt 0.437500 0.500000
vt 0.406250 1.000000
vt 0.406250 0.500000
vt 0.375000 1.000000
vt 0.375000 0.500000
vt 0.343750 1.000000
vt 0.343750 0.500000
vt 0.312500 1.000000
vt 0.312500 0.500000
vt 0.281250 1.000000
vt 0.281250 0.500000
vt 0.250000 1.000000
vt 0.250000 0.500000
vt 0.218750 1.000000
vt 0.218750 0.500000
vt 0.187500 1.000000
vt 0.187500 0.500000
vt 0.156250 1.000000
vt 0.156250 0.500000
vt 0.125000 1.000000
vt 0.125000 0.500000
vt 0.093750 1.000000
vt 0.093750 0.500000
vt 0.062500 1.000000
vt 0.062500 0.500000
vt 0.296822 0.485388
vt 0.250000 0.490000
vt 0.203178 0.485388
vt 0.158156 0.471731
vt 0.116663 0.449553
vt 0.080294 0.419706
vt 0.050447 0.383337
vt 0.028269 0.341844
vt 0.014612 0.296822
vt 0.010000 0.250000
vt 0.014612 0.203178
vt 0.028269 0.158156
vt 0.050447 0.116663
vt 0.080294 0.080294
vt 0.116663 0.050447
vt 0.158156 0.028269
vt 0.203178 0.014612
vt 0.250000 0.010000
vt 0.296822 0.014612
vt 0.341844 0.028269
vt 0.383337 0.050447
vt 0.419706 0.080294
vt 0.449553 0.116663
vt 0.471731 0.158156
vt 0.485388 0.203178
vt 0.490000 0.250000
vt 0.485388 0.296822
vt 0.471731 0.341844
vt 0.449553 0.383337
vt 0.419706 0.419706
vt 0.383337 0.449553
vt 0.341844 0.471731
vt 0.031250 1.000000
vt 0.031250 0.500000
vt 0.000000 1.000000
vt 0.000000 0.500000
vt 0.750000 0.490000
vt 0.796822 0.485388
vt 0.841844 0.471731
vt 0.883337 0.449553
vt 0.919706 0.419706
vt 0.949553 0.383337
vt 0.971731 0.341844
vt 0.985388 0.296822
vt 0.990000 0.250000
vt 0.985388 0.203178
vt 0.971731 0.158156
vt 0.949553 0.116663
vt 0.919706 0.080294
vt 0.883337 0.050447
vt 0.841844 0.028269
vt 0.796822 0.014612
vt 0.750000 0.010000
vt 0.703178 0.014612
vt 0.658156 0.028269
vt 0.616663 0.050447
vt 0.580294 0.080294
vt 0.550447 0.116663
vt 0.528269 0.158156
vt 0.514612 0.203178
vt 0.510000 0.250000
vt 0.514612 0.296822
vt 0.528269 0.341844
vt 0.550447 0.383337
vt 0.580294 0.419706
vt 0.616663 0.449553
vt 0.658156 0.471731
vt 0.703178 0.485388
s 0
f 5042/7822/1695 5043/7823/1695 5045/7824/1695 5044/7825/1695
f 5044/7825/1696 5045/7824/1696 5047/7826/1696 5046/7827/1696
f 5046/7827/1697 5047/7826/1697 5049/7828/1697 5048/7829/1697
f 5048/7829/1698 5049/7828/1698 5051/7830/1698 5050/7831/1698
f 5050/7831/1699 5051/7830/1699 5053/7832/1699 5052/7833/1699
f 5052/7833/1700 5053/7832/1700 5055/7834/1700 5054/7835/1700
f 5054/7835/1701 5055/7834/1701 5057/7836/1701 5056/7837/1701
f 5056/7837/1702 5057/7836/1702 5059/7838/1702 5058/7839/1702
f 5058/7839/1703 5059/7838/1703 5061/7840/1703 5060/7841/1703
f 5060/7841/1704 5061/7840/1704 5063/7842/1704 5062/7843/1704
f 5062/7843/1705 5063/7842/1705 5065/7844/1705 5064/7845/1705
f 5064/7845/1706 5065/7844/1706 5067/7846/1706 5066/7847/1706
f 5066/7847/1707 5067/7846/1707 5069/7848/1707 5068/7849/1707
f 5068/7849/1708 5069/7848/1708 5071/7850/1708 5070/7851/1708
f 5070/7851/1709 5071/7850/1709 5073/7852/1709 5072/7853/1709
f 5072/7853/1710 5073/7852/1710 5075/7854/1710 5074/7855/1710
f 5074/7855/1711 5075/7854/1711 5077/7856/1711 5076/7857/1711
f 5076/7857/1712 5077/7856/1712 5079/7858/1712 5078/7859/1712
f 5078/7859/1713 5079/7858/1713 5081/7860/1713 5080/7861/1713
f 5080/7861/1714 5081/7860/1714 5083/7862/1714 5082/7863/1714
f 5082/7863/1715 5083/7862/1715 5085/7864/1715 5084/7865/1715
f 5084/7865/1716 5085/7864/1716 5087/7866/1716 5086/7867/1716
f 5086/7867/1717 5087/7866/1717 5089/7868/1717 5088/7869/1717
f 5088/7869/1718 5089/7868/1718 5091/7870/1718 5090/7871/1718
f 5090/7871/1719 5091/7870/1719 5093/7872/1719 5092/7873/1719
f 5092/7873/1720 5093/7872/1720 5095/7874/1720 5094/7875/1720
f 5094/7875/1721 5095/7874/1721 5097/7876/1721 5096/7877/1721
f 5096/7877/1722 5097/7876/1722 5099/7878/1722 5098/7879/1722
f 5098/7879/1723 5099/7878/1723 5101/7880/1723 5100/7881/1723
f 5100/7881/1724 5101/7880/1724 5103/7882/1724 5102/7883/1724
f 5045/7884/1725 5043/7885/1725 5105/7886/1725 5103/7887/1725 5101/7888/1725 5099/7889/1725 5097/7890/1725 5095/7891/1725 5093/7892/1725 5091/7893/1725 5089/7894/1725 5087/7895/1725 5085/7896/1725 5083/7897/1725 5081/7898/1725 5079/7899/1725 5077/7900/1725 5075/7901/1725 5073/7902/1725 5071/7903/1725 5069/7904/1725 5067/7905/1725 5065/7906/1725 5063/7907/1725 5061/7908/1725 5059/7909/1725 5057/7910/1725 5055/7911/1725 5053/7912/1725 5051/7913/1725 5049/7914/1725 5047/7915/1725
f 5102/7883/1726 5103/7882/1726 5105/7916/1726 5104/7917/1726
f 5104/7917/1727 5105/7916/1727 5043/7918/1727 5042/7919/1727
f 5042/7920/1728 5044/7921/1728 5046/7922/1728 5048/7923/1728 5050/7924/1728 5052/7925/1728 5054/7926/1728 5056/7927/1728 5058/7928/1728 5060/7929/1728 5062/7930/1728 5064/7931/1728 5066/7932/1728 5068/7933/1728 5070/7934/1728 5072/7935/1728 5074/7936/1728 5076/7937/1728 5078/7938/1728 5080/7939/1728 5082/7940/1728 5084/7941/1728 5086/7942/1728 5088/7943/1728 5090/7944/1728 5092/7945/1728 5094/7946/1728 5096/7947/1728 5098/7948/1728 5100/7949/1728 5102/7950/1728 5104/7951/1728
o Cylinder.050
v -13.060215 -0.231861 -14.758501
v -13.060215 16.465769 -14.758501
v -13.013407 -0.231861 -14.753891
v -13.013407 16.465769 -14.753891
v -12.968397 -0.231861 -14.740237
v -12.968397 16.465769 -14.740237
v -12.926916 -0.231861 -14.718065
v -12.926916 16.465769 -14.718065
v -12.890557 -0.231861 -14.688227
v -12.890557 16.465769 -14.688227
v -12.860719 -0.231861 -14.651868
v -12.860719 16.465769 -14.651868
v -12.838547 -0.231861 -14.610387
v -12.838547 16.465769 -14.610387
v -12.824893 -0.231861 -14.565377
v -12.824893 16.465769 -14.565377
v -12.820283 -0.231861 -14.518569
v -12.820283 16.465769 -14.518569
v -12.824893 -0.231861 -14.471761
v -12.824893 16.465769 -14.471761
v -12.838547 -0.231861 -14.426751
v -12.838547 16.465769 -14.426751
v -12.860719 -0.231861 -14.385270
v -12.860719 16.465769 -14.385270
v -12.890557 -0.231861 -14.348911
v -12.890557 16.465769 -14.348911
v -12.926916 -0.231861 -14.319073
v -12.926916 16.465769 -14.319073
v -12.968397 -0.231861 -14.296901
v -12.968397 16.465769 -14.296901
v -13.013407 -0.231861 -14.283247
v -13.013407 16.465769 -14.283247
v -13.060215 -0.231861 -14.278637
v -13.060215 16.465769 -14.278637
v -13.107023 -0.231861 -14.283247
v -13.107023 16.465769 -14.283247
v -13.152033 -0.231861 -14.296901
v -13.152033 16.465769 -14.296901
v -13.193514 -0.231861 -14.319073
v -13.193514 16.465769 -14.319073
v -13.229873 -0.231861 -14.348911
v -13.229873 16.465769 -14.348911
v -13.259711 -0.231861 -14.385270
v -13.259711 16.465769 -14.385270
v -13.281883 -0.231861 -14.426751
v -13.281883 16.465769 -14.426751
v -13.295537 -0.231861 -14.471761
v -13.295537 16.465769 -14.471761
v -13.300147 -0.231861 -14.518569
v -13.300147 16.465769 -14.518569
v -13.295537 -0.231861 -14.565377
v -13.295537 16.465769 -14.565377
v -13.281883 -0.231861 -14.610387
v -13.281883 16.465769 -14.610387
v -13.259711 -0.231861 -14.651868
v -13.259711 16.465769 -14.651868
v -13.229873 -0.231861 -14.688227
v -13.229873 16.465769 -14.688227
v -13.193514 -0.231861 -14.718065
v -13.193514 16.465769 -14.718065
v -13.152033 -0.231861 -14.740237
v -13.152033 16.465769 -14.740237
v -13.107023 -0.231861 -14.753891
v -13.107023 16.465769 -14.753891
vn 0.0980 -0.0000 -0.9952
vn 0.2903 -0.0000 -0.9569
vn 0.4714 -0.0000 -0.8819
vn 0.6344 -0.0000 -0.7730
vn 0.7730 -0.0000 -0.6344
vn 0.8819 -0.0000 -0.4714
vn 0.9569 -0.0000 -0.2903
vn 0.9952 -0.0000 -0.0980
vn 0.9952 -0.0000 0.0980
vn 0.9569 -0.0000 0.2903
vn 0.8819 -0.0000 0.4714
vn 0.7730 -0.0000 0.6344
vn 0.6344 -0.0000 0.7730
vn 0.4714 -0.0000 0.8819
vn 0.2903 -0.0000 0.9569
vn 0.0980 -0.0000 0.9952
vn -0.0980 -0.0000 0.9952
vn -0.2903 -0.0000 0.9569
vn -0.4714 -0.0000 0.8819
vn -0.6344 -0.0000 0.7730
vn -0.7730 -0.0000 0.6344
vn -0.8819 -0.0000 0.4714
vn -0.9569 -0.0000 0.2903
vn -0.9952 -0.0000 0.0980
vn -0.9952 -0.0000 -0.0980
vn -0.9569 -0.0000 -0.2903
vn -0.8819 -0.0000 -0.4714
vn -0.7730 -0.0000 -0.6344
vn -0.6344 -0.0000 -0.7730
vn -0.4714 -0.0000 -0.8819
vn -0.0000 1.0000 -0.0000
vn -0.2903 -0.0000 -0.9569
vn -0.0980 -0.0000 -0.9952
vn -0.0000 -1.0000 -0.0000
vt 1.000000 0.500000
vt 1.000000 1.000000
vt 0.968750 1.000000
vt 0.968750 0.500000
vt 0.937500 1.000000
vt 0.937500 0.500000
vt 0.906250 1.000000
vt 0.906250 0.500000
vt 0.875000 1.000000
vt 0.875000 0.500000
vt 0.843750 1.000000
vt 0.843750 0.500000
vt 0.812500 1.000000
vt 0.812500 0.500000
vt 0.781250 1.000000
vt 0.781250 0.500000
vt 0.750000 1.000000
vt 0.750000 0.500000
vt 0.718750 1.000000
vt 0.718750 0.500000
vt 0.687500 1.000000
vt 0.687500 0.500000
vt 0.656250 1.000000
vt 0.656250 0.500000
vt 0.625000 1.000000
vt 0.625000 0.500000
vt 0.593750 1.000000
vt 0.593750 0.500000
vt 0.562500 1.000000
vt 0.562500 0.500000
vt 0.531250 1.000000
vt 0.531250 0.500000
vt 0.500000 1.000000
vt 0.500000 0.500000
vt 0.468750 1.000000
vt 0.468750 0.500000
vt 0.437500 1.000000
vt 0.437500 0.500000
vt 0.406250 1.000000
vt 0.406250 0.500000
vt 0.375000 1.000000
vt 0.375000 0.500000
vt 0.343750 1.000000
vt 0.343750 0.500000
vt 0.312500 1.000000
vt 0.312500 0.500000
vt 0.281250 1.000000
vt 0.281250 0.500000
vt 0.250000 1.000000
vt 0.250000 0.500000
vt 0.218750 1.000000
vt 0.218750 0.500000
vt 0.187500 1.000000
vt 0.187500 0.500000
vt 0.156250 1.000000
vt 0.156250 0.500000
vt 0.125000 1.000000
vt 0.125000 0.500000
vt 0.093750 1.000000
vt 0.093750 0.500000
vt 0.062500 1.000000
vt 0.062500 0.500000
vt 0.296822 0.485388
vt 0.250000 0.490000
vt 0.203178 0.485388
vt 0.158156 0.471731
vt 0.116663 0.449553
vt 0.080294 0.419706
vt 0.050447 0.383337
vt 0.028269 0.341844
vt 0.014612 0.296822
vt 0.010000 0.250000
vt 0.014612 0.203178
vt 0.028269 0.158156
vt 0.050447 0.116663
vt 0.080294 0.080294
vt 0.116663 0.050447
vt 0.158156 0.028269
vt 0.203178 0.014612
vt 0.250000 0.010000
vt 0.296822 0.014612
vt 0.341844 0.028269
vt 0.383337 0.050447
vt 0.419706 0.080294
vt 0.449553 0.116663
vt 0.471731 0.158156
vt 0.485388 0.203178
vt 0.490000 0.250000
vt 0.485388 0.296822
vt 0.471731 0.341844
vt 0.449553 0.383337
vt 0.419706 0.419706
vt 0.383337 0.449553
vt 0.341844 0.471731
vt 0.031250 1.000000
vt 0.031250 0.500000
vt 0.000000 1.000000
vt 0.000000 0.500000
vt 0.750000 0.490000
vt 0.796822 0.485388
vt 0.841844 0.471731
vt 0.883337 0.449553
vt 0.919706 0.419706
vt 0.949553 0.383337
vt 0.971731 0.341844
vt 0.985388 0.296822
vt 0.990000 0.250000
vt 0.985388 0.203178
vt 0.971731 0.158156
vt 0.949553 0.116663
vt 0.919706 0.080294
vt 0.883337 0.050447
vt 0.841844 0.028269
vt 0.796822 0.014612
vt 0.750000 0.010000
vt 0.703178 0.014612
vt 0.658156 0.028269
vt 0.616663 0.050447
vt 0.580294 0.080294
vt 0.550447 0.116663
vt 0.528269 0.158156
vt 0.514612 0.203178
vt 0.510000 0.250000
vt 0.514612 0.296822
vt 0.528269 0.341844
vt 0.550447 0.383337
vt 0.580294 0.419706
vt 0.616663 0.449553
vt 0.658156 0.471731
vt 0.703178 0.485388
s 0
f 5106/7952/1729 5107/7953/1729 5109/7954/1729 5108/7955/1729
f 5108/7955/1730 5109/7954/1730 5111/7956/1730 5110/7957/1730
f 5110/7957/1731 5111/7956/1731 5113/7958/1731 5112/7959/1731
f 5112/7959/1732 5113/7958/1732 5115/7960/1732 5114/7961/1732
f 5114/7961/1733 5115/7960/1733 5117/7962/1733 5116/7963/1733
f 5116/7963/1734 5117/7962/1734 5119/7964/1734 5118/7965/1734
f 5118/7965/1735 5119/7964/1735 5121/7966/1735 5120/7967/1735
f 5120/7967/1736 5121/7966/1736 5123/7968/1736 5122/7969/1736
f 5122/7969/1737 5123/7968/1737 5125/7970/1737 5124/7971/1737
f 5124/7971/1738 5125/7970/1738 5127/7972/1738 5126/7973/1738
f 5126/7973/1739 5127/7972/1739 5129/7974/1739 5128/7975/1739
f 5128/7975/1740 5129/7974/1740 5131/7976/1740 5130/7977/1740
f 5130/7977/1741 5131/7976/1741 5133/7978/1741 5132/7979/1741
f 5132/7979/1742 5133/7978/1742 5135/7980/1742 5134/7981/1742
f 5134/7981/1743 5135/7980/1743 5137/7982/1743 5136/7983/1743
f 5136/7983/1744 5137/7982/1744 5139/7984/1744 5138/7985/1744
f 5138/7985/1745 5139/7984/1745 5141/7986/1745 5140/7987/1745
f 5140/7987/1746 5141/7986/1746 5143/7988/1746 5142/7989/1746
f 5142/7989/1747 5143/7988/1747 5145/7990/1747 5144/7991/1747
f 5144/7991/1748 5145/7990/1748 5147/7992/1748 5146/7993/1748
f 5146/7993/1749 5147/7992/1749 5149/7994/1749 5148/7995/1749
f 5148/7995/1750 5149/7994/1750 5151/7996/1750 5150/7997/1750
f 5150/7997/1751 5151/7996/1751 5153/7998/1751 5152/7999/1751
f 5152/7999/1752 5153/7998/1752 5155/8000/1752 5154/8001/1752
f 5154/8001/1753 5155/8000/1753 5157/8002/1753 5156/8003/1753
f 5156/8003/1754 5157/8002/1754 5159/8004/1754 5158/8005/1754
f 5158/8005/1755 5159/8004/1755 5161/8006/1755 5160/8007/1755
f 5160/8007/1756 5161/8006/1756 5163/8008/1756 5162/8009/1756
f 5162/8009/1757 5163/8008/1757 5165/8010/1757 5164/8011/1757
f 5164/8011/1758 5165/8010/1758 5167/8012/1758 5166/8013/1758
f 5109/8014/1759 5107/8015/1759 5169/8016/1759 5167/8017/1759 5165/8018/1759 5163/8019/1759 5161/8020/1759 5159/8021/1759 5157/8022/1759 5155/8023/1759 5153/8024/1759 5151/8025/1759 5149/8026/1759 5147/8027/1759 5145/8028/1759 5143/8029/1759 5141/8030/1759 5139/8031/1759 5137/8032/1759 5135/8033/1759 5133/8034/1759 5131/8035/1759 5129/8036/1759 5127/8037/1759 5125/8038/1759 5123/8039/1759 5121/8040/1759 5119/8041/1759 5117/8042/1759 5115/8043/1759 5113/8044/1759 5111/8045/1759
f 5166/8013/1760 5167/8012/1760 5169/8046/1760 5168/8047/1760
f 5168/8047/1761 5169/8046/1761 5107/8048/1761 5106/8049/1761
f 5106/8050/1762 5108/8051/1762 5110/8052/1762 5112/8053/1762 5114/8054/1762 5116/8055/1762 5118/8056/1762 5120/8057/1762 5122/8058/1762 5124/8059/1762 5126/8060/1762 5128/8061/1762 5130/8062/1762 5132/8063/1762 5134/8064/1762 5136/8065/1762 5138/8066/1762 5140/8067/1762 5142/8068/1762 5144/8069/1762 5146/8070/1762 5148/8071/1762 5150/8072/1762 5152/8073/1762 5154/8074/1762 5156/8075/1762 5158/8076/1762 5160/8077/1762 5162/8078/1762 5164/8079/1762 5166/8080/1762 5168/8081/1762
o Cylinder.051
v -13.060215 -0.231861 -15.882823
v -13.060215 16.465769 -15.882823
v -13.013407 -0.231861 -15.878213
v -13.013407 16.465769 -15.878213
v -12.968397 -0.231861 -15.864559
v -12.968397 16.465769 -15.864559
v -12.926916 -0.231861 -15.842387
v -12.926916 16.465769 -15.842387
v -12.890557 -0.231861 -15.812549
v -12.890557 16.465769 -15.812549
v -12.860719 -0.231861 -15.776190
v -12.860719 16.465769 -15.776190
v -12.838547 -0.231861 -15.734709
v -12.838547 16.465769 -15.734709
v -12.824893 -0.231861 -15.689699
v -12.824893 16.465769 -15.689699
v -12.820283 -0.231861 -15.642891
v -12.820283 16.465769 -15.642891
v -12.824893 -0.231861 -15.596083
v -12.824893 16.465769 -15.596083
v -12.838547 -0.231861 -15.551073
v -12.838547 16.465769 -15.551073
v -12.860719 -0.231861 -15.509592
v -12.860719 16.465769 -15.509592
v -12.890557 -0.231861 -15.473233
v -12.890557 16.465769 -15.473233
v -12.926916 -0.231861 -15.443395
v -12.926916 16.465769 -15.443395
v -12.968397 -0.231861 -15.421223
v -12.968397 16.465769 -15.421223
v -13.013407 -0.231861 -15.407569
v -13.013407 16.465769 -15.407569
v -13.060215 -0.231861 -15.402959
v -13.060215 16.465769 -15.402959
v -13.107023 -0.231861 -15.407569
v -13.107023 16.465769 -15.407569
v -13.152033 -0.231861 -15.421223
v -13.152033 16.465769 -15.421223
v -13.193514 -0.231861 -15.443395
v -13.193514 16.465769 -15.443395
v -13.229873 -0.231861 -15.473233
v -13.229873 16.465769 -15.473233
v -13.259711 -0.231861 -15.509592
v -13.259711 16.465769 -15.509592
v -13.281883 -0.231861 -15.551073
v -13.281883 16.465769 -15.551073
v -13.295537 -0.231861 -15.596083
v -13.295537 16.465769 -15.596083
v -13.300147 -0.231861 -15.642891
v -13.300147 16.465769 -15.642891
v -13.295537 -0.231861 -15.689699
v -13.295537 16.465769 -15.689699
v -13.281883 -0.231861 -15.734709
v -13.281883 16.465769 -15.734709
v -13.259711 -0.231861 -15.776190
v -13.259711 16.465769 -15.776190
v -13.229873 -0.231861 -15.812549
v -13.229873 16.465769 -15.812549
v -13.193514 -0.231861 -15.842387
v -13.193514 16.465769 -15.842387
v -13.152033 -0.231861 -15.864559
v -13.152033 16.465769 -15.864559
v -13.107023 -0.231861 -15.878213
v -13.107023 16.465769 -15.878213
vn 0.0980 -0.0000 -0.9952
vn 0.2903 -0.0000 -0.9569
vn 0.4714 -0.0000 -0.8819
vn 0.6344 -0.0000 -0.7730
vn 0.7730 -0.0000 -0.6344
vn 0.8819 -0.0000 -0.4714
vn 0.9569 -0.0000 -0.2903
vn 0.9952 -0.0000 -0.0980
vn 0.9952 -0.0000 0.0980
vn 0.9569 -0.0000 0.2903
vn 0.8819 -0.0000 0.4714
vn 0.7730 -0.0000 0.6344
vn 0.6344 -0.0000 0.7730
vn 0.4714 -0.0000 0.8819
vn 0.2903 -0.0000 0.9569
vn 0.0980 -0.0000 0.9952
vn -0.0980 -0.0000 0.9952
vn -0.2903 -0.0000 0.9569
vn -0.4714 -0.0000 0.8819
vn -0.6344 -0.0000 0.7730
vn -0.7730 -0.0000 0.6344
vn -0.8819 -0.0000 0.4714
vn -0.9569 -0.0000 0.2903
vn -0.9952 -0.0000 0.0980
vn -0.9952 -0.0000 -0.0980
vn -0.9569 -0.0000 -0.2903
vn -0.8819 -0.0000 -0.4714
vn -0.7730 -0.0000 -0.6344
vn -0.6344 -0.0000 -0.7730
vn -0.4714 -0.0000 -0.8819
vn -0.0000 1.0000 -0.0000
vn -0.2903 -0.0000 -0.9569
vn -0.0980 -0.0000 -0.9952
vn -0.0000 -1.0000 -0.0000
vt 1.000000 0.500000
vt 1.000000 1.000000
vt 0.968750 1.000000
vt 0.968750 0.500000
vt 0.937500 1.000000
vt 0.937500 0.500000
vt 0.906250 1.000000
vt 0.906250 0.500000
vt 0.875000 1.000000
vt 0.875000 0.500000
vt 0.843750 1.000000
vt 0.843750 0.500000
vt 0.812500 1.000000
vt 0.812500 0.500000
vt 0.781250 1.000000
vt 0.781250 0.500000
vt 0.750000 1.000000
vt 0.750000 0.500000
vt 0.718750 1.000000
vt 0.718750 0.500000
vt 0.687500 1.000000
vt 0.687500 0.500000
vt 0.656250 1.000000
vt 0.656250 0.500000
vt 0.625000 1.000000
vt 0.625000 0.500000
vt 0.593750 1.000000
vt 0.593750 0.500000
vt 0.562500 1.000000
vt 0.562500 0.500000
vt 0.531250 1.000000
vt 0.531250 0.500000
vt 0.500000 1.000000
vt 0.500000 0.500000
vt 0.468750 1.000000
vt 0.468750 0.500000
vt 0.437500 1.000000
vt 0.437500 0.500000
vt 0.406250 1.000000
vt 0.406250 0.500000
vt 0.375000 1.000000
vt 0.375000 0.500000
vt 0.343750 1.000000
vt 0.343750 0.500000
vt 0.312500 1.000000
vt 0.312500 0.500000
vt 0.281250 1.000000
vt 0.281250 0.500000
vt 0.250000 1.000000
vt 0.250000 0.500000
vt 0.218750 1.000000
vt 0.218750 0.500000
vt 0.187500 1.000000
vt 0.187500 0.500000
vt 0.156250 1.000000
vt 0.156250 0.500000
vt 0.125000 1.000000
vt 0.125000 0.500000
vt 0.093750 1.000000
vt 0.093750 0.500000
vt 0.062500 1.000000
vt 0.062500 0.500000
vt 0.296822 0.485388
vt 0.250000 0.490000
vt 0.203178 0.485388
vt 0.158156 0.471731
vt 0.116663 0.449553
vt 0.080294 0.419706
vt 0.050447 0.383337
vt 0.028269 0.341844
vt 0.014612 0.296822
vt 0.010000 0.250000
vt 0.014612 0.203178
vt 0.028269 0.158156
vt 0.050447 0.116663
vt 0.080294 0.080294
vt 0.116663 0.050447
vt 0.158156 0.028269
vt 0.203178 0.014612
vt 0.250000 0.010000
vt 0.296822 0.014612
vt 0.341844 0.028269
vt 0.383337 0.050447
vt 0.419706 0.080294
vt 0.449553 0.116663
vt 0.471731 0.158156
vt 0.485388 0.203178
vt 0.490000 0.250000
vt 0.485388 0.296822
vt 0.471731 0.341844
vt 0.449553 0.383337
vt 0.419706 0.419706
vt 0.383337 0.449553
vt 0.341844 0.471731
vt 0.031250 1.000000
vt 0.031250 0.500000
vt 0.000000 1.000000
vt 0.000000 0.500000
vt 0.750000 0.490000
vt 0.796822 0.485388
vt 0.841844 0.471731
vt 0.883337 0.449553
vt 0.919706 0.419706
vt 0.949553 0.383337
vt 0.971731 0.341844
vt 0.985388 0.296822
vt 0.990000 0.250000
vt 0.985388 0.203178
vt 0.971731 0.158156
vt 0.949553 0.116663
vt 0.919706 0.080294
vt 0.883337 0.050447
vt 0.841844 0.028269
vt 0.796822 0.014612
vt 0.750000 0.010000
vt 0.703178 0.014612
vt 0.658156 0.028269
vt 0.616663 0.050447
vt 0.580294 0.080294
vt 0.550447 0.116663
vt 0.528269 0.158156
vt 0.514612 0.203178
vt 0.510000 0.250000
vt 0.514612 0.296822
vt 0.528269 0.341844
vt 0.550447 0.383337
vt 0.580294 0.419706
vt 0.616663 0.449553
vt 0.658156 0.471731
vt 0.703178 0.485388
s 0
f 5170/8082/1763 5171/8083/1763 5173/8084/1763 5172/8085/1763
f 5172/8085/1764 5173/8084/1764 5175/8086/1764 5174/8087/1764
f 5174/8087/1765 5175/8086/1765 5177/8088/1765 5176/8089/1765
f 5176/8089/1766 5177/8088/1766 5179/8090/1766 5178/8091/1766
f 5178/8091/1767 5179/8090/1767 5181/8092/1767 5180/8093/1767
f 5180/8093/1768 5181/8092/1768 5183/8094/1768 5182/8095/1768
f 5182/8095/1769 5183/8094/1769 5185/8096/1769 5184/8097/1769
f 5184/8097/1770 5185/8096/1770 5187/8098/1770 5186/8099/1770
f 5186/8099/1771 5187/8098/1771 5189/8100/1771 5188/8101/1771
f 5188/8101/1772 5189/8100/1772 5191/8102/1772 5190/8103/1772
f 5190/8103/1773 5191/8102/1773 5193/8104/1773 5192/8105/1773
f 5192/8105/1774 5193/8104/1774 5195/8106/1774 5194/8107/1774
f 5194/8107/1775 5195/8106/1775 5197/8108/1775 5196/8109/1775
f 5196/8109/1776 5197/8108/1776 5199/8110/1776 5198/8111/1776
f 5198/8111/1777 5199/8110/1777 5201/8112/1777 5200/8113/1777
f 5200/8113/1778 5201/8112/1778 5203/8114/1778 5202/8115/1778
f 5202/8115/1779 5203/8114/1779 5205/8116/1779 5204/8117/1779
f 5204/8117/1780 5205/8116/1780 5207/8118/1780 5206/8119/1780
f 5206/8119/1781 5207/8118/1781 5209/8120/1781 5208/8121/1781
f 5208/8121/1782 5209/8120/1782 5211/8122/1782 5210/8123/1782
f 5210/8123/1783 5211/8122/1783 5213/8124/1783 5212/8125/1783
f 5212/8125/1784 5213/8124/1784 5215/8126/1784 5214/8127/1784
f 5214/8127/1785 5215/8126/1785 5217/8128/1785 5216/8129/1785
f 5216/8129/1786 5217/8128/1786 5219/8130/1786 5218/8131/1786
f 5218/8131/1787 5219/8130/1787 5221/8132/1787 5220/8133/1787
f 5220/8133/1788 5221/8132/1788 5223/8134/1788 5222/8135/1788
f 5222/8135/1789 5223/8134/1789 5225/8136/1789 5224/8137/1789
f 5224/8137/1790 5225/8136/1790 5227/8138/1790 5226/8139/1790
f 5226/8139/1791 5227/8138/1791 5229/8140/1791 5228/8141/1791
f 5228/8141/1792 5229/8140/1792 5231/8142/1792 5230/8143/1792
f 5173/8144/1793 5171/8145/1793 5233/8146/1793 5231/8147/1793 5229/8148/1793 5227/8149/1793 5225/8150/1793 5223/8151/1793 5221/8152/1793 5219/8153/1793 5217/8154/1793 5215/8155/1793 5213/8156/1793 5211/8157/1793 5209/8158/1793 5207/8159/1793 5205/8160/1793 5203/8161/1793 5201/8162/1793 5199/8163/1793 5197/8164/1793 5195/8165/1793 5193/8166/1793 5191/8167/1793 5189/8168/1793 5187/8169/1793 5185/8170/1793 5183/8171/1793 5181/8172/1793 5179/8173/1793 5177/8174/1793 5175/8175/1793
f 5230/8143/1794 5231/8142/1794 5233/8176/1794 5232/8177/1794
f 5232/8177/1795 5233/8176/1795 5171/8178/1795 5170/8179/1795
f 5170/8180/1796 5172/8181/1796 5174/8182/1796 5176/8183/1796 5178/8184/1796 5180/8185/1796 5182/8186/1796 5184/8187/1796 5186/8188/1796 5188/8189/1796 5190/8190/1796 5192/8191/1796 5194/8192/1796 5196/8193/1796 5198/8194/1796 5200/8195/1796 5202/8196/1796 5204/8197/1796 5206/8198/1796 5208/8199/1796 5210/8200/1796 5212/8201/1796 5214/8202/1796 5216/8203/1796 5218/8204/1796 5220/8205/1796 5222/8206/1796 5224/8207/1796 5226/8208/1796 5228/8209/1796 5230/8210/1796 5232/8211/1796
o Cylinder.052
v -13.060215 -0.231861 -10.356880
v -13.060215 16.465769 -10.356880
v -13.013407 -0.231861 -10.352270
v -13.013407 16.465769 -10.352270
v -12.968397 -0.231861 -10.338616
v -12.968397 16.465769 -10.338616
v -12.926916 -0.231861 -10.316444
v -12.926916 16.465769 -10.316444
v -12.890557 -0.231861 -10.286606
v -12.890557 16.465769 -10.286606
v -12.860719 -0.231861 -10.250247
v -12.860719 16.465769 -10.250247
v -12.838547 -0.231861 -10.208766
v -12.838547 16.465769 -10.208766
v -12.824893 -0.231861 -10.163756
v -12.824893 16.465769 -10.163756
v -12.820283 -0.231861 -10.116948
v -12.820283 16.465769 -10.116948
v -12.824893 -0.231861 -10.070140
v -12.824893 16.465769 -10.070140
v -12.838547 -0.231861 -10.025130
v -12.838547 16.465769 -10.025130
v -12.860719 -0.231861 -9.983649
v -12.860719 16.465769 -9.983649
v -12.890557 -0.231861 -9.947290
v -12.890557 16.465769 -9.947290
v -12.926916 -0.231861 -9.917452
v -12.926916 16.465769 -9.917452
v -12.968397 -0.231861 -9.895280
v -12.968397 16.465769 -9.895280
v -13.013407 -0.231861 -9.881626
v -13.013407 16.465769 -9.881626
v -13.060215 -0.231861 -9.877016
v -13.060215 16.465769 -9.877016
v -13.107023 -0.231861 -9.881626
v -13.107023 16.465769 -9.881626
v -13.152033 -0.231861 -9.895280
v -13.152033 16.465769 -9.895280
v -13.193514 -0.231861 -9.917452
v -13.193514 16.465769 -9.917452
v -13.229873 -0.231861 -9.947290
v -13.229873 16.465769 -9.947290
v -13.259711 -0.231861 -9.983649
v -13.259711 16.465769 -9.983649
v -13.281883 -0.231861 -10.025130
v -13.281883 16.465769 -10.025130
v -13.295537 -0.231861 -10.070140
v -13.295537 16.465769 -10.070140
v -13.300147 -0.231861 -10.116948
v -13.300147 16.465769 -10.116948
v -13.295537 -0.231861 -10.163756
v -13.295537 16.465769 -10.163756
v -13.281883 -0.231861 -10.208766
v -13.281883 16.465769 -10.208766
v -13.259711 -0.231861 -10.250247
v -13.259711 16.465769 -10.250247
v -13.229873 -0.231861 -10.286606
v -13.229873 16.465769 -10.286606
v -13.193514 -0.231861 -10.316444
v -13.193514 16.465769 -10.316444
v -13.152033 -0.231861 -10.338616
v -13.152033 16.465769 -10.338616
v -13.107023 -0.231861 -10.352270
v -13.107023 16.465769 -10.352270
vn 0.0980 -0.0000 -0.9952
vn 0.2903 -0.0000 -0.9569
vn 0.4714 -0.0000 -0.8819
vn 0.6344 -0.0000 -0.7730
vn 0.7730 -0.0000 -0.6344
vn 0.8819 -0.0000 -0.4714
vn 0.9569 -0.0000 -0.2903
vn 0.9952 -0.0000 -0.0980
vn 0.9952 -0.0000 0.0980
vn 0.9569 -0.0000 0.2903
vn 0.8819 -0.0000 0.4714
vn 0.7730 -0.0000 0.6344
vn 0.6344 -0.0000 0.7730
vn 0.4714 -0.0000 0.8819
vn 0.2903 -0.0000 0.9569
vn 0.0980 -0.0000 0.9952
vn -0.0980 -0.0000 0.9952
vn -0.2903 -0.0000 0.9569
vn -0.4714 -0.0000 0.8819
vn -0.6344 -0.0000 0.7730
vn -0.7730 -0.0000 0.6344
vn -0.8819 -0.0000 0.4714
vn -0.9569 -0.0000 0.2903
vn -0.9952 -0.0000 0.0980
vn -0.9952 -0.0000 -0.0980
vn -0.9569 -0.0000 -0.2903
vn -0.8819 -0.0000 -0.4714
vn -0.7730 -0.0000 -0.6344
vn -0.6344 -0.0000 -0.7730
vn -0.4714 -0.0000 -0.8819
vn -0.0000 1.0000 -0.0000
vn -0.2903 -0.0000 -0.9569
vn -0.0980 -0.0000 -0.9952
vn -0.0000 -1.0000 -0.0000
vt 1.000000 0.500000
vt 1.000000 1.000000
vt 0.968750 1.000000
vt 0.968750 0.500000
vt 0.937500 1.000000
vt 0.937500 0.500000
vt 0.906250 1.000000
vt 0.906250 0.500000
vt 0.875000 1.000000
vt 0.875000 0.500000
vt 0.843750 1.000000
vt 0.843750 0.500000
vt 0.812500 1.000000
vt 0.812500 0.500000
vt 0.781250 1.000000
vt 0.781250 0.500000
vt 0.750000 1.000000
vt 0.750000 0.500000
vt 0.718750 1.000000
vt 0.718750 0.500000
vt 0.687500 1.000000
vt 0.687500 0.500000
vt 0.656250 1.000000
vt 0.656250 0.500000
vt 0.625000 1.000000
vt 0.625000 0.500000
vt 0.593750 1.000000
vt 0.593750 0.500000
vt 0.562500 1.000000
vt 0.562500 0.500000
vt 0.531250 1.000000
vt 0.531250 0.500000
vt 0.500000 1.000000
vt 0.500000 0.500000
vt 0.468750 1.000000
vt 0.468750 0.500000
vt 0.437500 1.000000
vt 0.437500 0.500000
vt 0.406250 1.000000
vt 0.406250 0.500000
vt 0.375000 1.000000
vt 0.375000 0.500000
vt 0.343750 1.000000
vt 0.343750 0.500000
vt 0.312500 1.000000
vt 0.312500 0.500000
vt 0.281250 1.000000
vt 0.281250 0.500000
vt 0.250000 1.000000
vt 0.250000 0.500000
vt 0.218750 1.000000
vt 0.218750 0.500000
vt 0.187500 1.000000
vt 0.187500 0.500000
vt 0.156250 1.000000
vt 0.156250 0.500000
vt 0.125000 1.000000
vt 0.125000 0.500000
vt 0.093750 1.000000
vt 0.093750 0.500000
vt 0.062500 1.000000
vt 0.062500 0.500000
vt 0.296822 0.485388
vt 0.250000 0.490000
vt 0.203178 0.485388
vt 0.158156 0.471731
vt 0.116663 0.449553
vt 0.080294 0.419706
vt 0.050447 0.383337
vt 0.028269 0.341844
vt 0.014612 0.296822
vt 0.010000 0.250000
vt 0.014612 0.203178
vt 0.028269 0.158156
vt 0.050447 0.116663
vt 0.080294 0.080294
vt 0.116663 0.050447
vt 0.158156 0.028269
vt 0.203178 0.014612
vt 0.250000 0.010000
vt 0.296822 0.014612
vt 0.341844 0.028269
vt 0.383337 0.050447
vt 0.419706 0.080294
vt 0.449553 0.116663
vt 0.471731 0.158156
vt 0.485388 0.203178
vt 0.490000 0.250000
vt 0.485388 0.296822
vt 0.471731 0.341844
vt 0.449553 0.383337
vt 0.419706 0.419706
vt 0.383337 0.449553
vt 0.341844 0.471731
vt 0.031250 1.000000
vt 0.031250 0.500000
vt 0.000000 1.000000
vt 0.000000 0.500000
vt 0.750000 0.490000
vt 0.796822 0.485388
vt 0.841844 0.471731
vt 0.883337 0.449553
vt 0.919706 0.419706
vt 0.949553 0.383337
vt 0.971731 0.341844
vt 0.985388 0.296822
vt 0.990000 0.250000
vt 0.985388 0.203178
vt 0.971731 0.158156
vt 0.949553 0.116663
vt 0.919706 0.080294
vt 0.883337 0.050447
vt 0.841844 0.028269
vt 0.796822 0.014612
vt 0.750000 0.010000
vt 0.703178 0.014612
vt 0.658156 0.028269
vt 0.616663 0.050447
vt 0.580294 0.080294
vt 0.550447 0.116663
vt 0.528269 0.158156
vt 0.514612 0.203178
vt 0.510000 0.250000
vt 0.514612 0.296822
vt 0.528269 0.341844
vt 0.550447 0.383337
vt 0.580294 0.419706
vt 0.616663 0.449553
vt 0.658156 0.471731
vt 0.703178 0.485388
s 0
f 5234/8212/1797 5235/8213/1797 5237/8214/1797 5236/8215/1797
f 5236/8215/1798 5237/8214/1798 5239/8216/1798 5238/8217/1798
f 5238/8217/1799 5239/8216/1799 5241/8218/1799 5240/8219/1799
f 5240/8219/1800 5241/8218/1800 5243/8220/1800 5242/8221/1800
f 5242/8221/1801 5243/8220/1801 5245/8222/1801 5244/8223/1801
f 5244/8223/1802 5245/8222/1802 5247/8224/1802 5246/8225/1802
f 5246/8225/1803 5247/8224/1803 5249/8226/1803 5248/8227/1803
f 5248/8227/1804 5249/8226/1804 5251/8228/1804 5250/8229/1804
f 5250/8229/1805 5251/8228/1805 5253/8230/1805 5252/8231/1805
f 5252/8231/1806 5253/8230/1806 5255/8232/1806 5254/8233/1806
f 5254/8233/1807 5255/8232/1807 5257/8234/1807 5256/8235/1807
f 5256/8235/1808 5257/8234/1808 5259/8236/1808 5258/8237/1808
f 5258/8237/1809 5259/8236/1809 5261/8238/1809 5260/8239/1809
f 5260/8239/1810 5261/8238/1810 5263/8240/1810 5262/8241/1810
f 5262/8241/1811 5263/8240/1811 5265/8242/1811 5264/8243/1811
f 5264/8243/1812 5265/8242/1812 5267/8244/1812 5266/8245/1812
f 5266/8245/1813 5267/8244/1813 5269/8246/1813 5268/8247/1813
f 5268/8247/1814 5269/8246/1814 5271/8248/1814 5270/8249/1814
f 5270/8249/1815 5271/8248/1815 5273/8250/1815 5272/8251/1815
f 5272/8251/1816 5273/8250/1816 5275/8252/1816 5274/8253/1816
f 5274/8253/1817 5275/8252/1817 5277/8254/1817 5276/8255/1817
f 5276/8255/1818 5277/8254/1818 5279/8256/1818 5278/8257/1818
f 5278/8257/1819 5279/8256/1819 5281/8258/1819 5280/8259/1819
f 5280/8259/1820 5281/8258/1820 5283/8260/1820 5282/8261/1820
f 5282/8261/1821 5283/8260/1821 5285/8262/1821 5284/8263/1821
f 5284/8263/1822 5285/8262/1822 5287/8264/1822 5286/8265/1822
f 5286/8265/1823 5287/8264/1823 5289/8266/1823 5288/8267/1823
f 5288/8267/1824 5289/8266/1824 5291/8268/1824 5290/8269/1824
f 5290/8269/1825 5291/8268/1825 5293/8270/1825 5292/8271/1825
f 5292/8271/1826 5293/8270/1826 5295/8272/1826 5294/8273/1826
f 5237/8274/1827 5235/8275/1827 5297/8276/1827 5295/8277/1827 5293/8278/1827 5291/8279/1827 5289/8280/1827 5287/8281/1827 5285/8282/1827 5283/8283/1827 5281/8284/1827 5279/8285/1827 5277/8286/1827 5275/8287/1827 5273/8288/1827 5271/8289/1827 5269/8290/1827 5267/8291/1827 5265/8292/1827 5263/8293/1827 5261/8294/1827 5259/8295/1827 5257/8296/1827 5255/8297/1827 5253/8298/1827 5251/8299/1827 5249/8300/1827 5247/8301/1827 5245/8302/1827 5243/8303/1827 5241/8304/1827 5239/8305/1827
f 5294/8273/1828 5295/8272/1828 5297/8306/1828 5296/8307/1828
f 5296/8307/1829 5297/8306/1829 5235/8308/1829 5234/8309/1829
f 5234/8310/1830 5236/8311/1830 5238/8312/1830 5240/8313/1830 5242/8314/1830 5244/8315/1830 5246/8316/1830 5248/8317/1830 5250/8318/1830 5252/8319/1830 5254/8320/1830 5256/8321/1830 5258/8322/1830 5260/8323/1830 5262/8324/1830 5264/8325/1830 5266/8326/1830 5268/8327/1830 5270/8328/1830 5272/8329/1830 5274/8330/1830 5276/8331/1830 5278/8332/1830 5280/8333/1830 5282/8334/1830 5284/8335/1830 5286/8336/1830 5288/8337/1830 5290/8338/1830 5292/8339/1830 5294/8340/1830 5296/8341/1830
o Cylinder.053
v -13.060215 -0.231861 -11.467539
v -13.060215 16.465769 -11.467539
v -13.013407 -0.231861 -11.462929
v -13.013407 16.465769 -11.462929
v -12.968397 -0.231861 -11.449275
v -12.968397 16.465769 -11.449275
v -12.926916 -0.231861 -11.427103
v -12.926916 16.465769 -11.427103
v -12.890557 -0.231861 -11.397264
v -12.890557 16.465769 -11.397264
v -12.860719 -0.231861 -11.360906
v -12.860719 16.465769 -11.360906
v -12.838547 -0.231861 -11.319425
v -12.838547 16.465769 -11.319425
v -12.824893 -0.231861 -11.274415
v -12.824893 16.465769 -11.274415
v -12.820283 -0.231861 -11.227607
v -12.820283 16.465769 -11.227607
v -12.824893 -0.231861 -11.180799
v -12.824893 16.465769 -11.180799
v -12.838547 -0.231861 -11.135789
v -12.838547 16.465769 -11.135789
v -12.860719 -0.231861 -11.094308
v -12.860719 16.465769 -11.094308
v -12.890557 -0.231861 -11.057949
v -12.890557 16.465769 -11.057949
v -12.926916 -0.231861 -11.028111
v -12.926916 16.465769 -11.028111
v -12.968397 -0.231861 -11.005939
v -12.968397 16.465769 -11.005939
v -13.013407 -0.231861 -10.992285
v -13.013407 16.465769 -10.992285
v -13.060215 -0.231861 -10.987675
v -13.060215 16.465769 -10.987675
v -13.107023 -0.231861 -10.992285
v -13.107023 16.465769 -10.992285
v -13.152033 -0.231861 -11.005939
v -13.152033 16.465769 -11.005939
v -13.193514 -0.231861 -11.028111
v -13.193514 16.465769 -11.028111
v -13.229873 -0.231861 -11.057949
v -13.229873 16.465769 -11.057949
v -13.259711 -0.231861 -11.094308
v -13.259711 16.465769 -11.094308
v -13.281883 -0.231861 -11.135789
v -13.281883 16.465769 -11.135789
v -13.295537 -0.231861 -11.180799
v -13.295537 16.465769 -11.180799
v -13.300147 -0.231861 -11.227607
v -13.300147 16.465769 -11.227607
v -13.295537 -0.231861 -11.274415
v -13.295537 16.465769 -11.274415
v -13.281883 -0.231861 -11.319425
v -13.281883 16.465769 -11.319425
v -13.259711 -0.231861 -11.360906
v -13.259711 16.465769 -11.360906
v -13.229873 -0.231861 -11.397264
v -13.229873 16.465769 -11.397264
v -13.193514 -0.231861 -11.427103
v -13.193514 16.465769 -11.427103
v -13.152033 -0.231861 -11.449275
v -13.152033 16.465769 -11.449275
v -13.107023 -0.231861 -11.462929
v -13.107023 16.465769 -11.462929
vn 0.0980 -0.0000 -0.9952
vn 0.2903 -0.0000 -0.9569
vn 0.4714 -0.0000 -0.8819
vn 0.6344 -0.0000 -0.7730
vn 0.7730 -0.0000 -0.6344
vn 0.8819 -0.0000 -0.4714
vn 0.9569 -0.0000 -0.2903
vn 0.9952 -0.0000 -0.0980
vn 0.9952 -0.0000 0.0980
vn 0.9569 -0.0000 0.2903
vn 0.8819 -0.0000 0.4714
vn 0.7730 -0.0000 0.6344
vn 0.6344 -0.0000 0.7730
vn 0.4714 -0.0000 0.8819
vn 0.2903 -0.0000 0.9569
vn 0.0980 -0.0000 0.9952
vn -0.0980 -0.0000 0.9952
vn -0.2903 -0.0000 0.9569
vn -0.4714 -0.0000 0.8819
vn -0.6344 -0.0000 0.7730
vn -0.7730 -0.0000 0.6344
vn -0.8819 -0.0000 0.4714
vn -0.9569 -0.0000 0.2903
vn -0.9952 -0.0000 0.0980
vn -0.9952 -0.0000 -0.0980
vn -0.9569 -0.0000 -0.2903
vn -0.8819 -0.0000 -0.4714
vn -0.7730 -0.0000 -0.6344
vn -0.6344 -0.0000 -0.7730
vn -0.4714 -0.0000 -0.8819
vn -0.0000 1.0000 -0.0000
vn -0.2903 -0.0000 -0.9569
vn -0.0980 -0.0000 -0.9952
vn -0.0000 -1.0000 -0.0000
vt 1.000000 0.500000
vt 1.000000 1.000000
vt 0.968750 1.000000
vt 0.968750 0.500000
vt 0.937500 1.000000
vt 0.937500 0.500000
vt 0.906250 1.000000
vt 0.906250 0.500000
vt 0.875000 1.000000
vt 0.875000 0.500000
vt 0.843750 1.000000
vt 0.843750 0.500000
vt 0.812500 1.000000
vt 0.812500 0.500000
vt 0.781250 1.000000
vt 0.781250 0.500000
vt 0.750000 1.000000
vt 0.750000 0.500000
vt 0.718750 1.000000
vt 0.718750 0.500000
vt 0.687500 1.000000
vt 0.687500 0.500000
vt 0.656250 1.000000
vt 0.656250 0.500000
vt 0.625000 1.000000
vt 0.625000 0.500000
vt 0.593750 1.000000
vt 0.593750 0.500000
vt 0.562500 1.000000
vt 0.562500 0.500000
vt 0.531250 1.000000
vt 0.531250 0.500000
vt 0.500000 1.000000
vt 0.500000 0.500000
vt 0.468750 1.000000
vt 0.468750 0.500000
vt 0.437500 1.000000
vt 0.437500 0.500000
vt 0.406250 1.000000
vt 0.406250 0.500000
vt 0.375000 1.000000
vt 0.375000 0.500000
vt 0.343750 1.000000
vt 0.343750 0.500000
vt 0.312500 1.000000
vt 0.312500 0.500000
vt 0.281250 1.000000
vt 0.281250 0.500000
vt 0.250000 1.000000
vt 0.250000 0.500000
vt 0.218750 1.000000
vt 0.218750 0.500000
vt 0.187500 1.000000
vt 0.187500 0.500000
vt 0.156250 1.000000
vt 0.156250 0.500000
vt 0.125000 1.000000
vt 0.125000 0.500000
vt 0.093750 1.000000
vt 0.093750 0.500000
vt 0.062500 1.000000
vt 0.062500 0.500000
vt 0.296822 0.485388
vt 0.250000 0.490000
vt 0.203178 0.485388
vt 0.158156 0.471731
vt 0.116663 0.449553
vt 0.080294 0.419706
vt 0.050447 0.383337
vt 0.028269 0.341844
vt 0.014612 0.296822
vt 0.010000 0.250000
vt 0.014612 0.203178
vt 0.028269 0.158156
vt 0.050447 0.116663
vt 0.080294 0.080294
vt 0.116663 0.050447
vt 0.158156 0.028269
vt 0.203178 0.014612
vt 0.250000 0.010000
vt 0.296822 0.014612
vt 0.341844 0.028269
vt 0.383337 0.050447
vt 0.419706 0.080294
vt 0.449553 0.116663
vt 0.471731 0.158156
vt 0.485388 0.203178
vt 0.490000 0.250000
vt 0.485388 0.296822
vt 0.471731 0.341844
vt 0.449553 0.383337
vt 0.419706 0.419706
vt 0.383337 0.449553
vt 0.341844 0.471731
vt 0.031250 1.000000
vt 0.031250 0.500000
vt 0.000000 1.000000
vt 0.000000 0.500000
vt 0.750000 0.490000
vt 0.796822 0.485388
vt 0.841844 0.471731
vt 0.883337 0.449553
vt 0.919706 0.419706
vt 0.949553 0.383337
vt 0.971731 0.341844
vt 0.985388 0.296822
vt 0.990000 0.250000
vt 0.985388 0.203178
vt 0.971731 0.158156
vt 0.949553 0.116663
vt 0.919706 0.080294
vt 0.883337 0.050447
vt 0.841844 0.028269
vt 0.796822 0.014612
vt 0.750000 0.010000
vt 0.703178 0.014612
vt 0.658156 0.028269
vt 0.616663 0.050447
vt 0.580294 0.080294
vt 0.550447 0.116663
vt 0.528269 0.158156
vt 0.514612 0.203178
vt 0.510000 0.250000
vt 0.514612 0.296822
vt 0.528269 0.341844
vt 0.550447 0.383337
vt 0.580294 0.419706
vt 0.616663 0.449553
vt 0.658156 0.471731
vt 0.703178 0.485388
s 0
f 5298/8342/1831 5299/8343/1831 5301/8344/1831 5300/8345/1831
f 5300/8345/1832 5301/8344/1832 5303/8346/1832 5302/8347/1832
f 5302/8347/1833 5303/8346/1833 5305/8348/1833 5304/8349/1833
f 5304/8349/1834 5305/8348/1834 5307/8350/1834 5306/8351/1834
f 5306/8351/1835 5307/8350/1835 5309/8352/1835 5308/8353/1835
f 5308/8353/1836 5309/8352/1836 5311/8354/1836 5310/8355/1836
f 5310/8355/1837 5311/8354/1837 5313/8356/1837 5312/8357/1837
f 5312/8357/1838 5313/8356/1838 5315/8358/1838 5314/8359/1838
f 5314/8359/1839 5315/8358/1839 5317/8360/1839 5316/8361/1839
f 5316/8361/1840 5317/8360/1840 5319/8362/1840 5318/8363/1840
f 5318/8363/1841 5319/8362/1841 5321/8364/1841 5320/8365/1841
f 5320/8365/1842 5321/8364/1842 5323/8366/1842 5322/8367/1842
f 5322/8367/1843 5323/8366/1843 5325/8368/1843 5324/8369/1843
f 5324/8369/1844 5325/8368/1844 5327/8370/1844 5326/8371/1844
f 5326/8371/1845 5327/8370/1845 5329/8372/1845 5328/8373/1845
f 5328/8373/1846 5329/8372/1846 5331/8374/1846 5330/8375/1846
f 5330/8375/1847 5331/8374/1847 5333/8376/1847 5332/8377/1847
f 5332/8377/1848 5333/8376/1848 5335/8378/1848 5334/8379/1848
f 5334/8379/1849 5335/8378/1849 5337/8380/1849 5336/8381/1849
f 5336/8381/1850 5337/8380/1850 5339/8382/1850 5338/8383/1850
f 5338/8383/1851 5339/8382/1851 5341/8384/1851 5340/8385/1851
f 5340/8385/1852 5341/8384/1852 5343/8386/1852 5342/8387/1852
f 5342/8387/1853 5343/8386/1853 5345/8388/1853 5344/8389/1853
f 5344/8389/1854 5345/8388/1854 5347/8390/1854 5346/8391/1854
f 5346/8391/1855 5347/8390/1855 5349/8392/1855 5348/8393/1855
f 5348/8393/1856 5349/8392/1856 5351/8394/1856 5350/8395/1856
f 5350/8395/1857 5351/8394/1857 5353/8396/1857 5352/8397/1857
f 5352/8397/1858 5353/8396/1858 5355/8398/1858 5354/8399/1858
f 5354/8399/1859 5355/8398/1859 5357/8400/1859 5356/8401/1859
f 5356/8401/1860 5357/8400/1860 5359/8402/1860 5358/8403/1860
f 5301/8404/1861 5299/8405/1861 5361/8406/1861 5359/8407/1861 5357/8408/1861 5355/8409/1861 5353/8410/1861 5351/8411/1861 5349/8412/1861 5347/8413/1861 5345/8414/1861 5343/8415/1861 5341/8416/1861 5339/8417/1861 5337/8418/1861 5335/8419/1861 5333/8420/1861 5331/8421/1861 5329/8422/1861 5327/8423/1861 5325/8424/1861 5323/8425/1861 5321/8426/1861 5319/8427/1861 5317/8428/1861 5315/8429/1861 5313/8430/1861 5311/8431/1861 5309/8432/1861 5307/8433/1861 5305/8434/1861 5303/8435/1861
f 5358/8403/1862 5359/8402/1862 5361/8436/1862 5360/8437/1862
f 5360/8437/1863 5361/8436/1863 5299/8438/1863 5298/8439/1863
f 5298/8440/1864 5300/8441/1864 5302/8442/1864 5304/8443/1864 5306/8444/1864 5308/8445/1864 5310/8446/1864 5312/8447/1864 5314/8448/1864 5316/8449/1864 5318/8450/1864 5320/8451/1864 5322/8452/1864 5324/8453/1864 5326/8454/1864 5328/8455/1864 5330/8456/1864 5332/8457/1864 5334/8458/1864 5336/8459/1864 5338/8460/1864 5340/8461/1864 5342/8462/1864 5344/8463/1864 5346/8464/1864 5348/8465/1864 5350/8466/1864 5352/8467/1864 5354/8468/1864 5356/8469/1864 5358/8470/1864 5360/8471/1864
o Cylinder.054
v -13.060215 -0.231861 -12.591860
v -13.060215 16.465769 -12.591860
v -13.013407 -0.231861 -12.587250
v -13.013407 16.465769 -12.587250
v -12.968397 -0.231861 -12.573596
v -12.968397 16.465769 -12.573596
v -12.926916 -0.231861 -12.551424
v -12.926916 16.465769 -12.551424
v -12.890557 -0.231861 -12.521585
v -12.890557 16.465769 -12.521585
v -12.860719 -0.231861 -12.485227
v -12.860719 16.465769 -12.485227
v -12.838547 -0.231861 -12.443746
v -12.838547 16.465769 -12.443746
v -12.824893 -0.231861 -12.398736
v -12.824893 16.465769 -12.398736
v -12.820283 -0.231861 -12.351928
v -12.820283 16.465769 -12.351928
v -12.824893 -0.231861 -12.305120
v -12.824893 16.465769 -12.305120
v -12.838547 -0.231861 -12.260110
v -12.838547 16.465769 -12.260110
v -12.860719 -0.231861 -12.218629
v -12.860719 16.465769 -12.218629
v -12.890557 -0.231861 -12.182270
v -12.890557 16.465769 -12.182270
v -12.926916 -0.231861 -12.152431
v -12.926916 16.465769 -12.152431
v -12.968397 -0.231861 -12.130260
v -12.968397 16.465769 -12.130260
v -13.013407 -0.231861 -12.116606
v -13.013407 16.465769 -12.116606
v -13.060215 -0.231861 -12.111996
v -13.060215 16.465769 -12.111996
v -13.107023 -0.231861 -12.116606
v -13.107023 16.465769 -12.116606
v -13.152033 -0.231861 -12.130260
v -13.152033 16.465769 -12.130260
v -13.193514 -0.231861 -12.152431
v -13.193514 16.465769 -12.152431
v -13.229873 -0.231861 -12.182270
v -13.229873 16.465769 -12.182270
v -13.259711 -0.231861 -12.218629
v -13.259711 16.465769 -12.218629
v -13.281883 -0.231861 -12.260110
v -13.281883 16.465769 -12.260110
v -13.295537 -0.231861 -12.305120
v -13.295537 16.465769 -12.305120
v -13.300147 -0.231861 -12.351928
v -13.300147 16.465769 -12.351928
v -13.295537 -0.231861 -12.398736
v -13.295537 16.465769 -12.398736
v -13.281883 -0.231861 -12.443746
v -13.281883 16.465769 -12.443746
v -13.259711 -0.231861 -12.485227
v -13.259711 16.465769 -12.485227
v -13.229873 -0.231861 -12.521585
v -13.229873 16.465769 -12.521585
v -13.193514 -0.231861 -12.551424
v -13.193514 16.465769 -12.551424
v -13.152033 -0.231861 -12.573596
v -13.152033 16.465769 -12.573596
v -13.107023 -0.231861 -12.587250
v -13.107023 16.465769 -12.587250
vn 0.0980 -0.0000 -0.9952
vn 0.2903 -0.0000 -0.9569
vn 0.4714 -0.0000 -0.8819
vn 0.6344 -0.0000 -0.7730
vn 0.7730 -0.0000 -0.6344
vn 0.8819 -0.0000 -0.4714
vn 0.9569 -0.0000 -0.2903
vn 0.9952 -0.0000 -0.0980
vn 0.9952 -0.0000 0.0980
vn 0.9569 -0.0000 0.2903
vn 0.8819 -0.0000 0.4714
vn 0.7730 -0.0000 0.6344
vn 0.6344 -0.0000 0.7730
vn 0.4714 -0.0000 0.8819
vn 0.2903 -0.0000 0.9569
vn 0.0980 -0.0000 0.9952
vn -0.0980 -0.0000 0.9952
vn -0.2903 -0.0000 0.9569
vn -0.4714 -0.0000 0.8819
vn -0.6344 -0.0000 0.7730
vn -0.7730 -0.0000 0.6344
vn -0.8819 -0.0000 0.4714
vn -0.9569 -0.0000 0.2903
vn -0.9952 -0.0000 0.0980
vn -0.9952 -0.0000 -0.0980
vn -0.9569 -0.0000 -0.2903
vn -0.8819 -0.0000 -0.4714
vn -0.7730 -0.0000 -0.6344
vn -0.6344 -0.0000 -0.7730
vn -0.4714 -0.0000 -0.8819
vn -0.0000 1.0000 -0.0000
vn -0.2903 -0.0000 -0.9569
vn -0.0980 -0.0000 -0.9952
vn -0.0000 -1.0000 -0.0000
vt 1.000000 0.500000
vt 1.000000 1.000000
vt 0.968750 1.000000
vt 0.968750 0.500000
vt 0.937500 1.000000
vt 0.937500 0.500000
vt 0.906250 1.000000
vt 0.906250 0.500000
vt 0.875000 1.000000
vt 0.875000 0.500000
vt 0.843750 1.000000
vt 0.843750 0.500000
vt 0.812500 1.000000
vt 0.812500 0.500000
vt 0.781250 1.000000
vt 0.781250 0.500000
vt 0.750000 1.000000
vt 0.750000 0.500000
vt 0.718750 1.000000
vt 0.718750 0.500000
vt 0.687500 1.000000
vt 0.687500 0.500000
vt 0.656250 1.000000
vt 0.656250 0.500000
vt 0.625000 1.000000
vt 0.625000 0.500000
vt 0.593750 1.000000
vt 0.593750 0.500000
vt 0.562500 1.000000
vt 0.562500 0.500000
vt 0.531250 1.000000
vt 0.531250 0.500000
vt 0.500000 1.000000
vt 0.500000 0.500000
vt 0.468750 1.000000
vt 0.468750 0.500000
vt 0.437500 1.000000
vt 0.437500 0.500000
vt 0.406250 1.000000
vt 0.406250 0.500000
vt 0.375000 1.000000
vt 0.375000 0.500000
vt 0.343750 1.000000
vt 0.343750 0.500000
vt 0.312500 1.000000
vt 0.312500 0.500000
vt 0.281250 1.000000
vt 0.281250 0.500000
vt 0.250000 1.000000
vt 0.250000 0.500000
vt 0.218750 1.000000
vt 0.218750 0.500000
vt 0.187500 1.000000
vt 0.187500 0.500000
vt 0.156250 1.000000
vt 0.156250 0.500000
vt 0.125000 1.000000
vt 0.125000 0.500000
vt 0.093750 1.000000
vt 0.093750 0.500000
vt 0.062500 1.000000
vt 0.062500 0.500000
vt 0.296822 0.485388
vt 0.250000 0.490000
vt 0.203178 0.485388
vt 0.158156 0.471731
vt 0.116663 0.449553
vt 0.080294 0.419706
vt 0.050447 0.383337
vt 0.028269 0.341844
vt 0.014612 0.296822
vt 0.010000 0.250000
vt 0.014612 0.203178
vt 0.028269 0.158156
vt 0.050447 0.116663
vt 0.080294 0.080294
vt 0.116663 0.050447
vt 0.158156 0.028269
vt 0.203178 0.014612
vt 0.250000 0.010000
vt 0.296822 0.014612
vt 0.341844 0.028269
vt 0.383337 0.050447
vt 0.419706 0.080294
vt 0.449553 0.116663
vt 0.471731 0.158156
vt 0.485388 0.203178
vt 0.490000 0.250000
vt 0.485388 0.296822
vt 0.471731 0.341844
vt 0.449553 0.383337
vt 0.419706 0.419706
vt 0.383337 0.449553
vt 0.341844 0.471731
vt 0.031250 1.000000
vt 0.031250 0.500000
vt 0.000000 1.000000
vt 0.000000 0.500000
vt 0.750000 0.490000
vt 0.796822 0.485388
vt 0.841844 0.471731
vt 0.883337 0.449553
vt 0.919706 0.419706
vt 0.949553 0.383337
vt 0.971731 0.341844
vt 0.985388 0.296822
vt 0.990000 0.250000
vt 0.985388 0.203178
vt 0.971731 0.158156
vt 0.949553 0.116663
vt 0.919706 0.080294
vt 0.883337 0.050447
vt 0.841844 0.028269
vt 0.796822 0.014612
vt 0.750000 0.010000
vt 0.703178 0.014612
vt 0.658156 0.028269
vt 0.616663 0.050447
vt 0.580294 0.080294
vt 0.550447 0.116663
vt 0.528269 0.158156
vt 0.514612 0.203178
vt 0.510000 0.250000
vt 0.514612 0.296822
vt 0.528269 0.341844
vt 0.550447 0.383337
vt 0.580294 0.419706
vt 0.616663 0.449553
vt 0.658156 0.471731
vt 0.703178 0.485388
s 0
f 5362/8472/1865 5363/8473/1865 5365/8474/1865 5364/8475/1865
f 5364/8475/1866 5365/8474/1866 5367/8476/1866 5366/8477/1866
f 5366/8477/1867 5367/8476/1867 5369/8478/1867 5368/8479/1867
f 5368/8479/1868 5369/8478/1868 5371/8480/1868 5370/8481/1868
f 5370/8481/1869 5371/8480/1869 5373/8482/1869 5372/8483/1869
f 5372/8483/1870 5373/8482/1870 5375/8484/1870 5374/8485/1870
f 5374/8485/1871 5375/8484/1871 5377/8486/1871 5376/8487/1871
f 5376/8487/1872 5377/8486/1872 5379/8488/1872 5378/8489/1872
f 5378/8489/1873 5379/8488/1873 5381/8490/1873 5380/8491/1873
f 5380/8491/1874 5381/8490/1874 5383/8492/1874 5382/8493/1874
f 5382/8493/1875 5383/8492/1875 5385/8494/1875 5384/8495/1875
f 5384/8495/1876 5385/8494/1876 5387/8496/1876 5386/8497/1876
f 5386/8497/1877 5387/8496/1877 5389/8498/1877 5388/8499/1877
f 5388/8499/1878 5389/8498/1878 5391/8500/1878 5390/8501/1878
f 5390/8501/1879 5391/8500/1879 5393/8502/1879 5392/8503/1879
f 5392/8503/1880 5393/8502/1880 5395/8504/1880 5394/8505/1880
f 5394/8505/1881 5395/8504/1881 5397/8506/1881 5396/8507/1881
f 5396/8507/1882 5397/8506/1882 5399/8508/1882 5398/8509/1882
f 5398/8509/1883 5399/8508/1883 5401/8510/1883 5400/8511/1883
f 5400/8511/1884 5401/8510/1884 5403/8512/1884 5402/8513/1884
f 5402/8513/1885 5403/8512/1885 5405/8514/1885 5404/8515/1885
f 5404/8515/1886 5405/8514/1886 5407/8516/1886 5406/8517/1886
f 5406/8517/1887 5407/8516/1887 5409/8518/1887 5408/8519/1887
f 5408/8519/1888 5409/8518/1888 5411/8520/1888 5410/8521/1888
f 5410/8521/1889 5411/8520/1889 5413/8522/1889 5412/8523/1889
f 5412/8523/1890 5413/8522/1890 5415/8524/1890 5414/8525/1890
f 5414/8525/1891 5415/8524/1891 5417/8526/1891 5416/8527/1891
f 5416/8527/1892 5417/8526/1892 5419/8528/1892 5418/8529/1892
f 5418/8529/1893 5419/8528/1893 5421/8530/1893 5420/8531/1893
f 5420/8531/1894 5421/8530/1894 5423/8532/1894 5422/8533/1894
f 5365/8534/1895 5363/8535/1895 5425/8536/1895 5423/8537/1895 5421/8538/1895 5419/8539/1895 5417/8540/1895 5415/8541/1895 5413/8542/1895 5411/8543/1895 5409/8544/1895 5407/8545/1895 5405/8546/1895 5403/8547/1895 5401/8548/1895 5399/8549/1895 5397/8550/1895 5395/8551/1895 5393/8552/1895 5391/8553/1895 5389/8554/1895 5387/8555/1895 5385/8556/1895 5383/8557/1895 5381/8558/1895 5379/8559/1895 5377/8560/1895 5375/8561/1895 5373/8562/1895 5371/8563/1895 5369/8564/1895 5367/8565/1895
f 5422/8533/1896 5423/8532/1896 5425/8566/1896 5424/8567/1896
f 5424/8567/1897 5425/8566/1897 5363/8568/1897 5362/8569/1897
f 5362/8570/1898 5364/8571/1898 5366/8572/1898 5368/8573/1898 5370/8574/1898 5372/8575/1898 5374/8576/1898 5376/8577/1898 5378/8578/1898 5380/8579/1898 5382/8580/1898 5384/8581/1898 5386/8582/1898 5388/8583/1898 5390/8584/1898 5392/8585/1898 5394/8586/1898 5396/8587/1898 5398/8588/1898 5400/8589/1898 5402/8590/1898 5404/8591/1898 5406/8592/1898 5408/8593/1898 5410/8594/1898 5412/8595/1898 5414/8596/1898 5416/8597/1898 5418/8598/1898 5420/8599/1898 5422/8600/1898 5424/8601/1898
o Cylinder.055
v -13.060215 -0.231861 -16.864601
v -13.060215 16.465769 -16.864601
v -13.013407 -0.231861 -16.859991
v -13.013407 16.465769 -16.859991
v -12.968397 -0.231861 -16.846336
v -12.968397 16.465769 -16.846336
v -12.926916 -0.231861 -16.824165
v -12.926916 16.465769 -16.824165
v -12.890557 -0.231861 -16.794327
v -12.890557 16.465769 -16.794327
v -12.860719 -0.231861 -16.757967
v -12.860719 16.465769 -16.757967
v -12.838547 -0.231861 -16.716486
v -12.838547 16.465769 -16.716486
v -12.824893 -0.231861 -16.671476
v -12.824893 16.465769 -16.671476
v -12.820283 -0.231861 -16.624668
v -12.820283 16.465769 -16.624668
v -12.824893 -0.231861 -16.577860
v -12.824893 16.465769 -16.577860
v -12.838547 -0.231861 -16.532850
v -12.838547 16.465769 -16.532850
v -12.860719 -0.231861 -16.491369
v -12.860719 16.465769 -16.491369
v -12.890557 -0.231861 -16.455009
v -12.890557 16.465769 -16.455009
v -12.926916 -0.231861 -16.425171
v -12.926916 16.465769 -16.425171
v -12.968397 -0.231861 -16.403000
v -12.968397 16.465769 -16.403000
v -13.013407 -0.231861 -16.389345
v -13.013407 16.465769 -16.389345
v -13.060215 -0.231861 -16.384735
v -13.060215 16.465769 -16.384735
v -13.107023 -0.231861 -16.389345
v -13.107023 16.465769 -16.389345
v -13.152033 -0.231861 -16.403000
v -13.152033 16.465769 -16.403000
v -13.193514 -0.231861 -16.425171
v -13.193514 16.465769 -16.425171
v -13.229873 -0.231861 -16.455009
v -13.229873 16.465769 -16.455009
v -13.259711 -0.231861 -16.491369
v -13.259711 16.465769 -16.491369
v -13.281883 -0.231861 -16.532850
v -13.281883 16.465769 -16.532850
v -13.295537 -0.231861 -16.577860
v -13.295537 16.465769 -16.577860
v -13.300147 -0.231861 -16.624668
v -13.300147 16.465769 -16.624668
v -13.295537 -0.231861 -16.671476
v -13.295537 16.465769 -16.671476
v -13.281883 -0.231861 -16.716486
v -13.281883 16.465769 -16.716486
v -13.259711 -0.231861 -16.757967
v -13.259711 16.465769 -16.757967
v -13.229873 -0.231861 -16.794327
v -13.229873 16.465769 -16.794327
v -13.193514 -0.231861 -16.824165
v -13.193514 16.465769 -16.824165
v -13.152033 -0.231861 -16.846336
v -13.152033 16.465769 -16.846336
v -13.107023 -0.231861 -16.859991
v -13.107023 16.465769 -16.859991
vn 0.0980 -0.0000 -0.9952
vn 0.2903 -0.0000 -0.9569
vn 0.4714 -0.0000 -0.8819
vn 0.6344 -0.0000 -0.7730
vn 0.7730 -0.0000 -0.6344
vn 0.8819 -0.0000 -0.4714
vn 0.9569 -0.0000 -0.2903
vn 0.9952 -0.0000 -0.0980
vn 0.9952 -0.0000 0.0980
vn 0.9569 -0.0000 0.2903
vn 0.8819 -0.0000 0.4714
vn 0.7730 -0.0000 0.6344
vn 0.6344 -0.0000 0.7730
vn 0.4714 -0.0000 0.8819
vn 0.2903 -0.0000 0.9569
vn 0.0980 -0.0000 0.9952
vn -0.0980 -0.0000 0.9952
vn -0.2903 -0.0000 0.9569
vn -0.4714 -0.0000 0.8819
vn -0.6344 -0.0000 0.7730
vn -0.7730 -0.0000 0.6344
vn -0.8819 -0.0000 0.4714
vn -0.9569 -0.0000 0.2903
vn -0.9952 -0.0000 0.0980
vn -0.9952 -0.0000 -0.0980
vn -0.9569 -0.0000 -0.2903
vn -0.8819 -0.0000 -0.4714
vn -0.7730 -0.0000 -0.6344
vn -0.6344 -0.0000 -0.7730
vn -0.4714 -0.0000 -0.8819
vn -0.0000 1.0000 -0.0000
vn -0.2903 -0.0000 -0.9569
vn -0.0980 -0.0000 -0.9952
vn -0.0000 -1.0000 -0.0000
vt 1.000000 0.500000
vt 1.000000 1.000000
vt 0.968750 1.000000
vt 0.968750 0.500000
vt 0.937500 1.000000
vt 0.937500 0.500000
vt 0.906250 1.000000
vt 0.906250 0.500000
vt 0.875000 1.000000
vt 0.875000 0.500000
vt 0.843750 1.000000
vt 0.843750 0.500000
vt 0.812500 1.000000
vt 0.812500 0.500000
vt 0.781250 1.000000
vt 0.781250 0.500000
vt 0.750000 1.000000
vt 0.750000 0.500000
vt 0.718750 1.000000
vt 0.718750 0.500000
vt 0.687500 1.000000
vt 0.687500 0.500000
vt 0.656250 1.000000
vt 0.656250 0.500000
vt 0.625000 1.000000
vt 0.625000 0.500000
vt 0.593750 1.000000
vt 0.593750 0.500000
vt 0.562500 1.000000
vt 0.562500 0.500000
vt 0.531250 1.000000
vt 0.531250 0.500000
vt 0.500000 1.000000
vt 0.500000 0.500000
vt 0.468750 1.000000
vt 0.468750 0.500000
vt 0.437500 1.000000
vt 0.437500 0.500000
vt 0.406250 1.000000
vt 0.406250 0.500000
vt 0.375000 1.000000
vt 0.375000 0.500000
vt 0.343750 1.000000
vt 0.343750 0.500000
vt 0.312500 1.000000
vt 0.312500 0.500000
vt 0.281250 1.000000
vt 0.281250 0.500000
vt 0.250000 1.000000
vt 0.250000 0.500000
vt 0.218750 1.000000
vt 0.218750 0.500000
vt 0.187500 1.000000
vt 0.187500 0.500000
vt 0.156250 1.000000
vt 0.156250 0.500000
vt 0.125000 1.000000
vt 0.125000 0.500000
vt 0.093750 1.000000
vt 0.093750 0.500000
vt 0.062500 1.000000
vt 0.062500 0.500000
vt 0.296822 0.485388
vt 0.250000 0.490000
vt 0.203178 0.485388
vt 0.158156 0.471731
vt 0.116663 0.449553
vt 0.080294 0.419706
vt 0.050447 0.383337
vt 0.028269 0.341844
vt 0.014612 0.296822
vt 0.010000 0.250000
vt 0.014612 0.203178
vt 0.028269 0.158156
vt 0.050447 0.116663
vt 0.080294 0.080294
vt 0.116663 0.050447
vt 0.158156 0.028269
vt 0.203178 0.014612
vt 0.250000 0.010000
vt 0.296822 0.014612
vt 0.341844 0.028269
vt 0.383337 0.050447
vt 0.419706 0.080294
vt 0.449553 0.116663
vt 0.471731 0.158156
vt 0.485388 0.203178
vt 0.490000 0.250000
vt 0.485388 0.296822
vt 0.471731 0.341844
vt 0.449553 0.383337
vt 0.419706 0.419706
vt 0.383337 0.449553
vt 0.341844 0.471731
vt 0.031250 1.000000
vt 0.031250 0.500000
vt 0.000000 1.000000
vt 0.000000 0.500000
vt 0.750000 0.490000
vt 0.796822 0.485388
vt 0.841844 0.471731
vt 0.883337 0.449553
vt 0.919706 0.419706
vt 0.949553 0.383337
vt 0.971731 0.341844
vt 0.985388 0.296822
vt 0.990000 0.250000
vt 0.985388 0.203178
vt 0.971731 0.158156
vt 0.949553 0.116663
vt 0.919706 0.080294
vt 0.883337 0.050447
vt 0.841844 0.028269
vt 0.796822 0.014612
vt 0.750000 0.010000
vt 0.703178 0.014612
vt 0.658156 0.028269
vt 0.616663 0.050447
vt 0.580294 0.080294
vt 0.550447 0.116663
vt 0.528269 0.158156
vt 0.514612 0.203178
vt 0.510000 0.250000
vt 0.514612 0.296822
vt 0.528269 0.341844
vt 0.550447 0.383337
vt 0.580294 0.419706
vt 0.616663 0.449553
vt 0.658156 0.471731
vt 0.703178 0.485388
s 0
f 5426/8602/1899 5427/8603/1899 5429/8604/1899 5428/8605/1899
f 5428/8605/1900 5429/8604/1900 5431/8606/1900 5430/8607/1900
f 5430/8607/1901 5431/8606/1901 5433/8608/1901 5432/8609/1901
f 5432/8609/1902 5433/8608/1902 5435/8610/1902 5434/8611/1902
f 5434/8611/1903 5435/8610/1903 5437/8612/1903 5436/8613/1903
f 5436/8613/1904 5437/8612/1904 5439/8614/1904 5438/8615/1904
f 5438/8615/1905 5439/8614/1905 5441/8616/1905 5440/8617/1905
f 5440/8617/1906 5441/8616/1906 5443/8618/1906 5442/8619/1906
f 5442/8619/1907 5443/8618/1907 5445/8620/1907 5444/8621/1907
f 5444/8621/1908 5445/8620/1908 5447/8622/1908 5446/8623/1908
f 5446/8623/1909 5447/8622/1909 5449/8624/1909 5448/8625/1909
f 5448/8625/1910 5449/8624/1910 5451/8626/1910 5450/8627/1910
f 5450/8627/1911 5451/8626/1911 5453/8628/1911 5452/8629/1911
f 5452/8629/1912 5453/8628/1912 5455/8630/1912 5454/8631/1912
f 5454/8631/1913 5455/8630/1913 5457/8632/1913 5456/8633/1913
f 5456/8633/1914 5457/8632/1914 5459/8634/1914 5458/8635/1914
f 5458/8635/1915 5459/8634/1915 5461/8636/1915 5460/8637/1915
f 5460/8637/1916 5461/8636/1916 5463/8638/1916 5462/8639/1916
f 5462/8639/1917 5463/8638/1917 5465/8640/1917 5464/8641/1917
f 5464/8641/1918 5465/8640/1918 5467/8642/1918 5466/8643/1918
f 5466/8643/1919 5467/8642/1919 5469/8644/1919 5468/8645/1919
f 5468/8645/1920 5469/8644/1920 5471/8646/1920 5470/8647/1920
f 5470/8647/1921 5471/8646/1921 5473/8648/1921 5472/8649/1921
f 5472/8649/1922 5473/8648/1922 5475/8650/1922 5474/8651/1922
f 5474/8651/1923 5475/8650/1923 5477/8652/1923 5476/8653/1923
f 5476/8653/1924 5477/8652/1924 5479/8654/1924 5478/8655/1924
f 5478/8655/1925 5479/8654/1925 5481/8656/1925 5480/8657/1925
f 5480/8657/1926 5481/8656/1926 5483/8658/1926 5482/8659/1926
f 5482/8659/1927 5483/8658/1927 5485/8660/1927 5484/8661/1927
f 5484/8661/1928 5485/8660/1928 5487/8662/1928 5486/8663/1928
f 5429/8664/1929 5427/8665/1929 5489/8666/1929 5487/8667/1929 5485/8668/1929 5483/8669/1929 5481/8670/1929 5479/8671/1929 5477/8672/1929 5475/8673/1929 5473/8674/1929 5471/8675/1929 5469/8676/1929 5467/8677/1929 5465/8678/1929 5463/8679/1929 5461/8680/1929 5459/8681/1929 5457/8682/1929 5455/8683/1929 5453/8684/1929 5451/8685/1929 5449/8686/1929 5447/8687/1929 5445/8688/1929 5443/8689/1929 5441/8690/1929 5439/8691/1929 5437/8692/1929 5435/8693/1929 5433/8694/1929 5431/8695/1929
f 5486/8663/1930 5487/8662/1930 5489/8696/1930 5488/8697/1930
f 5488/8697/1931 5489/8696/1931 5427/8698/1931 5426/8699/1931
f 5426/8700/1932 5428/8701/1932 5430/8702/1932 5432/8703/1932 5434/8704/1932 5436/8705/1932 5438/8706/1932 5440/8707/1932 5442/8708/1932 5444/8709/1932 5446/8710/1932 5448/8711/1932 5450/8712/1932 5452/8713/1932 5454/8714/1932 5456/8715/1932 5458/8716/1932 5460/8717/1932 5462/8718/1932 5464/8719/1932 5466/8720/1932 5468/8721/1932 5470/8722/1932 5472/8723/1932 5474/8724/1932 5476/8725/1932 5478/8726/1932 5480/8727/1932 5482/8728/1932 5484/8729/1932 5486/8730/1932 5488/8731/1932
o Cylinder.056
v -13.060215 -0.231861 -17.975258
v -13.060215 16.465769 -17.975258
v -13.013407 -0.231861 -17.970648
v -13.013407 16.465769 -17.970648
v -12.968397 -0.231861 -17.956993
v -12.968397 16.465769 -17.956993
v -12.926916 -0.231861 -17.934822
v -12.926916 16.465769 -17.934822
v -12.890557 -0.231861 -17.904984
v -12.890557 16.465769 -17.904984
v -12.860719 -0.231861 -17.868624
v -12.860719 16.465769 -17.868624
v -12.838547 -0.231861 -17.827143
v -12.838547 16.465769 -17.827143
v -12.824893 -0.231861 -17.782133
v -12.824893 16.465769 -17.782133
v -12.820283 -0.231861 -17.735325
v -12.820283 16.465769 -17.735325
v -12.824893 -0.231861 -17.688517
v -12.824893 16.465769 -17.688517
v -12.838547 -0.231861 -17.643507
v -12.838547 16.465769 -17.643507
v -12.860719 -0.231861 -17.602026
v -12.860719 16.465769 -17.602026
v -12.890557 -0.231861 -17.565666
v -12.890557 16.465769 -17.565666
v -12.926916 -0.231861 -17.535828
v -12.926916 16.465769 -17.535828
v -12.968397 -0.231861 -17.513657
v -12.968397 16.465769 -17.513657
v -13.013407 -0.231861 -17.500002
v -13.013407 16.465769 -17.500002
v -13.060215 -0.231861 -17.495392
v -13.060215 16.465769 -17.495392
v -13.107023 -0.231861 -17.500002
v -13.107023 16.465769 -17.500002
v -13.152033 -0.231861 -17.513657
v -13.152033 16.465769 -17.513657
v -13.193514 -0.231861 -17.535828
v -13.193514 16.465769 -17.535828
v -13.229873 -0.231861 -17.565666
v -13.229873 16.465769 -17.565666
v -13.259711 -0.231861 -17.602026
v -13.259711 16.465769 -17.602026
v -13.281883 -0.231861 -17.643507
v -13.281883 16.465769 -17.643507
v -13.295537 -0.231861 -17.688517
v -13.295537 16.465769 -17.688517
v -13.300147 -0.231861 -17.735325
v -13.300147 16.465769 -17.735325
v -13.295537 -0.231861 -17.782133
v -13.295537 16.465769 -17.782133
v -13.281883 -0.231861 -17.827143
v -13.281883 16.465769 -17.827143
v -13.259711 -0.231861 -17.868624
v -13.259711 16.465769 -17.868624
v -13.229873 -0.231861 -17.904984
v -13.229873 16.465769 -17.904984
v -13.193514 -0.231861 -17.934822
v -13.193514 16.465769 -17.934822
v -13.152033 -0.231861 -17.956993
v -13.152033 16.465769 -17.956993
v -13.107023 -0.231861 -17.970648
v -13.107023 16.465769 -17.970648
vn 0.0980 -0.0000 -0.9952
vn 0.2903 -0.0000 -0.9569
vn 0.4714 -0.0000 -0.8819
vn 0.6344 -0.0000 -0.7730
vn 0.7730 -0.0000 -0.6344
vn 0.8819 -0.0000 -0.4714
vn 0.9569 -0.0000 -0.2903
vn 0.9952 -0.0000 -0.0980
vn 0.9952 -0.0000 0.0980
vn 0.9569 -0.0000 0.2903
vn 0.8819 -0.0000 0.4714
vn 0.7730 -0.0000 0.6344
vn 0.6344 -0.0000 0.7730
vn 0.4714 -0.0000 0.8819
vn 0.2903 -0.0000 0.9569
vn 0.0980 -0.0000 0.9952
vn -0.0980 -0.0000 0.9952
vn -0.2903 -0.0000 0.9569
vn -0.4714 -0.0000 0.8819
vn -0.6344 -0.0000 0.7730
vn -0.7730 -0.0000 0.6344
vn -0.8819 -0.0000 0.4714
vn -0.9569 -0.0000 0.2903
vn -0.9952 -0.0000 0.0980
vn -0.9952 -0.0000 -0.0980
vn -0.9569 -0.0000 -0.2903
vn -0.8819 -0.0000 -0.4714
vn -0.7730 -0.0000 -0.6344
vn -0.6344 -0.0000 -0.7730
vn -0.4714 -0.0000 -0.8819
vn -0.0000 1.0000 -0.0000
vn -0.2903 -0.0000 -0.9569
vn -0.0980 -0.0000 -0.9952
vn -0.0000 -1.0000 -0.0000
vt 1.000000 0.500000
vt 1.000000 1.000000
vt 0.968750 1.000000
vt 0.968750 0.500000
vt 0.937500 1.000000
vt 0.937500 0.500000
vt 0.906250 1.000000
vt 0.906250 0.500000
vt 0.875000 1.000000
vt 0.875000 0.500000
vt 0.843750 1.000000
vt 0.843750 0.500000
vt 0.812500 1.000000
vt 0.812500 0.500000
vt 0.781250 1.000000
vt 0.781250 0.500000
vt 0.750000 1.000000
vt 0.750000 0.500000
vt 0.718750 1.000000
vt 0.718750 0.500000
vt 0.687500 1.000000
vt 0.687500 0.500000
vt 0.656250 1.000000
vt 0.656250 0.500000
vt 0.625000 1.000000
vt 0.625000 0.500000
vt 0.593750 1.000000
vt 0.593750 0.500000
vt 0.562500 1.000000
vt 0.562500 0.500000
vt 0.531250 1.000000
vt 0.531250 0.500000
vt 0.500000 1.000000
vt 0.500000 0.500000
vt 0.468750 1.000000
vt 0.468750 0.500000
vt 0.437500 1.000000
vt 0.437500 0.500000
vt 0.406250 1.000000
vt 0.406250 0.500000
vt 0.375000 1.000000
vt 0.375000 0.500000
vt 0.343750 1.000000
vt 0.343750 0.500000
vt 0.312500 1.000000
vt 0.312500 0.500000
vt 0.281250 1.000000
vt 0.281250 0.500000
vt 0.250000 1.000000
vt 0.250000 0.500000
vt 0.218750 1.000000
vt 0.218750 0.500000
vt 0.187500 1.000000
vt 0.187500 0.500000
vt 0.156250 1.000000
vt 0.156250 0.500000
vt 0.125000 1.000000
vt 0.125000 0.500000
vt 0.093750 1.000000
vt 0.093750 0.500000
vt 0.062500 1.000000
vt 0.062500 0.500000
vt 0.296822 0.485388
vt 0.250000 0.490000
vt 0.203178 0.485388
vt 0.158156 0.471731
vt 0.116663 0.449553
vt 0.080294 0.419706
vt 0.050447 0.383337
vt 0.028269 0.341844
vt 0.014612 0.296822
vt 0.010000 0.250000
vt 0.014612 0.203178
vt 0.028269 0.158156
vt 0.050447 0.116663
vt 0.080294 0.080294
vt 0.116663 0.050447
vt 0.158156 0.028269
vt 0.203178 0.014612
vt 0.250000 0.010000
vt 0.296822 0.014612
vt 0.341844 0.028269
vt 0.383337 0.050447
vt 0.419706 0.080294
vt 0.449553 0.116663
vt 0.471731 0.158156
vt 0.485388 0.203178
vt 0.490000 0.250000
vt 0.485388 0.296822
vt 0.471731 0.341844
vt 0.449553 0.383337
vt 0.419706 0.419706
vt 0.383337 0.449553
vt 0.341844 0.471731
vt 0.031250 1.000000
vt 0.031250 0.500000
vt 0.000000 1.000000
vt 0.000000 0.500000
vt 0.750000 0.490000
vt 0.796822 0.485388
vt 0.841844 0.471731
vt 0.883337 0.449553
vt 0.919706 0.419706
vt 0.949553 0.383337
vt 0.971731 0.341844
vt 0.985388 0.296822
vt 0.990000 0.250000
vt 0.985388 0.203178
vt 0.971731 0.158156
vt 0.949553 0.116663
vt 0.919706 0.080294
vt 0.883337 0.050447
vt 0.841844 0.028269
vt 0.796822 0.014612
vt 0.750000 0.010000
vt 0.703178 0.014612
vt 0.658156 0.028269
vt 0.616663 0.050447
vt 0.580294 0.080294
vt 0.550447 0.116663
vt 0.528269 0.158156
vt 0.514612 0.203178
vt 0.510000 0.250000
vt 0.514612 0.296822
vt 0.528269 0.341844
vt 0.550447 0.383337
vt 0.580294 0.419706
vt 0.616663 0.449553
vt 0.658156 0.471731
vt 0.703178 0.485388
s 0
f 5490/8732/1933 5491/8733/1933 5493/8734/1933 5492/8735/1933
f 5492/8735/1934 5493/8734/1934 5495/8736/1934 5494/8737/1934
f 5494/8737/1935 5495/8736/1935 5497/8738/1935 5496/8739/1935
f 5496/8739/1936 5497/8738/1936 5499/8740/1936 5498/8741/1936
f 5498/8741/1937 5499/8740/1937 5501/8742/1937 5500/8743/1937
f 5500/8743/1938 5501/8742/1938 5503/8744/1938 5502/8745/1938
f 5502/8745/1939 5503/8744/1939 5505/8746/1939 5504/8747/1939
f 5504/8747/1940 5505/8746/1940 5507/8748/1940 5506/8749/1940
f 5506/8749/1941 5507/8748/1941 5509/8750/1941 5508/8751/1941
f 5508/8751/1942 5509/8750/1942 5511/8752/1942 5510/8753/1942
f 5510/8753/1943 5511/8752/1943 5513/8754/1943 5512/8755/1943
f 5512/8755/1944 5513/8754/1944 5515/8756/1944 5514/8757/1944
f 5514/8757/1945 5515/8756/1945 5517/8758/1945 5516/8759/1945
f 5516/8759/1946 5517/8758/1946 5519/8760/1946 5518/8761/1946
f 5518/8761/1947 5519/8760/1947 5521/8762/1947 5520/8763/1947
f 5520/8763/1948 5521/8762/1948 5523/8764/1948 5522/8765/1948
f 5522/8765/1949 5523/8764/1949 5525/8766/1949 5524/8767/1949
f 5524/8767/1950 5525/8766/1950 5527/8768/1950 5526/8769/1950
f 5526/8769/1951 5527/8768/1951 5529/8770/1951 5528/8771/1951
f 5528/8771/1952 5529/8770/1952 5531/8772/1952 5530/8773/1952
f 5530/8773/1953 5531/8772/1953 5533/8774/1953 5532/8775/1953
f 5532/8775/1954 5533/8774/1954 5535/8776/1954 5534/8777/1954
f 5534/8777/1955 5535/8776/1955 5537/8778/1955 5536/8779/1955
f 5536/8779/1956 5537/8778/1956 5539/8780/1956 5538/8781/1956
f 5538/8781/1957 5539/8780/1957 5541/8782/1957 5540/8783/1957
f 5540/8783/1958 5541/8782/1958 5543/8784/1958 5542/8785/1958
f 5542/8785/1959 5543/8784/1959 5545/8786/1959 5544/8787/1959
f 5544/8787/1960 5545/8786/1960 5547/8788/1960 5546/8789/1960
f 5546/8789/1961 5547/8788/1961 5549/8790/1961 5548/8791/1961
f 5548/8791/1962 5549/8790/1962 5551/8792/1962 5550/8793/1962
f 5493/8794/1963 5491/8795/1963 5553/8796/1963 5551/8797/1963 5549/8798/1963 5547/8799/1963 5545/8800/1963 5543/8801/1963 5541/8802/1963 5539/8803/1963 5537/8804/1963 5535/8805/1963 5533/8806/1963 5531/8807/1963 5529/8808/1963 5527/8809/1963 5525/8810/1963 5523/8811/1963 5521/8812/1963 5519/8813/1963 5517/8814/1963 5515/8815/1963 5513/8816/1963 5511/8817/1963 5509/8818/1963 5507/8819/1963 5505/8820/1963 5503/8821/1963 5501/8822/1963 5499/8823/1963 5497/8824/1963 5495/8825/1963
f 5550/8793/1964 5551/8792/1964 5553/8826/1964 5552/8827/1964
f 5552/8827/1965 5553/8826/1965 5491/8828/1965 5490/8829/1965
f 5490/8830/1966 5492/8831/1966 5494/8832/1966 5496/8833/1966 5498/8834/1966 5500/8835/1966 5502/8836/1966 5504/8837/1966 5506/8838/1966 5508/8839/1966 5510/8840/1966 5512/8841/1966 5514/8842/1966 5516/8843/1966 5518/8844/1966 5520/8845/1966 5522/8846/1966 5524/8847/1966 5526/8848/1966 5528/8849/1966 5530/8850/1966 5532/8851/1966 5534/8852/1966 5536/8853/1966 5538/8854/1966 5540/8855/1966 5542/8856/1966 5544/8857/1966 5546/8858/1966 5548/8859/1966 5550/8860/1966 5552/8861/1966
o Cylinder.057
v -13.060215 -0.231861 -19.099579
v -13.060215 16.465769 -19.099579
v -13.013407 -0.231861 -19.094969
v -13.013407 16.465769 -19.094969
v -12.968397 -0.231861 -19.081314
v -12.968397 16.465769 -19.081314
v -12.926916 -0.231861 -19.059143
v -12.926916 16.465769 -19.059143
v -12.890557 -0.231861 -19.029305
v -12.890557 16.465769 -19.029305
v -12.860719 -0.231861 -18.992945
v -12.860719 16.465769 -18.992945
v -12.838547 -0.231861 -18.951464
v -12.838547 16.465769 -18.951464
v -12.824893 -0.231861 -18.906454
v -12.824893 16.465769 -18.906454
v -12.820283 -0.231861 -18.859646
v -12.820283 16.465769 -18.859646
v -12.824893 -0.231861 -18.812838
v -12.824893 16.465769 -18.812838
v -12.838547 -0.231861 -18.767828
v -12.838547 16.465769 -18.767828
v -12.860719 -0.231861 -18.726347
v -12.860719 16.465769 -18.726347
v -12.890557 -0.231861 -18.689987
v -12.890557 16.465769 -18.689987
v -12.926916 -0.231861 -18.660149
v -12.926916 16.465769 -18.660149
v -12.968397 -0.231861 -18.637978
v -12.968397 16.465769 -18.637978
v -13.013407 -0.231861 -18.624323
v -13.013407 16.465769 -18.624323
v -13.060215 -0.231861 -18.619713
v -13.060215 16.465769 -18.619713
v -13.107023 -0.231861 -18.624323
v -13.107023 16.465769 -18.624323
v -13.152033 -0.231861 -18.637978
v -13.152033 16.465769 -18.637978
v -13.193514 -0.231861 -18.660149
v -13.193514 16.465769 -18.660149
v -13.229873 -0.231861 -18.689987
v -13.229873 16.465769 -18.689987
v -13.259711 -0.231861 -18.726347
v -13.259711 16.465769 -18.726347
v -13.281883 -0.231861 -18.767828
v -13.281883 16.465769 -18.767828
v -13.295537 -0.231861 -18.812838
v -13.295537 16.465769 -18.812838
v -13.300147 -0.231861 -18.859646
v -13.300147 16.465769 -18.859646
v -13.295537 -0.231861 -18.906454
v -13.295537 16.465769 -18.906454
v -13.281883 -0.231861 -18.951464
v -13.281883 16.465769 -18.951464
v -13.259711 -0.231861 -18.992945
v -13.259711 16.465769 -18.992945
v -13.229873 -0.231861 -19.029305
v -13.229873 16.465769 -19.029305
v -13.193514 -0.231861 -19.059143
v -13.193514 16.465769 -19.059143
v -13.152033 -0.231861 -19.081314
v -13.152033 16.465769 -19.081314
v -13.107023 -0.231861 -19.094969
v -13.107023 16.465769 -19.094969
vn 0.0980 -0.0000 -0.9952
vn 0.2903 -0.0000 -0.9569
vn 0.4714 -0.0000 -0.8819
vn 0.6344 -0.0000 -0.7730
vn 0.7730 -0.0000 -0.6344
vn 0.8819 -0.0000 -0.4714
vn 0.9569 -0.0000 -0.2903
vn 0.9952 -0.0000 -0.0980
vn 0.9952 -0.0000 0.0980
vn 0.9569 -0.0000 0.2903
vn 0.8819 -0.0000 0.4714
vn 0.7730 -0.0000 0.6344
vn 0.6344 -0.0000 0.7730
vn 0.4714 -0.0000 0.8819
vn 0.2903 -0.0000 0.9569
vn 0.0980 -0.0000 0.9952
vn -0.0980 -0.0000 0.9952
vn -0.2903 -0.0000 0.9569
vn -0.4714 -0.0000 0.8819
vn -0.6344 -0.0000 0.7730
vn -0.7730 -0.0000 0.6344
vn -0.8819 -0.0000 0.4714
vn -0.9569 -0.0000 0.2903
vn -0.9952 -0.0000 0.0980
vn -0.9952 -0.0000 -0.0980
vn -0.9569 -0.0000 -0.2903
vn -0.8819 -0.0000 -0.4714
vn -0.7730 -0.0000 -0.6344
vn -0.6344 -0.0000 -0.7730
vn -0.4714 -0.0000 -0.8819
vn -0.0000 1.0000 -0.0000
vn -0.2903 -0.0000 -0.9569
vn -0.0980 -0.0000 -0.9952
vn -0.0000 -1.0000 -0.0000
vt 1.000000 0.500000
vt 1.000000 1.000000
vt 0.968750 1.000000
vt 0.968750 0.500000
vt 0.937500 1.000000
vt 0.937500 0.500000
vt 0.906250 1.000000
vt 0.906250 0.500000
vt 0.875000 1.000000
vt 0.875000 0.500000
vt 0.843750 1.000000
vt 0.843750 0.500000
vt 0.812500 1.000000
vt 0.812500 0.500000
vt 0.781250 1.000000
vt 0.781250 0.500000
vt 0.750000 1.000000
vt 0.750000 0.500000
vt 0.718750 1.000000
vt 0.718750 0.500000
vt 0.687500 1.000000
vt 0.687500 0.500000
vt 0.656250 1.000000
vt 0.656250 0.500000
vt 0.625000 1.000000
vt 0.625000 0.500000
vt 0.593750 1.000000
vt 0.593750 0.500000
vt 0.562500 1.000000
vt 0.562500 0.500000
vt 0.531250 1.000000
vt 0.531250 0.500000
vt 0.500000 1.000000
vt 0.500000 0.500000
vt 0.468750 1.000000
vt 0.468750 0.500000
vt 0.437500 1.000000
vt 0.437500 0.500000
vt 0.406250 1.000000
vt 0.406250 0.500000
vt 0.375000 1.000000
vt 0.375000 0.500000
vt 0.343750 1.000000
vt 0.343750 0.500000
vt 0.312500 1.000000
vt 0.312500 0.500000
vt 0.281250 1.000000
vt 0.281250 0.500000
vt 0.250000 1.000000
vt 0.250000 0.500000
vt 0.218750 1.000000
vt 0.218750 0.500000
vt 0.187500 1.000000
vt 0.187500 0.500000
vt 0.156250 1.000000
vt 0.156250 0.500000
vt 0.125000 1.000000
vt 0.125000 0.500000
vt 0.093750 1.000000
vt 0.093750 0.500000
vt 0.062500 1.000000
vt 0.062500 0.500000
vt 0.296822 0.485388
vt 0.250000 0.490000
vt 0.203178 0.485388
vt 0.158156 0.471731
vt 0.116663 0.449553
vt 0.080294 0.419706
vt 0.050447 0.383337
vt 0.028269 0.341844
vt 0.014612 0.296822
vt 0.010000 0.250000
vt 0.014612 0.203178
vt 0.028269 0.158156
vt 0.050447 0.116663
vt 0.080294 0.080294
vt 0.116663 0.050447
vt 0.158156 0.028269
vt 0.203178 0.014612
vt 0.250000 0.010000
vt 0.296822 0.014612
vt 0.341844 0.028269
vt 0.383337 0.050447
vt 0.419706 0.080294
vt 0.449553 0.116663
vt 0.471731 0.158156
vt 0.485388 0.203178
vt 0.490000 0.250000
vt 0.485388 0.296822
vt 0.471731 0.341844
vt 0.449553 0.383337
vt 0.419706 0.419706
vt 0.383337 0.449553
vt 0.341844 0.471731
vt 0.031250 1.000000
vt 0.031250 0.500000
vt 0.000000 1.000000
vt 0.000000 0.500000
vt 0.750000 0.490000
vt 0.796822 0.485388
vt 0.841844 0.471731
vt 0.883337 0.449553
vt 0.919706 0.419706
vt 0.949553 0.383337
vt 0.971731 0.341844
vt 0.985388 0.296822
vt 0.990000 0.250000
vt 0.985388 0.203178
vt 0.971731 0.158156
vt 0.949553 0.116663
vt 0.919706 0.080294
vt 0.883337 0.050447
vt 0.841844 0.028269
vt 0.796822 0.014612
vt 0.750000 0.010000
vt 0.703178 0.014612
vt 0.658156 0.028269
vt 0.616663 0.050447
vt 0.580294 0.080294
vt 0.550447 0.116663
vt 0.528269 0.158156
vt 0.514612 0.203178
vt 0.510000 0.250000
vt 0.514612 0.296822
vt 0.528269 0.341844
vt 0.550447 0.383337
vt 0.580294 0.419706
vt 0.616663 0.449553
vt 0.658156 0.471731
vt 0.703178 0.485388
s 0
f 5554/8862/1967 5555/8863/1967 5557/8864/1967 5556/8865/1967
f 5556/8865/1968 5557/8864/1968 5559/8866/1968 5558/8867/1968
f 5558/8867/1969 5559/8866/1969 5561/8868/1969 5560/8869/1969
f 5560/8869/1970 5561/8868/1970 5563/8870/1970 5562/8871/1970
f 5562/8871/1971 5563/8870/1971 5565/8872/1971 5564/8873/1971
f 5564/8873/1972 5565/8872/1972 5567/8874/1972 5566/8875/1972
f 5566/8875/1973 5567/8874/1973 5569/8876/1973 5568/8877/1973
f 5568/8877/1974 5569/8876/1974 5571/8878/1974 5570/8879/1974
f 5570/8879/1975 5571/8878/1975 5573/8880/1975 5572/8881/1975
f 5572/8881/1976 5573/8880/1976 5575/8882/1976 5574/8883/1976
f 5574/8883/1977 5575/8882/1977 5577/8884/1977 5576/8885/1977
f 5576/8885/1978 5577/8884/1978 5579/8886/1978 5578/8887/1978
f 5578/8887/1979 5579/8886/1979 5581/8888/1979 5580/8889/1979
f 5580/8889/1980 5581/8888/1980 5583/8890/1980 5582/8891/1980
f 5582/8891/1981 5583/8890/1981 5585/8892/1981 5584/8893/1981
f 5584/8893/1982 5585/8892/1982 5587/8894/1982 5586/8895/1982
f 5586/8895/1983 5587/8894/1983 5589/8896/1983 5588/8897/1983
f 5588/8897/1984 5589/8896/1984 5591/8898/1984 5590/8899/1984
f 5590/8899/1985 5591/8898/1985 5593/8900/1985 5592/8901/1985
f 5592/8901/1986 5593/8900/1986 5595/8902/1986 5594/8903/1986
f 5594/8903/1987 5595/8902/1987 5597/8904/1987 5596/8905/1987
f 5596/8905/1988 5597/8904/1988 5599/8906/1988 5598/8907/1988
f 5598/8907/1989 5599/8906/1989 5601/8908/1989 5600/8909/1989
f 5600/8909/1990 5601/8908/1990 5603/8910/1990 5602/8911/1990
f 5602/8911/1991 5603/8910/1991 5605/8912/1991 5604/8913/1991
f 5604/8913/1992 5605/8912/1992 5607/8914/1992 5606/8915/1992
f 5606/8915/1993 5607/8914/1993 5609/8916/1993 5608/8917/1993
f 5608/8917/1994 5609/8916/1994 5611/8918/1994 5610/8919/1994
f 5610/8919/1995 5611/8918/1995 5613/8920/1995 5612/8921/1995
f 5612/8921/1996 5613/8920/1996 5615/8922/1996 5614/8923/1996
f 5557/8924/1997 5555/8925/1997 5617/8926/1997 5615/8927/1997 5613/8928/1997 5611/8929/1997 5609/8930/1997 5607/8931/1997 5605/8932/1997 5603/8933/1997 5601/8934/1997 5599/8935/1997 5597/8936/1997 5595/8937/1997 5593/8938/1997 5591/8939/1997 5589/8940/1997 5587/8941/1997 5585/8942/1997 5583/8943/1997 5581/8944/1997 5579/8945/1997 5577/8946/1997 5575/8947/1997 5573/8948/1997 5571/8949/1997 5569/8950/1997 5567/8951/1997 5565/8952/1997 5563/8953/1997 5561/8954/1997 5559/8955/1997
f 5614/8923/1998 5615/8922/1998 5617/8956/1998 5616/8957/1998
f 5616/8957/1999 5617/8956/1999 5555/8958/1999 5554/8959/1999
f 5554/8960/2000 5556/8961/2000 5558/8962/2000 5560/8963/2000 5562/8964/2000 5564/8965/2000 5566/8966/2000 5568/8967/2000 5570/8968/2000 5572/8969/2000 5574/8970/2000 5576/8971/2000 5578/8972/2000 5580/8973/2000 5582/8974/2000 5584/8975/2000 5586/8976/2000 5588/8977/2000 5590/8978/2000 5592/8979/2000 5594/8980/2000 5596/8981/2000 5598/8982/2000 5600/8983/2000 5602/8984/2000 5604/8985/2000 5606/8986/2000 5608/8987/2000 5610/8988/2000 5612/8989/2000 5614/8990/2000 5616/8991/2000
o Cylinder.058
v -13.060215 -0.231861 -8.135349
v -13.060215 16.465769 -8.135349
v -13.013407 -0.231861 -8.130739
v -13.013407 16.465769 -8.130739
v -12.968397 -0.231861 -8.117085
v -12.968397 16.465769 -8.117085
v -12.926916 -0.231861 -8.094913
v -12.926916 16.465769 -8.094913
v -12.890557 -0.231861 -8.065075
v -12.890557 16.465769 -8.065075
v -12.860719 -0.231861 -8.028716
v -12.860719 16.465769 -8.028716
v -12.838547 -0.231861 -7.987236
v -12.838547 16.465769 -7.987236
v -12.824893 -0.231861 -7.942225
v -12.824893 16.465769 -7.942225
v -12.820283 -0.231861 -7.895417
v -12.820283 16.465769 -7.895417
v -12.824893 -0.231861 -7.848609
v -12.824893 16.465769 -7.848609
v -12.838547 -0.231861 -7.803599
v -12.838547 16.465769 -7.803599
v -12.860719 -0.231861 -7.762118
v -12.860719 16.465769 -7.762118
v -12.890557 -0.231861 -7.725760
v -12.890557 16.465769 -7.725760
v -12.926916 -0.231861 -7.695921
v -12.926916 16.465769 -7.695921
v -12.968397 -0.231861 -7.673748
v -12.968397 16.465769 -7.673748
v -13.013407 -0.231861 -7.660095
v -13.013407 16.465769 -7.660095
v -13.060215 -0.231861 -7.655485
v -13.060215 16.465769 -7.655485
v -13.107023 -0.231861 -7.660095
v -13.107023 16.465769 -7.660095
v -13.152033 -0.231861 -7.673748
v -13.152033 16.465769 -7.673748
v -13.193514 -0.231861 -7.695921
v -13.193514 16.465769 -7.695921
v -13.229873 -0.231861 -7.725760
v -13.229873 16.465769 -7.725760
v -13.259711 -0.231861 -7.762118
v -13.259711 16.465769 -7.762118
v -13.281883 -0.231861 -7.803599
v -13.281883 16.465769 -7.803599
v -13.295537 -0.231861 -7.848609
v -13.295537 16.465769 -7.848609
v -13.300147 -0.231861 -7.895417
v -13.300147 16.465769 -7.895417
v -13.295537 -0.231861 -7.942225
v -13.295537 16.465769 -7.942225
v -13.281883 -0.231861 -7.987236
v -13.281883 16.465769 -7.987236
v -13.259711 -0.231861 -8.028716
v -13.259711 16.465769 -8.028716
v -13.229873 -0.231861 -8.065075
v -13.229873 16.465769 -8.065075
v -13.193514 -0.231861 -8.094913
v -13.193514 16.465769 -8.094913
v -13.152033 -0.231861 -8.117085
v -13.152033 16.465769 -8.117085
v -13.107023 -0.231861 -8.130739
v -13.107023 16.465769 -8.130739
vn 0.0980 -0.0000 -0.9952
vn 0.2903 -0.0000 -0.9569
vn 0.4714 -0.0000 -0.8819
vn 0.6344 -0.0000 -0.7730
vn 0.7730 -0.0000 -0.6344
vn 0.8819 -0.0000 -0.4714
vn 0.9569 -0.0000 -0.2903
vn 0.9952 -0.0000 -0.0980
vn 0.9952 -0.0000 0.0980
vn 0.9569 -0.0000 0.2903
vn 0.8819 -0.0000 0.4714
vn 0.7730 -0.0000 0.6344
vn 0.6344 -0.0000 0.7730
vn 0.4714 -0.0000 0.8819
vn 0.2903 -0.0000 0.9569
vn 0.0980 -0.0000 0.9952
vn -0.0980 -0.0000 0.9952
vn -0.2903 -0.0000 0.9569
vn -0.4714 -0.0000 0.8819
vn -0.6344 -0.0000 0.7730
vn -0.7730 -0.0000 0.6344
vn -0.8819 -0.0000 0.4714
vn -0.9569 -0.0000 0.2903
vn -0.9952 -0.0000 0.0980
vn -0.9952 -0.0000 -0.0980
vn -0.9569 -0.0000 -0.2903
vn -0.8819 -0.0000 -0.4714
vn -0.7730 -0.0000 -0.6344
vn -0.6344 -0.0000 -0.7730
vn -0.4714 -0.0000 -0.8819
vn -0.0000 1.0000 -0.0000
vn -0.2903 -0.0000 -0.9569
vn -0.0980 -0.0000 -0.9952
vn -0.0000 -1.0000 -0.0000
vt 1.000000 0.500000
vt 1.000000 1.000000
vt 0.968750 1.000000
vt 0.968750 0.500000
vt 0.937500 1.000000
vt 0.937500 0.500000
vt 0.906250 1.000000
vt 0.906250 0.500000
vt 0.875000 1.000000
vt 0.875000 0.500000
vt 0.843750 1.000000
vt 0.843750 0.500000
vt 0.812500 1.000000
vt 0.812500 0.500000
vt 0.781250 1.000000
vt 0.781250 0.500000
vt 0.750000 1.000000
vt 0.750000 0.500000
vt 0.718750 1.000000
vt 0.718750 0.500000
vt 0.687500 1.000000
vt 0.687500 0.500000
vt 0.656250 1.000000
vt 0.656250 0.500000
vt 0.625000 1.000000
vt 0.625000 0.500000
vt 0.593750 1.000000
vt 0.593750 0.500000
vt 0.562500 1.000000
vt 0.562500 0.500000
vt 0.531250 1.000000
vt 0.531250 0.500000
vt 0.500000 1.000000
vt 0.500000 0.500000
vt 0.468750 1.000000
vt 0.468750 0.500000
vt 0.437500 1.000000
vt 0.437500 0.500000
vt 0.406250 1.000000
vt 0.406250 0.500000
vt 0.375000 1.000000
vt 0.375000 0.500000
vt 0.343750 1.000000
vt 0.343750 0.500000
vt 0.312500 1.000000
vt 0.312500 0.500000
vt 0.281250 1.000000
vt 0.281250 0.500000
vt 0.250000 1.000000
vt 0.250000 0.500000
vt 0.218750 1.000000
vt 0.218750 0.500000
vt 0.187500 1.000000
vt 0.187500 0.500000
vt 0.156250 1.000000
vt 0.156250 0.500000
vt 0.125000 1.000000
vt 0.125000 0.500000
vt 0.093750 1.000000
vt 0.093750 0.500000
vt 0.062500 1.000000
vt 0.062500 0.500000
vt 0.296822 0.485388
vt 0.250000 0.490000
vt 0.203178 0.485388
vt 0.158156 0.471731
vt 0.116663 0.449553
vt 0.080294 0.419706
vt 0.050447 0.383337
vt 0.028269 0.341844
vt 0.014612 0.296822
vt 0.010000 0.250000
vt 0.014612 0.203178
vt 0.028269 0.158156
vt 0.050447 0.116663
vt 0.080294 0.080294
vt 0.116663 0.050447
vt 0.158156 0.028269
vt 0.203178 0.014612
vt 0.250000 0.010000
vt 0.296822 0.014612
vt 0.341844 0.028269
vt 0.383337 0.050447
vt 0.419706 0.080294
vt 0.449553 0.116663
vt 0.471731 0.158156
vt 0.485388 0.203178
vt 0.490000 0.250000
vt 0.485388 0.296822
vt 0.471731 0.341844
vt 0.449553 0.383337
vt 0.419706 0.419706
vt 0.383337 0.449553
vt 0.341844 0.471731
vt 0.031250 1.000000
vt 0.031250 0.500000
vt 0.000000 1.000000
vt 0.000000 0.500000
vt 0.750000 0.490000
vt 0.796822 0.485388
vt 0.841844 0.471731
vt 0.883337 0.449553
vt 0.919706 0.419706
vt 0.949553 0.383337
vt 0.971731 0.341844
vt 0.985388 0.296822
vt 0.990000 0.250000
vt 0.985388 0.203178
vt 0.971731 0.158156
vt 0.949553 0.116663
vt 0.919706 0.080294
vt 0.883337 0.050447
vt 0.841844 0.028269
vt 0.796822 0.014612
vt 0.750000 0.010000
vt 0.703178 0.014612
vt 0.658156 0.028269
vt 0.616663 0.050447
vt 0.580294 0.080294
vt 0.550447 0.116663
vt 0.528269 0.158156
vt 0.514612 0.203178
vt 0.510000 0.250000
vt 0.514612 0.296822
vt 0.528269 0.341844
vt 0.550447 0.383337
vt 0.580294 0.419706
vt 0.616663 0.449553
vt 0.658156 0.471731
vt 0.703178 0.485388
s 0
f 5618/8992/2001 5619/8993/2001 5621/8994/2001 5620/8995/2001
f 5620/8995/2002 5621/8994/2002 5623/8996/2002 5622/8997/2002
f 5622/8997/2003 5623/8996/2003 5625/8998/2003 5624/8999/2003
f 5624/8999/2004 5625/8998/2004 5627/9000/2004 5626/9001/2004
f 5626/9001/2005 5627/9000/2005 5629/9002/2005 5628/9003/2005
f 5628/9003/2006 5629/9002/2006 5631/9004/2006 5630/9005/2006
f 5630/9005/2007 5631/9004/2007 5633/9006/2007 5632/9007/2007
f 5632/9007/2008 5633/9006/2008 5635/9008/2008 5634/9009/2008
f 5634/9009/2009 5635/9008/2009 5637/9010/2009 5636/9011/2009
f 5636/9011/2010 5637/9010/2010 5639/9012/2010 5638/9013/2010
f 5638/9013/2011 5639/9012/2011 5641/9014/2011 5640/9015/2011
f 5640/9015/2012 5641/9014/2012 5643/9016/2012 5642/9017/2012
f 5642/9017/2013 5643/9016/2013 5645/9018/2013 5644/9019/2013
f 5644/9019/2014 5645/9018/2014 5647/9020/2014 5646/9021/2014
f 5646/9021/2015 5647/9020/2015 5649/9022/2015 5648/9023/2015
f 5648/9023/2016 5649/9022/2016 5651/9024/2016 5650/9025/2016
f 5650/9025/2017 5651/9024/2017 5653/9026/2017 5652/9027/2017
f 5652/9027/2018 5653/9026/2018 5655/9028/2018 5654/9029/2018
f 5654/9029/2019 5655/9028/2019 5657/9030/2019 5656/9031/2019
f 5656/9031/2020 5657/9030/2020 5659/9032/2020 5658/9033/2020
f 5658/9033/2021 5659/9032/2021 5661/9034/2021 5660/9035/2021
f 5660/9035/2022 5661/9034/2022 5663/9036/2022 5662/9037/2022
f 5662/9037/2023 5663/9036/2023 5665/9038/2023 5664/9039/2023
f 5664/9039/2024 5665/9038/2024 5667/9040/2024 5666/9041/2024
f 5666/9041/2025 5667/9040/2025 5669/9042/2025 5668/9043/2025
f 5668/9043/2026 5669/9042/2026 5671/9044/2026 5670/9045/2026
f 5670/9045/2027 5671/9044/2027 5673/9046/2027 5672/9047/2027
f 5672/9047/2028 5673/9046/2028 5675/9048/2028 5674/9049/2028
f 5674/9049/2029 5675/9048/2029 5677/9050/2029 5676/9051/2029
f 5676/9051/2030 5677/9050/2030 5679/9052/2030 5678/9053/2030
f 5621/9054/2031 5619/9055/2031 5681/9056/2031 5679/9057/2031 5677/9058/2031 5675/9059/2031 5673/9060/2031 5671/9061/2031 5669/9062/2031 5667/9063/2031 5665/9064/2031 5663/9065/2031 5661/9066/2031 5659/9067/2031 5657/9068/2031 5655/9069/2031 5653/9070/2031 5651/9071/2031 5649/9072/2031 5647/9073/2031 5645/9074/2031 5643/9075/2031 5641/9076/2031 5639/9077/2031 5637/9078/2031 5635/9079/2031 5633/9080/2031 5631/9081/2031 5629/9082/2031 5627/9083/2031 5625/9084/2031 5623/9085/2031
f 5678/9053/2032 5679/9052/2032 5681/9086/2032 5680/9087/2032
f 5680/9087/2033 5681/9086/2033 5619/9088/2033 5618/9089/2033
f 5618/9090/2034 5620/9091/2034 5622/9092/2034 5624/9093/2034 5626/9094/2034 5628/9095/2034 5630/9096/2034 5632/9097/2034 5634/9098/2034 5636/9099/2034 5638/9100/2034 5640/9101/2034 5642/9102/2034 5644/9103/2034 5646/9104/2034 5648/9105/2034 5650/9106/2034 5652/9107/2034 5654/9108/2034 5656/9109/2034 5658/9110/2034 5660/9111/2034 5662/9112/2034 5664/9113/2034 5666/9114/2034 5668/9115/2034 5670/9116/2034 5672/9117/2034 5674/9118/2034 5676/9119/2034 5678/9120/2034 5680/9121/2034
o Cylinder.059
v -13.060215 -0.231861 -9.246010
v -13.060215 16.465769 -9.246010
v -13.013407 -0.231861 -9.241400
v -13.013407 16.465769 -9.241400
v -12.968397 -0.231861 -9.227746
v -12.968397 16.465769 -9.227746
v -12.926916 -0.231861 -9.205574
v -12.926916 16.465769 -9.205574
v -12.890557 -0.231861 -9.175735
v -12.890557 16.465769 -9.175735
v -12.860719 -0.231861 -9.139377
v -12.860719 16.465769 -9.139377
v -12.838547 -0.231861 -9.097896
v -12.838547 16.465769 -9.097896
v -12.824893 -0.231861 -9.052886
v -12.824893 16.465769 -9.052886
v -12.820283 -0.231861 -9.006078
v -12.820283 16.465769 -9.006078
v -12.824893 -0.231861 -8.959270
v -12.824893 16.465769 -8.959270
v -12.838547 -0.231861 -8.914260
v -12.838547 16.465769 -8.914260
v -12.860719 -0.231861 -8.872779
v -12.860719 16.465769 -8.872779
v -12.890557 -0.231861 -8.836420
v -12.890557 16.465769 -8.836420
v -12.926916 -0.231861 -8.806581
v -12.926916 16.465769 -8.806581
v -12.968397 -0.231861 -8.784410
v -12.968397 16.465769 -8.784410
v -13.013407 -0.231861 -8.770756
v -13.013407 16.465769 -8.770756
v -13.060215 -0.231861 -8.766146
v -13.060215 16.465769 -8.766146
v -13.107023 -0.231861 -8.770756
v -13.107023 16.465769 -8.770756
v -13.152033 -0.231861 -8.784410
v -13.152033 16.465769 -8.784410
v -13.193514 -0.231861 -8.806581
v -13.193514 16.465769 -8.806581
v -13.229873 -0.231861 -8.836420
v -13.229873 16.465769 -8.836420
v -13.259711 -0.231861 -8.872779
v -13.259711 16.465769 -8.872779
v -13.281883 -0.231861 -8.914260
v -13.281883 16.465769 -8.914260
v -13.295537 -0.231861 -8.959270
v -13.295537 16.465769 -8.959270
v -13.300147 -0.231861 -9.006078
v -13.300147 16.465769 -9.006078
v -13.295537 -0.231861 -9.052886
v -13.295537 16.465769 -9.052886
v -13.281883 -0.231861 -9.097896
v -13.281883 16.465769 -9.097896
v -13.259711 -0.231861 -9.139377
v -13.259711 16.465769 -9.139377
v -13.229873 -0.231861 -9.175735
v -13.229873 16.465769 -9.175735
v -13.193514 -0.231861 -9.205574
v -13.193514 16.465769 -9.205574
v -13.152033 -0.231861 -9.227746
v -13.152033 16.465769 -9.227746
v -13.107023 -0.231861 -9.241400
v -13.107023 16.465769 -9.241400
vn 0.0980 -0.0000 -0.9952
vn 0.2903 -0.0000 -0.9569
vn 0.4714 -0.0000 -0.8819
vn 0.6344 -0.0000 -0.7730
vn 0.7730 -0.0000 -0.6344
vn 0.8819 -0.0000 -0.4714
vn 0.9569 -0.0000 -0.2903
vn 0.9952 -0.0000 -0.0980
vn 0.9952 -0.0000 0.0980
vn 0.9569 -0.0000 0.2903
vn 0.8819 -0.0000 0.4714
vn 0.7730 -0.0000 0.6344
vn 0.6344 -0.0000 0.7730
vn 0.4714 -0.0000 0.8819
vn 0.2903 -0.0000 0.9569
vn 0.0980 -0.0000 0.9952
vn -0.0980 -0.0000 0.9952
vn -0.2903 -0.0000 0.9569
vn -0.4714 -0.0000 0.8819
vn -0.6344 -0.0000 0.7730
vn -0.7730 -0.0000 0.6344
vn -0.8819 -0.0000 0.4714
vn -0.9569 -0.0000 0.2903
vn -0.9952 -0.0000 0.0980
vn -0.9952 -0.0000 -0.0980
vn -0.9569 -0.0000 -0.2903
vn -0.8819 -0.0000 -0.4714
vn -0.7730 -0.0000 -0.6344
vn -0.6344 -0.0000 -0.7730
vn -0.4714 -0.0000 -0.8819
vn -0.0000 1.0000 -0.0000
vn -0.2903 -0.0000 -0.9569
vn -0.0980 -0.0000 -0.9952
vn -0.0000 -1.0000 -0.0000
vt 1.000000 0.500000
vt 1.000000 1.000000
vt 0.968750 1.000000
vt 0.968750 0.500000
vt 0.937500 1.000000
vt 0.937500 0.500000
vt 0.906250 1.000000
vt 0.906250 0.500000
vt 0.875000 1.000000
vt 0.875000 0.500000
vt 0.843750 1.000000
vt 0.843750 0.500000
vt 0.812500 1.000000
vt 0.812500 0.500000
vt 0.781250 1.000000
vt 0.781250 0.500000
vt 0.750000 1.000000
vt 0.750000 0.500000
vt 0.718750 1.000000
vt 0.718750 0.500000
vt 0.687500 1.000000
vt 0.687500 0.500000
vt 0.656250 1.000000
vt 0.656250 0.500000
vt 0.625000 1.000000
vt 0.625000 0.500000
vt 0.593750 1.000000
vt 0.593750 0.500000
vt 0.562500 1.000000
vt 0.562500 0.500000
vt 0.531250 1.000000
vt 0.531250 0.500000
vt 0.500000 1.000000
vt 0.500000 0.500000
vt 0.468750 1.000000
vt 0.468750 0.500000
vt 0.437500 1.000000
vt 0.437500 0.500000
vt 0.406250 1.000000
vt 0.406250 0.500000
vt 0.375000 1.000000
vt 0.375000 0.500000
vt 0.343750 1.000000
vt 0.343750 0.500000
vt 0.312500 1.000000
vt 0.312500 0.500000
vt 0.281250 1.000000
vt 0.281250 0.500000
vt 0.250000 1.000000
vt 0.250000 0.500000
vt 0.218750 1.000000
vt 0.218750 0.500000
vt 0.187500 1.000000
vt 0.187500 0.500000
vt 0.156250 1.000000
vt 0.156250 0.500000
vt 0.125000 1.000000
vt 0.125000 0.500000
vt 0.093750 1.000000
vt 0.093750 0.500000
vt 0.062500 1.000000
vt 0.062500 0.500000
vt 0.296822 0.485388
vt 0.250000 0.490000
vt 0.203178 0.485388
vt 0.158156 0.471731
vt 0.116663 0.449553
vt 0.080294 0.419706
vt 0.050447 0.383337
vt 0.028269 0.341844
vt 0.014612 0.296822
vt 0.010000 0.250000
vt 0.014612 0.203178
vt 0.028269 0.158156
vt 0.050447 0.116663
vt 0.080294 0.080294
vt 0.116663 0.050447
vt 0.158156 0.028269
vt 0.203178 0.014612
vt 0.250000 0.010000
vt 0.296822 0.014612
vt 0.341844 0.028269
vt 0.383337 0.050447
vt 0.419706 0.080294
vt 0.449553 0.116663
vt 0.471731 0.158156
vt 0.485388 0.203178
vt 0.490000 0.250000
vt 0.485388 0.296822
vt 0.471731 0.341844
vt 0.449553 0.383337
vt 0.419706 0.419706
vt 0.383337 0.449553
vt 0.341844 0.471731
vt 0.031250 1.000000
vt 0.031250 0.500000
vt 0.000000 1.000000
vt 0.000000 0.500000
vt 0.750000 0.490000
vt 0.796822 0.485388
vt 0.841844 0.471731
vt 0.883337 0.449553
vt 0.919706 0.419706
vt 0.949553 0.383337
vt 0.971731 0.341844
vt 0.985388 0.296822
vt 0.990000 0.250000
vt 0.985388 0.203178
vt 0.971731 0.158156
vt 0.949553 0.116663
vt 0.919706 0.080294
vt 0.883337 0.050447
vt 0.841844 0.028269
vt 0.796822 0.014612
vt 0.750000 0.010000
vt 0.703178 0.014612
vt 0.658156 0.028269
vt 0.616663 0.050447
vt 0.580294 0.080294
vt 0.550447 0.116663
vt 0.528269 0.158156
vt 0.514612 0.203178
vt 0.510000 0.250000
vt 0.514612 0.296822
vt 0.528269 0.341844
vt 0.550447 0.383337
vt 0.580294 0.419706
vt 0.616663 0.449553
vt 0.658156 0.471731
vt 0.703178 0.485388
s 0
f 5682/9122/2035 5683/9123/2035 5685/9124/2035 5684/9125/2035
f 5684/9125/2036 5685/9124/2036 5687/9126/2036 5686/9127/2036
f 5686/9127/2037 5687/9126/2037 5689/9128/2037 5688/9129/2037
f 5688/9129/2038 5689/9128/2038 5691/9130/2038 5690/9131/2038
f 5690/9131/2039 5691/9130/2039 5693/9132/2039 5692/9133/2039
f 5692/9133/2040 5693/9132/2040 5695/9134/2040 5694/9135/2040
f 5694/9135/2041 5695/9134/2041 5697/9136/2041 5696/9137/2041
f 5696/9137/2042 5697/9136/2042 5699/9138/2042 5698/9139/2042
f 5698/9139/2043 5699/9138/2043 5701/9140/2043 5700/9141/2043
f 5700/9141/2044 5701/9140/2044 5703/9142/2044 5702/9143/2044
f 5702/9143/2045 5703/9142/2045 5705/9144/2045 5704/9145/2045
f 5704/9145/2046 5705/9144/2046 5707/9146/2046 5706/9147/2046
f 5706/9147/2047 5707/9146/2047 5709/9148/2047 5708/9149/2047
f 5708/9149/2048 5709/9148/2048 5711/9150/2048 5710/9151/2048
f 5710/9151/2049 5711/9150/2049 5713/9152/2049 5712/9153/2049
f 5712/9153/2050 5713/9152/2050 5715/9154/2050 5714/9155/2050
f 5714/9155/2051 5715/9154/2051 5717/9156/2051 5716/9157/2051
f 5716/9157/2052 5717/9156/2052 5719/9158/2052 5718/9159/2052
f 5718/9159/2053 5719/9158/2053 5721/9160/2053 5720/9161/2053
f 5720/9161/2054 5721/9160/2054 5723/9162/2054 5722/9163/2054
f 5722/9163/2055 5723/9162/2055 5725/9164/2055 5724/9165/2055
f 5724/9165/2056 5725/9164/2056 5727/9166/2056 5726/9167/2056
f 5726/9167/2057 5727/9166/2057 5729/9168/2057 5728/9169/2057
f 5728/9169/2058 5729/9168/2058 5731/9170/2058 5730/9171/2058
f 5730/9171/2059 5731/9170/2059 5733/9172/2059 5732/9173/2059
f 5732/9173/2060 5733/9172/2060 5735/9174/2060 5734/9175/2060
f 5734/9175/2061 5735/9174/2061 5737/9176/2061 5736/9177/2061
f 5736/9177/2062 5737/9176/2062 5739/9178/2062 5738/9179/2062
f 5738/9179/2063 5739/9178/2063 5741/9180/2063 5740/9181/2063
f 5740/9181/2064 5741/9180/2064 5743/9182/2064 5742/9183/2064
f 5685/9184/2065 5683/9185/2065 5745/9186/2065 5743/9187/2065 5741/9188/2065 5739/9189/2065 5737/9190/2065 5735/9191/2065 5733/9192/2065 5731/9193/2065 5729/9194/2065 5727/9195/2065 5725/9196/2065 5723/9197/2065 5721/9198/2065 5719/9199/2065 5717/9200/2065 5715/9201/2065 5713/9202/2065 5711/9203/2065 5709/9204/2065 5707/9205/2065 5705/9206/2065 5703/9207/2065 5701/9208/2065 5699/9209/2065 5697/9210/2065 5695/9211/2065 5693/9212/2065 5691/9213/2065 5689/9214/2065 5687/9215/2065
f 5742/9183/2066 5743/9182/2066 5745/9216/2066 5744/9217/2066
f 5744/9217/2067 5745/9216/2067 5683/9218/2067 5682/9219/2067
f 5682/9220/2068 5684/9221/2068 5686/9222/2068 5688/9223/2068 5690/9224/2068 5692/9225/2068 5694/9226/2068 5696/9227/2068 5698/9228/2068 5700/9229/2068 5702/9230/2068 5704/9231/2068 5706/9232/2068 5708/9233/2068 5710/9234/2068 5712/9235/2068 5714/9236/2068 5716/9237/2068 5718/9238/2068 5720/9239/2068 5722/9240/2068 5724/9241/2068 5726/9242/2068 5728/9243/2068 5730/9244/2068 5732/9245/2068 5734/9246/2068 5736/9247/2068 5738/9248/2068 5740/9249/2068 5742/9250/2068 5744/9251/2068
o Cylinder.060
v -13.060215 -0.231861 -20.254139
v -13.060215 16.465769 -20.254139
v -13.013407 -0.231861 -20.249529
v -13.013407 16.465769 -20.249529
v -12.968397 -0.231861 -20.235874
v -12.968397 16.465769 -20.235874
v -12.926916 -0.231861 -20.213703
v -12.926916 16.465769 -20.213703
v -12.890557 -0.231861 -20.183865
v -12.890557 16.465769 -20.183865
v -12.860719 -0.231861 -20.147505
v -12.860719 16.465769 -20.147505
v -12.838547 -0.231861 -20.106024
v -12.838547 16.465769 -20.106024
v -12.824893 -0.231861 -20.061014
v -12.824893 16.465769 -20.061014
v -12.820283 -0.231861 -20.014206
v -12.820283 16.465769 -20.014206
v -12.824893 -0.231861 -19.967398
v -12.824893 16.465769 -19.967398
v -12.838547 -0.231861 -19.922388
v -12.838547 16.465769 -19.922388
v -12.860719 -0.231861 -19.880907
v -12.860719 16.465769 -19.880907
v -12.890557 -0.231861 -19.844547
v -12.890557 16.465769 -19.844547
v -12.926916 -0.231861 -19.814709
v -12.926916 16.465769 -19.814709
v -12.968397 -0.231861 -19.792538
v -12.968397 16.465769 -19.792538
v -13.013407 -0.231861 -19.778883
v -13.013407 16.465769 -19.778883
v -13.060215 -0.231861 -19.774273
v -13.060215 16.465769 -19.774273
v -13.107023 -0.231861 -19.778883
v -13.107023 16.465769 -19.778883
v -13.152033 -0.231861 -19.792538
v -13.152033 16.465769 -19.792538
v -13.193514 -0.231861 -19.814709
v -13.193514 16.465769 -19.814709
v -13.229873 -0.231861 -19.844547
v -13.229873 16.465769 -19.844547
v -13.259711 -0.231861 -19.880907
v -13.259711 16.465769 -19.880907
v -13.281883 -0.231861 -19.922388
v -13.281883 16.465769 -19.922388
v -13.295537 -0.231861 -19.967398
v -13.295537 16.465769 -19.967398
v -13.300147 -0.231861 -20.014206
v -13.300147 16.465769 -20.014206
v -13.295537 -0.231861 -20.061014
v -13.295537 16.465769 -20.061014
v -13.281883 -0.231861 -20.106024
v -13.281883 16.465769 -20.106024
v -13.259711 -0.231861 -20.147505
v -13.259711 16.465769 -20.147505
v -13.229873 -0.231861 -20.183865
v -13.229873 16.465769 -20.183865
v -13.193514 -0.231861 -20.213703
v -13.193514 16.465769 -20.213703
v -13.152033 -0.231861 -20.235874
v -13.152033 16.465769 -20.235874
v -13.107023 -0.231861 -20.249529
v -13.107023 16.465769 -20.249529
vn 0.0980 -0.0000 -0.9952
vn 0.2903 -0.0000 -0.9569
vn 0.4714 -0.0000 -0.8819
vn 0.6344 -0.0000 -0.7730
vn 0.7730 -0.0000 -0.6344
vn 0.8819 -0.0000 -0.4714
vn 0.9569 -0.0000 -0.2903
vn 0.9952 -0.0000 -0.0980
vn 0.9952 -0.0000 0.0980
vn 0.9569 -0.0000 0.2903
vn 0.8819 -0.0000 0.4714
vn 0.7730 -0.0000 0.6344
vn 0.6344 -0.0000 0.7730
vn 0.4714 -0.0000 0.8819
vn 0.2903 -0.0000 0.9569
vn 0.0980 -0.0000 0.9952
vn -0.0980 -0.0000 0.9952
vn -0.2903 -0.0000 0.9569
vn -0.4714 -0.0000 0.8819
vn -0.6344 -0.0000 0.7730
vn -0.7730 -0.0000 0.6344
vn -0.8819 -0.0000 0.4714
vn -0.9569 -0.0000 0.2903
vn -0.9952 -0.0000 0.0980
vn -0.9952 -0.0000 -0.0980
vn -0.9569 -0.0000 -0.2903
vn -0.8819 -0.0000 -0.4714
vn -0.7730 -0.0000 -0.6344
vn -0.6344 -0.0000 -0.7730
vn -0.4714 -0.0000 -0.8819
vn -0.0000 1.0000 -0.0000
vn -0.2903 -0.0000 -0.9569
vn -0.0980 -0.0000 -0.9952
vn -0.0000 -1.0000 -0.0000
vt 1.000000 0.500000
vt 1.000000 1.000000
vt 0.968750 1.000000
vt 0.968750 0.500000
vt 0.937500 1.000000
vt 0.937500 0.500000
vt 0.906250 1.000000
vt 0.906250 0.500000
vt 0.875000 1.000000
vt 0.875000 0.500000
vt 0.843750 1.000000
vt 0.843750 0.500000
vt 0.812500 1.000000
vt 0.812500 0.500000
vt 0.781250 1.000000
vt 0.781250 0.500000
vt 0.750000 1.000000
vt 0.750000 0.500000
vt 0.718750 1.000000
vt 0.718750 0.500000
vt 0.687500 1.000000
vt 0.687500 0.500000
vt 0.656250 1.000000
vt 0.656250 0.500000
vt 0.625000 1.000000
vt 0.625000 0.500000
vt 0.593750 1.000000
vt 0.593750 0.500000
vt 0.562500 1.000000
vt 0.562500 0.500000
vt 0.531250 1.000000
vt 0.531250 0.500000
vt 0.500000 1.000000
vt 0.500000 0.500000
vt 0.468750 1.000000
vt 0.468750 0.500000
vt 0.437500 1.000000
vt 0.437500 0.500000
vt 0.406250 1.000000
vt 0.406250 0.500000
vt 0.375000 1.000000
vt 0.375000 0.500000
vt 0.343750 1.000000
vt 0.343750 0.500000
vt 0.312500 1.000000
vt 0.312500 0.500000
vt 0.281250 1.000000
vt 0.281250 0.500000
vt 0.250000 1.000000
vt 0.250000 0.500000
vt 0.218750 1.000000
vt 0.218750 0.500000
vt 0.187500 1.000000
vt 0.187500 0.500000
vt 0.156250 1.000000
vt 0.156250 0.500000
vt 0.125000 1.000000
vt 0.125000 0.500000
vt 0.093750 1.000000
vt 0.093750 0.500000
vt 0.062500 1.000000
vt 0.062500 0.500000
vt 0.296822 0.485388
vt 0.250000 0.490000
vt 0.203178 0.485388
vt 0.158156 0.471731
vt 0.116663 0.449553
vt 0.080294 0.419706
vt 0.050447 0.383337
vt 0.028269 0.341844
vt 0.014612 0.296822
vt 0.010000 0.250000
vt 0.014612 0.203178
vt 0.028269 0.158156
vt 0.050447 0.116663
vt 0.080294 0.080294
vt 0.116663 0.050447
vt 0.158156 0.028269
vt 0.203178 0.014612
vt 0.250000 0.010000
vt 0.296822 0.014612
vt 0.341844 0.028269
vt 0.383337 0.050447
vt 0.419706 0.080294
vt 0.449553 0.116663
vt 0.471731 0.158156
vt 0.485388 0.203178
vt 0.490000 0.250000
vt 0.485388 0.296822
vt 0.471731 0.341844
vt 0.449553 0.383337
vt 0.419706 0.419706
vt 0.383337 0.449553
vt 0.341844 0.471731
vt 0.031250 1.000000
vt 0.031250 0.500000
vt 0.000000 1.000000
vt 0.000000 0.500000
vt 0.750000 0.490000
vt 0.796822 0.485388
vt 0.841844 0.471731
vt 0.883337 0.449553
vt 0.919706 0.419706
vt 0.949553 0.383337
vt 0.971731 0.341844
vt 0.985388 0.296822
vt 0.990000 0.250000
vt 0.985388 0.203178
vt 0.971731 0.158156
vt 0.949553 0.116663
vt 0.919706 0.080294
vt 0.883337 0.050447
vt 0.841844 0.028269
vt 0.796822 0.014612
vt 0.750000 0.010000
vt 0.703178 0.014612
vt 0.658156 0.028269
vt 0.616663 0.050447
vt 0.580294 0.080294
vt 0.550447 0.116663
vt 0.528269 0.158156
vt 0.514612 0.203178
vt 0.510000 0.250000
vt 0.514612 0.296822
vt 0.528269 0.341844
vt 0.550447 0.383337
vt 0.580294 0.419706
vt 0.616663 0.449553
vt 0.658156 0.471731
vt 0.703178 0.485388
s 0
f 5746/9252/2069 5747/9253/2069 5749/9254/2069 5748/9255/2069
f 5748/9255/2070 5749/9254/2070 5751/9256/2070 5750/9257/2070
f 5750/9257/2071 5751/9256/2071 5753/9258/2071 5752/9259/2071
f 5752/9259/2072 5753/9258/2072 5755/9260/2072 5754/9261/2072
f 5754/9261/2073 5755/9260/2073 5757/9262/2073 5756/9263/2073
f 5756/9263/2074 5757/9262/2074 5759/9264/2074 5758/9265/2074
f 5758/9265/2075 5759/9264/2075 5761/9266/2075 5760/9267/2075
f 5760/9267/2076 5761/9266/2076 5763/9268/2076 5762/9269/2076
f 5762/9269/2077 5763/9268/2077 5765/9270/2077 5764/9271/2077
f 5764/9271/2078 5765/9270/2078 5767/9272/2078 5766/9273/2078
f 5766/9273/2079 5767/9272/2079 5769/9274/2079 5768/9275/2079
f 5768/9275/2080 5769/9274/2080 5771/9276/2080 5770/9277/2080
f 5770/9277/2081 5771/9276/2081 5773/9278/2081 5772/9279/2081
f 5772/9279/2082 5773/9278/2082 5775/9280/2082 5774/9281/2082
f 5774/9281/2083 5775/9280/2083 5777/9282/2083 5776/9283/2083
f 5776/9283/2084 5777/9282/2084 5779/9284/2084 5778/9285/2084
f 5778/9285/2085 5779/9284/2085 5781/9286/2085 5780/9287/2085
f 5780/9287/2086 5781/9286/2086 5783/9288/2086 5782/9289/2086
f 5782/9289/2087 5783/9288/2087 5785/9290/2087 5784/9291/2087
f 5784/9291/2088 5785/9290/2088 5787/9292/2088 5786/9293/2088
f 5786/9293/2089 5787/9292/2089 5789/9294/2089 5788/9295/2089
f 5788/9295/2090 5789/9294/2090 5791/9296/2090 5790/9297/2090
f 5790/9297/2091 5791/9296/2091 5793/9298/2091 5792/9299/2091
f 5792/9299/2092 5793/9298/2092 5795/9300/2092 5794/9301/2092
f 5794/9301/2093 5795/9300/2093 5797/9302/2093 5796/9303/2093
f 5796/9303/2094 5797/9302/2094 5799/9304/2094 5798/9305/2094
f 5798/9305/2095 5799/9304/2095 5801/9306/2095 5800/9307/2095
f 5800/9307/2096 5801/9306/2096 5803/9308/2096 5802/9309/2096
f 5802/9309/2097 5803/9308/2097 5805/9310/2097 5804/9311/2097
f 5804/9311/2098 5805/9310/2098 5807/9312/2098 5806/9313/2098
f 5749/9314/2099 5747/9315/2099 5809/9316/2099 5807/9317/2099 5805/9318/2099 5803/9319/2099 5801/9320/2099 5799/9321/2099 5797/9322/2099 5795/9323/2099 5793/9324/2099 5791/9325/2099 5789/9326/2099 5787/9327/2099 5785/9328/2099 5783/9329/2099 5781/9330/2099 5779/9331/2099 5777/9332/2099 5775/9333/2099 5773/9334/2099 5771/9335/2099 5769/9336/2099 5767/9337/2099 5765/9338/2099 5763/9339/2099 5761/9340/2099 5759/9341/2099 5757/9342/2099 5755/9343/2099 5753/9344/2099 5751/9345/2099
f 5806/9313/2100 5807/9312/2100 5809/9346/2100 5808/9347/2100
f 5808/9347/2101 5809/9346/2101 5747/9348/2101 5746/9349/2101
f 5746/9350/2102 5748/9351/2102 5750/9352/2102 5752/9353/2102 5754/9354/2102 5756/9355/2102 5758/9356/2102 5760/9357/2102 5762/9358/2102 5764/9359/2102 5766/9360/2102 5768/9361/2102 5770/9362/2102 5772/9363/2102 5774/9364/2102 5776/9365/2102 5778/9366/2102 5780/9367/2102 5782/9368/2102 5784/9369/2102 5786/9370/2102 5788/9371/2102 5790/9372/2102 5792/9373/2102 5794/9374/2102 5796/9375/2102 5798/9376/2102 5800/9377/2102 5802/9378/2102 5804/9379/2102 5806/9380/2102 5808/9381/2102
o Cone
v 0.000000 -0.068229 -1.000000
v 0.195090 -0.068229 -0.980785
v 0.382683 -0.068229 -0.923880
v 0.555570 -0.068229 -0.831470
v 0.707107 -0.068229 -0.707107
v 0.831470 -0.068229 -0.555570
v 0.923880 -0.068229 -0.382683
v 0.980785 -0.068229 -0.195090
v 1.000000 -0.068229 0.000000
v 0.980785 -0.068229 0.195090
v 0.923880 -0.068229 0.382683
v 0.831470 -0.068229 0.555570
v 0.707107 -0.068229 0.707107
v 0.555570 -0.068229 0.831470
v 0.382683 -0.068229 0.923880
v 0.195090 -0.068229 0.980785
v 0.000000 -0.068229 1.000000
v -0.195090 -0.068229 0.980785
v -0.382683 -0.068229 0.923880
v -0.555570 -0.068229 0.831470
v -0.707107 -0.068229 0.707107
v -0.831470 -0.068229 0.555570
v -0.923880 -0.068229 0.382683
v -0.980785 -0.068229 0.195090
v -1.000000 -0.068229 0.000000
v -0.980785 -0.068229 -0.195090
v -0.923880 -0.068229 -0.382683
v -0.831470 -0.068229 -0.555570
v -0.707107 -0.068229 -0.707107
v -0.555570 -0.068229 -0.831470
v -0.382683 -0.068229 -0.923880
v -0.195090 -0.068229 -0.980785
v 0.000000 6.282207 0.000000
vn 0.0968 0.1548 -0.9832
vn 0.2868 0.1548 -0.9454
vn 0.4657 0.1548 -0.8713
vn 0.6267 0.1548 -0.7637
vn 0.7637 0.1548 -0.6267
vn 0.8713 0.1548 -0.4657
vn 0.9454 0.1548 -0.2868
vn 0.9832 0.1548 -0.0968
vn 0.9832 0.1548 0.0968
vn 0.9454 0.1548 0.2868
vn 0.8713 0.1548 0.4657
vn 0.7637 0.1548 0.6267
vn 0.6267 0.1548 0.7637
vn 0.4657 0.1548 0.8713
vn 0.2868 0.1548 0.9454
vn 0.0968 0.1548 0.9832
vn -0.0968 0.1548 0.9832
vn -0.2868 0.1548 0.9454
vn -0.4657 0.1548 0.8713
vn -0.6267 0.1548 0.7637
vn -0.7637 0.1548 0.6267
vn -0.8713 0.1548 0.4657
vn -0.9454 0.1548 0.2868
vn -0.9832 0.1548 0.0968
vn -0.9832 0.1548 -0.0968
vn -0.9454 0.1548 -0.2868
vn -0.8713 0.1548 -0.4657
vn -0.7637 0.1548 -0.6267
vn -0.6267 0.1548 -0.7637
vn -0.4657 0.1548 -0.8713
vn -0.0000 -1.0000 -0.0000
vn -0.2868 0.1548 -0.9454
vn -0.0968 0.1548 -0.9832
vt 0.250000 0.490000
vt 0.250000 0.250000
vt 0.296822 0.485388
vt 0.341844 0.471731
vt 0.383337 0.449553
vt 0.419706 0.419706
vt 0.449553 0.383337
vt 0.471731 0.341844
vt 0.485388 0.296822
vt 0.490000 0.250000
vt 0.485388 0.203178
vt 0.471731 0.158156
vt 0.449553 0.116663
vt 0.419706 0.080294
vt 0.383337 0.050447
vt 0.341844 0.028269
vt 0.296822 0.014612
vt 0.250000 0.010000
vt 0.203178 0.014612
vt 0.158156 0.028269
vt 0.116663 0.050447
vt 0.080294 0.080294
vt 0.050447 0.116663
vt 0.028269 0.158156
vt 0.014612 0.203178
vt 0.010000 0.250000
vt 0.014612 0.296822
vt 0.028269 0.341844
vt 0.050447 0.383337
vt 0.080294 0.419706
vt 0.116663 0.449553
vt 0.158156 0.471731
vt 0.750000 0.490000
vt 0.796822 0.485388
vt 0.841844 0.471731
vt 0.883337 0.449553
vt 0.919706 0.419706
vt 0.949553 0.383337
vt 0.971731 0.341844
vt 0.985388 0.296822
vt 0.990000 0.250000
vt 0.985388 0.203178
vt 0.971731 0.158156
vt 0.949553 0.116663
vt 0.919706 0.080294
vt 0.883337 0.050447
vt 0.841844 0.028269
vt 0.796822 0.014612
vt 0.750000 0.010000
vt 0.703178 0.014612
vt 0.658156 0.028269
vt 0.616663 0.050447
vt 0.580294 0.080294
vt 0.550447 0.116663
vt 0.528269 0.158156
vt 0.514612 0.203178
vt 0.510000 0.250000
vt 0.514612 0.296822
vt 0.528269 0.341844
vt 0.550447 0.383337
vt 0.580294 0.419706
vt 0.616663 0.449553
vt 0.658156 0.471731
vt 0.703178 0.485388
vt 0.203178 0.485388
s 0
usemtl Material.001
f 5810/9382/2103 5842/9383/2103 5811/9384/2103
f 5811/9384/2104 5842/9383/2104 5812/9385/2104
f 5812/9385/2105 5842/9383/2105 5813/9386/2105
f 5813/9386/2106 5842/9383/2106 5814/9387/2106
f 5814/9387/2107 5842/9383/2107 5815/9388/2107
f 5815/9388/2108 5842/9383/2108 5816/9389/2108
f 5816/9389/2109 5842/9383/2109 5817/9390/2109
f 5817/9390/2110 5842/9383/2110 5818/9391/2110
f 5818/9391/2111 5842/9383/2111 5819/9392/2111
f 5819/9392/2112 5842/9383/2112 5820/9393/2112
f 5820/9393/2113 5842/9383/2113 5821/9394/2113
f 5821/9394/2114 5842/9383/2114 5822/9395/2114
f 5822/9395/2115 5842/9383/2115 5823/9396/2115
f 5823/9396/2116 5842/9383/2116 5824/9397/2116
f 5824/9397/2117 5842/9383/2117 5825/9398/2117
f 5825/9398/2118 5842/9383/2118 5826/9399/2118
f 5826/9399/2119 5842/9383/2119 5827/9400/2119
f 5827/9400/2120 5842/9383/2120 5828/9401/2120
f 5828/9401/2121 5842/9383/2121 5829/9402/2121
f 5829/9402/2122 5842/9383/2122 5830/9403/2122
f 5830/9403/2123 5842/9383/2123 5831/9404/2123
f 5831/9404/2124 5842/9383/2124 5832/9405/2124
f 5832/9405/2125 5842/9383/2125 5833/9406/2125
f 5833/9406/2126 5842/9383/2126 5834/9407/2126
f 5834/9407/2127 5842/9383/2127 5835/9408/2127
f 5835/9408/2128 5842/9383/2128 5836/9409/2128
f 5836/9409/2129 5842/9383/2129 5837/9410/2129
f 5837/9410/2130 5842/9383/2130 5838/9411/2130
f 5838/9411/2131 5842/9383/2131 5839/9412/2131
f 5839/9412/2132 5842/9383/2132 5840/9413/2132
f 5810/9414/2133 5811/9415/2133 5812/9416/2133 5813/9417/2133 5814/9418/2133 5815/9419/2133 5816/9420/2133 5817/9421/2133 5818/9422/2133 5819/9423/2133 5820/9424/2133 5821/9425/2133 5822/9426/2133 5823/9427/2133 5824/9428/2133 5825/9429/2133 5826/9430/2133 5827/9431/2133 5828/9432/2133 5829/9433/2133 5830/9434/2133 5831/9435/2133 5832/9436/2133 5833/9437/2133 5834/9438/2133 5835/9439/2133 5836/9440/2133 5837/9441/2133 5838/9442/2133 5839/9443/2133 5840/9444/2133 5841/9445/2133
f 5840/9413/2134 5842/9383/2134 5841/9446/2134
f 5841/9446/2135 5842/9383/2135 5810/9382/2135
o Cube.002
v -8.041248 5.911733 -19.992916
v -8.041248 7.911733 -19.992916
v -8.196545 5.911733 -20.175108
v -8.196545 7.911733 -20.175108
v -4.924238 5.911733 -22.649799
v -4.924238 7.911733 -22.649799
v -5.079535 5.911733 -22.831991
v -5.079535 7.911733 -22.831991
vn -0.7610 -0.0000 0.6487
vn -0.6487 -0.0000 -0.7610
vn 0.7610 -0.0000 -0.6487
vn 0.6487 -0.0000 0.7610
vn -0.0000 -1.0000 -0.0000
vn -0.0000 1.0000 -0.0000
vt 0.375000 0.000000
vt 0.625000 0.000000
vt 0.625000 0.250000
vt 0.375000 0.250000
vt 0.625000 0.500000
vt 0.375000 0.500000
vt 0.625000 0.750000
vt 0.375000 0.750000
vt 0.625000 1.000000
vt 0.375000 1.000000
vt 0.125000 0.500000
vt 0.125000 0.750000
vt 0.875000 0.500000
vt 0.875000 0.750000
s 1
usemtl Material.005
f 5843/9447/2136 5844/9448/2136 5846/9449/2136 5845/9450/2136
f 5845/9450/2137 5846/9449/2137 5850/9451/2137 5849/9452/2137
f 5849/9452/2138 5850/9451/2138 5848/9453/2138 5847/9454/2138
f 5847/9454/2139 5848/9453/2139 5844/9455/2139 5843/9456/2139
f 5845/9457/2140 5849/9452/2140 5847/9454/2140 5843/9458/2140
f 5850/9451/2141 5846/9459/2141 5844/9460/2141 5848/9453/2141
o Cube.003
v -7.891091 5.984168 -20.045422
v -7.891091 7.839298 -20.045422
v -8.035138 5.984168 -20.214417
v -8.035138 7.839298 -20.214417
v -4.999862 5.984168 -22.509853
v -4.999862 7.839298 -22.509853
v -5.143909 5.984168 -22.678846
v -5.143909 7.839298 -22.678848
vn -0.7610 -0.0000 0.6487
vn -0.6487 -0.0000 -0.7610
vn 0.7610 -0.0000 -0.6487
vn 0.6487 -0.0000 0.7610
vn -0.0000 -1.0000 -0.0000
vn -0.0000 1.0000 -0.0000
vt 0.375000 0.000000
vt 0.625000 0.000000
vt 0.625000 0.250000
vt 0.375000 0.250000
vt 0.625000 0.500000
vt 0.375000 0.500000
vt 0.625000 0.750000
vt 0.375000 0.750000
vt 0.625000 1.000000
vt 0.375000 1.000000
vt 0.125000 0.500000
vt 0.125000 0.750000
vt 0.875000 0.500000
vt 0.875000 0.750000
s 1
usemtl Material.006
f 5851/9461/2142 5852/9462/2142 5854/9463/2142 5853/9464/2142
f 5853/9464/2143 5854/9463/2143 5858/9465/2143 5857/9466/2143
f 5857/9466/2144 5858/9465/2144 5856/9467/2144 5855/9468/2144
f 5855/9468/2145 5856/9467/2145 5852/9469/2145 5851/9470/2145
f 5853/9471/2146 5857/9466/2146 5855/9468/2146 5851/9472/2146
f 5858/9465/2147 5854/9473/2147 5852/9474/2147 5856/9467/2147
o Cube.004
v -6.798021 5.649678 -21.184664
v -6.798021 5.970615 -21.184664
v -6.822942 5.649678 -21.213900
v -6.822942 5.970615 -21.213900
v -6.297841 5.649678 -21.611008
v -6.297841 5.970615 -21.611008
v -6.322761 5.649678 -21.640244
v -6.322761 5.970615 -21.640244
vn -0.7610 -0.0000 0.6487
vn -0.6487 -0.0000 -0.7610
vn 0.7610 -0.0000 -0.6487
vn 0.6487 -0.0000 0.7610
vn -0.0000 -1.0000 -0.0000
vn -0.0000 1.0000 -0.0000
vt 0.375000 0.000000
vt 0.625000 0.000000
vt 0.625000 0.250000
vt 0.375000 0.250000
vt 0.625000 0.500000
vt 0.375000 0.500000
vt 0.625000 0.750000
vt 0.375000 0.750000
vt 0.625000 1.000000
vt 0.375000 1.000000
vt 0.125000 0.500000
vt 0.125000 0.750000
vt 0.875000 0.500000
vt 0.875000 0.750000
s 1
usemtl Material.005
f 5859/9475/2148 5860/9476/2148 5862/9477/2148 5861/9478/2148
f 5861/9478/2149 5862/9477/2149 5866/9479/2149 5865/9480/2149
f 5865/9480/2150 5866/9479/2150 5864/9481/2150 5863/9482/2150
f 5863/9482/2151 5864/9481/2151 5860/9483/2151 5859/9484/2151
f 5861/9485/2152 5865/9480/2152 5863/9482/2152 5859/9486/2152
f 5866/9479/2153 5862/9487/2153 5860/9488/2153 5864/9481/2153
